col1,Unnamed:,_RAJ2000_1,_DEJ2000_1,LAMOST_sep,model_prob,H_alfa,umag,gmag,rmag,Hamag,imag,Jmag,Hmag,Kmag,W1mag,W2mag,u-g,u-r,u-i,g-r,g-i,r-Ha,r-i,J-H,J-K,H-K,W1-W2
0,0,87.102499,22.314185,2.0,0.0,0.0,15.47,15.23,14.77,14.6,14.41,13.85,13.66,13.57,13.427,13.389,0.24,0.7,1.06,0.46,0.82,0.17,0.36,0.19,0.28,0.09,0.038
1,1,102.1820219,12.2026156,2.0,0.08,0.0,13.52,12.45,12.34,12.09,12.03,11.68,11.62,11.61,11.552,11.577,1.07,1.18,1.49,0.11,0.42,0.25,0.31,0.06,0.07,0.01,-0.025
2,2,26.667505,57.454694,2.0,0.0,0.0,14.24,14.18,13.97,13.85,13.76,13.48,13.35,13.37,13.123,13.119,0.06,0.27,0.48,0.21,0.42,0.12,0.21,0.13,0.11,-0.02,0.004
3,3,62.60206,53.148968,2.0,0.03,0.0,13.44,12.65,12.28,11.77,11.67,11.11,10.98,10.92,10.849,10.859,0.79,1.16,1.77,0.37,0.98,0.51,0.61,0.13,0.19,0.06,-0.01
6,6,62.0139028,52.9680244,2.0,0.01,0.0,14.2,14.39,12.96,12.77,12.6,12.05,11.84,11.78,11.659,11.676,-0.19,1.24,1.6,1.43,1.79,0.19,0.36,0.21,0.27,0.06,-0.017
8,8,87.213088,22.023062,2.0,0.01,0.0,14.95,15.1,14.58,14.39,14.3,13.9,13.82,13.77,13.622,13.572,-0.15,0.37,0.65,0.52,0.8,0.19,0.28,0.08,0.13,0.05,0.05
10,10,93.885612,23.662258,2.0,0.06,0.0,14.09,14.69,12.65,12.06,11.94,11.38,11.25,11.18,11.094,11.107,-0.6,1.44,2.15,2.04,2.75,0.59,0.71,0.13,0.2,0.07,-0.013
12,12,63.7542,55.8334056,2.0,0.0,0.0,14.34,14.16,13.59,13.39,13.22,12.7,12.62,12.54,12.404,12.437,0.18,0.75,1.12,0.57,0.94,0.2,0.37,0.08,0.16,0.08,-0.033
13,13,62.3034694,52.6163744,2.0,0.0,0.0,13.84,14.85,12.73,12.36,12.24,11.82,11.71,11.69,11.614,11.612,-1.01,1.11,1.6,2.12,2.61,0.37,0.49,0.11,0.13,0.02,0.002
17,17,68.3814214,55.4336192,2.0,0.05,0.0,14.44,13.36,12.54,11.98,11.72,10.79,10.59,10.42,10.322,10.314,1.08,1.9,2.72,0.82,1.64,0.56,0.82,0.2,0.37,0.17,0.008
18,18,87.356399,31.177794,2.0,0.0,0.0,14.45,14.45,14.17,14.07,13.9,13.57,13.47,13.39,13.352,13.367,0.0,0.28,0.55,0.28,0.55,0.1,0.27,0.1,0.18,0.08,-0.015
19,19,93.26622,24.248615,2.0,0.13,0.0,13.95,12.85,12.57,12.26,12.21,11.75,11.69,11.62,11.559,11.581,1.1,1.38,1.74,0.28,0.64,0.31,0.36,0.06,0.13,0.07,-0.022
22,22,348.674884,56.380257,2.0,0.16,0.0,13.68,12.03,12.03,11.64,11.62,11.34,11.35,11.31,11.306,11.338,1.65,1.65,2.06,0.0,0.41,0.39,0.41,-0.01,0.03,0.04,-0.032
33,33,327.005475,47.567911,2.0,0.0,0.0,15.98,15.38,14.29,13.99,13.53,12.56,12.33,12.2,12.028,12.064,0.6,1.69,2.45,1.09,1.85,0.3,0.76,0.23,0.36,0.13,-0.036
34,34,61.590801,54.393031,2.0,0.01,0.0,13.72,13.08,12.57,12.05,11.82,11.21,11.09,10.98,10.902,10.928,0.64,1.15,1.9,0.51,1.26,0.52,0.75,0.12,0.23,0.11,-0.026
35,35,26.732486,57.645867,2.0,0.01,0.0,14.6,15.1,13.9,13.77,13.62,13.19,13.12,13.06,13.006,13.009,-0.5,0.7,0.98,1.2,1.48,0.13,0.28,0.07,0.13,0.06,-0.003
43,43,83.807799,30.449326,2.0,0.0,0.0,15.19,15.34,14.21,13.99,13.72,13.07,12.89,12.76,12.73,12.769,-0.15,0.98,1.47,1.13,1.62,0.22,0.49,0.18,0.31,0.13,-0.039
45,45,87.281327,21.780783,2.0,0.02,0.0,14.24,14.71,13.16,12.93,12.8,12.39,12.32,12.25,12.24,12.276,-0.47,1.08,1.44,1.55,1.91,0.23,0.36,0.07,0.14,0.07,-0.036
48,48,102.7484,11.02936,2.0,0.04,0.0,14.07,14.24,14.06,13.95,14.0,13.75,13.73,13.72,13.726,13.751,-0.17,0.01,0.07,0.18,0.24,0.11,0.06,0.02,0.03,0.01,-0.025
50,50,92.9310369,24.1637125,2.0,0.1,0.0,14.38,14.4,13.73,13.55,13.48,13.05,12.95,12.9,12.865,12.867,-0.02,0.65,0.9,0.67,0.92,0.18,0.25,0.1,0.15,0.05,-0.002
51,51,62.934165,52.989403,2.0,0.19,0.0,14.73,14.54,13.8,13.55,13.43,12.73,12.55,12.43,12.394,12.443,0.19,0.93,1.3,0.74,1.11,0.25,0.37,0.18,0.3,0.12,-0.049
52,52,349.249681,56.978031,2.0,0.12,0.0,13.96,12.92,12.6,12.19,12.09,11.66,11.58,11.55,11.504,11.537,1.04,1.36,1.87,0.32,0.83,0.41,0.51,0.08,0.11,0.03,-0.033
53,53,92.07514,22.443044,2.0,0.73,1.0,15.28,14.73,13.86,13.5,13.21,12.06,11.56,11.35,11.166,11.048,0.55,1.42,2.07,0.87,1.52,0.36,0.65,0.5,0.71,0.21,0.118
54,54,86.933859,20.232323,2.0,0.07,0.0,14.24,13.19,12.78,12.44,12.32,11.98,11.81,11.79,11.715,11.736,1.05,1.46,1.92,0.41,0.87,0.34,0.46,0.17,0.19,0.02,-0.021
55,55,86.7405514,21.0942875,2.0,0.0,0.0,14.03,14.09,13.65,13.44,13.32,12.95,12.81,12.76,12.695,12.734,-0.06,0.38,0.71,0.44,0.77,0.21,0.33,0.14,0.19,0.05,-0.039
56,56,55.221471,49.562266,2.0,0.0,0.0,13.77,13.83,12.79,12.6,12.44,11.94,11.87,11.77,11.646,11.653,-0.06,0.98,1.33,1.04,1.39,0.19,0.35,0.07,0.17,0.1,-0.007
58,58,350.164001,57.375411,2.0,0.08,0.0,13.74,13.17,12.58,12.22,12.08,11.44,11.34,11.22,11.196,11.184,0.57,1.16,1.66,0.59,1.09,0.36,0.5,0.1,0.22,0.12,0.012
61,61,101.8337936,9.8692697,2.0,0.22,0.0,13.78,12.4,12.06,11.56,11.57,11.31,11.23,11.22,11.204,11.234,1.38,1.72,2.21,0.34,0.83,0.5,0.49,0.08,0.09,0.01,-0.03
63,63,62.6371456,53.2695142,2.0,0.01,0.0,14.58,14.31,13.28,13.0,12.75,11.9,11.66,11.58,11.484,11.494,0.27,1.3,1.83,1.03,1.56,0.28,0.53,0.24,0.32,0.08,-0.01
67,67,86.6426753,21.0542803,2.0,0.0,0.0,13.35,14.62,13.12,12.86,12.74,12.4,12.26,12.21,12.196,12.237,-1.27,0.23,0.61,1.5,1.88,0.26,0.38,0.14,0.19,0.05,-0.041
71,71,61.682058,54.396626,2.0,0.0,1.0,13.84,15.02,12.71,12.22,11.95,11.06,10.86,10.72,10.613,10.592,-1.18,1.13,1.89,2.31,3.07,0.49,0.76,0.2,0.34,0.14,0.021
74,74,100.55307,9.502543,2.0,0.09,0.0,20.28,17.36,15.13,14.61,13.79,11.66,10.64,10.33,10.115,10.165,2.92,5.15,6.49,2.23,3.57,0.52,1.34,1.02,1.33,0.31,-0.05
80,80,82.8197117,28.9242879,2.0,0.0,0.0,14.92,15.08,14.53,14.31,14.12,13.62,13.52,13.42,13.388,13.441,-0.16,0.39,0.8,0.55,0.96,0.22,0.41,0.1,0.2,0.1,-0.053
82,82,57.214675,47.881701,2.0,0.02,0.0,13.54,12.79,12.48,11.98,11.87,11.44,11.35,11.31,11.249,11.257,0.75,1.06,1.67,0.31,0.92,0.5,0.61,0.09,0.13,0.04,-0.008
83,83,56.368509,50.057241,2.0,0.84,1.0,14.84,14.83,12.98,12.43,12.29,11.34,10.98,10.64,10.056,9.749,0.01,1.86,2.55,1.85,2.54,0.55,0.69,0.36,0.7,0.34,0.307
84,84,59.058908,52.434199,2.0,0.04,1.0,14.38,15.89,12.68,11.88,11.91,10.9,10.58,10.26,10.04,9.682,-1.51,1.7,2.47,3.21,3.98,0.8,0.77,0.32,0.64,0.32,0.358
85,85,59.503974,50.021637,2.0,0.0,0.0,13.82,13.75,12.88,12.53,12.28,11.66,11.46,11.41,11.32,11.354,0.07,0.94,1.54,0.87,1.47,0.35,0.6,0.2,0.25,0.05,-0.034
86,86,58.678951,49.927044,2.0,0.01,0.0,14.24,14.04,13.4,12.77,12.55,11.85,11.68,11.56,11.5,11.503,0.2,0.84,1.69,0.64,1.49,0.63,0.85,0.17,0.29,0.12,-0.003
87,87,57.662033,48.474407,2.0,0.01,0.0,14.04,15.09,12.66,12.43,12.23,11.6,11.44,11.35,11.286,11.295,-1.05,1.38,1.81,2.43,2.86,0.23,0.43,0.16,0.25,0.09,-0.009
88,88,59.833879,50.938922,2.0,0.49,0.0,14.77,14.1,13.05,12.61,12.43,11.53,11.33,11.17,11.078,11.071,0.67,1.72,2.34,1.05,1.67,0.44,0.62,0.2,0.36,0.16,0.007
89,89,79.993647,28.957057,2.0,0.0,0.0,14.28,14.53,14.16,13.98,13.86,13.53,13.45,13.38,13.282,13.344,-0.25,0.12,0.42,0.37,0.67,0.18,0.3,0.08,0.15,0.07,-0.062
97,97,61.496875,51.466238,2.0,0.0,0.0,13.91,13.99,12.91,12.53,12.23,11.11,10.83,10.71,10.657,10.66,-0.08,1.0,1.68,1.08,1.76,0.38,0.68,0.28,0.4,0.12,-0.003
98,98,59.558931,52.173432,2.0,0.38,1.0,14.15,14.86,12.91,11.97,11.78,10.89,10.8,10.65,10.573,10.584,-0.71,1.24,2.37,1.95,3.08,0.94,1.13,0.09,0.24,0.15,-0.011
99,99,58.848878,51.611937,2.0,0.0,0.0,15.57,15.9,13.83,13.55,13.21,12.29,12.03,11.96,11.798,11.782,-0.33,1.74,2.36,2.07,2.69,0.28,0.62,0.26,0.33,0.07,0.016
101,101,82.132272,27.19626,2.0,0.96,1.0,15.6,15.65,15.04,14.55,14.59,13.87,13.65,13.41,13.154,12.902,-0.05,0.56,1.01,0.61,1.06,0.49,0.45,0.22,0.46,0.24,0.252
102,102,82.904406,27.454808,2.0,0.0,0.0,15.33,14.92,13.93,13.63,13.28,12.35,12.06,11.93,11.846,11.846,0.41,1.4,2.05,0.99,1.64,0.3,0.65,0.29,0.42,0.13,0.0
104,104,97.036163,1.3953582,2.0,1.0,1.0,14.44,14.52,13.78,13.13,13.34,12.49,12.21,11.92,12.282,12.056,-0.08,0.66,1.1,0.74,1.18,0.65,0.44,0.28,0.57,0.29,0.226
105,105,86.421274,30.383496,2.0,0.0,0.0,15.24,14.93,14.2,13.94,13.69,12.87,12.67,12.55,12.442,12.491,0.31,1.04,1.55,0.73,1.24,0.26,0.51,0.2,0.32,0.12,-0.049
106,106,86.792274,31.639685,2.0,0.0,0.0,14.69,15.03,14.14,14.03,13.86,13.47,13.35,13.32,13.253,13.28,-0.34,0.55,0.83,0.89,1.17,0.11,0.28,0.12,0.15,0.03,-0.027
107,107,83.80458,29.986758,2.0,0.37,1.0,15.73,15.34,14.21,13.64,13.41,12.54,12.24,12.1,11.31,10.993,0.39,1.52,2.32,1.13,1.93,0.57,0.8,0.3,0.44,0.14,0.317
108,108,84.941878,30.481075,2.0,0.0,1.0,15.35,15.08,14.03,13.72,13.31,12.24,11.9,11.63,11.616,11.537,0.27,1.32,2.04,1.05,1.77,0.31,0.72,0.34,0.61,0.27,0.079
109,109,87.207491,20.000283,2.0,0.0,0.0,13.44,13.82,13.17,12.95,12.82,12.46,12.38,12.35,12.384,12.43,-0.38,0.27,0.62,0.65,1.0,0.22,0.35,0.08,0.11,0.03,-0.046
112,112,88.470081,22.429046,2.0,1.0,1.0,14.77,14.9,13.52,12.83,12.96,12.01,11.72,11.39,11.247,10.869,-0.13,1.25,1.81,1.38,1.94,0.69,0.56,0.29,0.62,0.33,0.378
114,114,87.392464,20.145306,2.0,0.02,0.0,13.67,12.67,12.55,11.87,11.73,11.26,11.18,11.1,11.074,11.108,1.0,1.12,1.94,0.12,0.94,0.68,0.82,0.08,0.16,0.08,-0.034
118,118,88.236244,23.152603,2.0,0.16,1.0,11.48,10.87,12.73,11.16,11.21,9.71,9.61,9.52,9.257,9.12,0.61,-1.25,0.27,-1.86,-0.34,1.57,1.52,0.1,0.19,0.09,0.137
125,125,90.096597,23.184375,2.0,0.22,1.0,14.95,15.47,13.24,12.4,12.37,11.36,10.9,10.49,9.724,9.334,-0.52,1.71,2.58,2.23,3.1,0.84,0.87,0.46,0.87,0.41,0.39
128,128,90.142075,23.592352,2.0,0.1,0.0,13.83,12.99,12.52,12.09,11.99,11.62,11.58,11.49,11.484,11.511,0.84,1.31,1.84,0.47,1.0,0.43,0.53,0.04,0.13,0.09,-0.027
130,130,87.517189,30.212591,2.0,0.01,0.0,13.43,16.55,13.02,12.84,12.79,12.42,12.35,12.31,12.248,12.29,-3.12,0.41,0.64,3.53,3.76,0.18,0.23,0.07,0.11,0.04,-0.042
131,131,87.496543,30.562951,2.0,0.0,0.0,13.9,15.59,13.58,13.4,13.27,12.93,12.85,12.83,12.484,12.465,-1.69,0.32,0.63,2.01,2.32,0.18,0.31,0.08,0.1,0.02,0.019
132,132,86.820653,28.779499,2.0,0.0,0.0,14.47,14.36,13.44,13.2,12.93,12.11,11.88,11.77,11.73,11.72,0.11,1.03,1.54,0.92,1.43,0.24,0.51,0.23,0.34,0.11,0.01
142,142,91.06154,24.067343,2.0,0.12,1.0,14.42,14.94,13.58,13.14,13.09,12.91,12.76,12.65,11.549,11.304,-0.52,0.84,1.33,1.36,1.85,0.44,0.49,0.15,0.26,0.11,0.245
144,144,91.400495,24.174836,2.0,0.2,0.0,13.99,13.81,12.95,12.76,12.72,12.4,12.35,12.3,12.274,12.3,0.18,1.04,1.27,0.86,1.09,0.19,0.23,0.05,0.1,0.05,-0.026
152,152,92.918508,23.819286,2.0,0.07,0.0,12.6,12.09,12.18,11.72,11.74,11.31,11.28,11.22,11.118,11.136,0.51,0.42,0.86,-0.09,0.35,0.46,0.44,0.03,0.09,0.06,-0.018
153,153,92.968107,23.729066,2.0,0.44,1.0,13.38,12.59,12.1,11.45,11.59,11.29,11.23,11.15,11.191,11.172,0.79,1.28,1.79,0.49,1.0,0.65,0.51,0.06,0.14,0.08,0.019
154,154,92.798468,23.590042,2.0,0.65,0.0,13.47,13.41,12.72,12.5,12.51,12.04,11.99,11.92,11.858,11.902,0.06,0.75,0.96,0.69,0.9,0.22,0.21,0.05,0.12,0.07,-0.044
156,156,64.154519,53.478125,2.0,0.01,0.0,14.2,13.99,13.04,12.66,12.44,11.67,11.51,11.32,11.27,11.268,0.21,1.16,1.76,0.95,1.55,0.38,0.6,0.16,0.35,0.19,0.002
158,158,62.865929,53.370102,2.0,0.05,0.0,13.78,13.71,12.79,12.4,12.22,11.58,11.39,11.34,11.274,11.306,0.07,0.99,1.56,0.92,1.49,0.39,0.57,0.19,0.24,0.05,-0.032
159,159,63.794523,52.506325,2.0,0.01,0.0,14.5,15.15,13.46,13.2,13.04,12.39,12.22,12.08,12.01,11.989,-0.65,1.04,1.46,1.69,2.11,0.26,0.42,0.17,0.31,0.14,0.021
160,160,63.40378,52.742943,2.0,1.0,1.0,14.12,13.27,12.35,11.51,11.87,11.0,10.71,10.41,10.146,9.853,0.85,1.77,2.25,0.92,1.4,0.84,0.48,0.29,0.59,0.3,0.293
161,161,63.085503,54.472062,2.0,0.01,0.0,14.9,16.26,13.03,12.72,12.42,11.54,11.35,11.23,10.93,10.958,-1.36,1.87,2.48,3.23,3.84,0.31,0.61,0.19,0.31,0.12,-0.028
162,162,65.407752,54.619698,2.0,0.01,0.0,15.92,15.76,13.95,13.68,13.34,12.34,12.12,11.98,11.813,11.814,0.16,1.97,2.58,1.81,2.42,0.27,0.61,0.22,0.36,0.14,-0.001
163,163,66.012181,54.397028,2.0,0.99,1.0,14.2,13.87,12.8,12.31,12.32,11.54,11.34,11.13,10.558,10.279,0.33,1.4,1.88,1.07,1.55,0.49,0.48,0.2,0.41,0.21,0.279
165,165,61.956403,53.460651,2.0,0.01,0.0,13.62,14.88,12.35,11.64,11.56,10.91,10.78,10.68,10.612,10.622,-1.26,1.27,2.06,2.53,3.32,0.71,0.79,0.13,0.23,0.1,-0.01
166,166,62.570758,54.165914,2.0,0.0,0.0,15.28,14.83,13.67,13.36,13.02,12.03,11.78,11.66,11.597,11.582,0.45,1.61,2.26,1.16,1.81,0.31,0.65,0.25,0.37,0.12,0.015
167,167,63.230508,54.437425,2.0,0.0,0.0,15.46,15.28,13.68,13.36,13.03,12.14,11.89,11.78,11.684,11.712,0.18,1.78,2.43,1.6,2.25,0.32,0.65,0.25,0.36,0.11,-0.028
169,169,63.247689,52.777422,2.0,0.05,0.0,13.55,13.63,12.92,12.67,12.54,11.9,11.75,11.67,11.619,11.631,-0.08,0.63,1.01,0.71,1.09,0.25,0.38,0.15,0.23,0.08,-0.012
170,170,62.945788,53.990082,2.0,0.16,1.0,14.44,14.58,12.98,12.58,12.41,11.51,11.24,11.07,11.017,10.915,-0.14,1.46,2.03,1.6,2.17,0.4,0.57,0.27,0.44,0.17,0.102
173,173,89.489666,21.15088,2.0,0.0,0.0,17.31,16.75,15.67,15.35,14.85,13.7,13.38,13.22,13.079,13.019,0.56,1.64,2.46,1.08,1.9,0.32,0.82,0.32,0.48,0.16,0.06
174,174,90.118083,22.939422,2.0,0.39,1.0,16.62,15.96,14.49,13.78,13.43,12.4,12.0,11.8,10.575,10.337,0.66,2.13,3.19,1.47,2.53,0.71,1.06,0.4,0.6,0.2,0.238
179,179,90.709624,23.995056,2.0,0.56,1.0,16.82,16.17,14.94,14.37,14.12,12.92,12.6,12.25,11.959,11.692,0.65,1.88,2.7,1.23,2.05,0.57,0.82,0.32,0.67,0.35,0.267
187,187,92.979381,23.618679,2.0,0.1,0.0,14.39,14.62,14.18,13.99,13.96,13.5,13.39,13.34,13.081,13.102,-0.23,0.21,0.43,0.44,0.66,0.19,0.22,0.11,0.16,0.05,-0.021
188,188,86.947459,22.370116,2.0,0.01,0.0,14.02,15.85,13.32,13.09,12.94,12.36,12.26,12.16,12.132,12.152,-1.83,0.7,1.08,2.53,2.91,0.23,0.38,0.1,0.2,0.1,-0.02
189,189,95.124137,24.063979,2.0,0.0,0.0,15.12,15.06,14.41,14.19,13.93,13.36,13.24,13.16,12.977,12.969,0.06,0.71,1.19,0.65,1.13,0.22,0.48,0.12,0.2,0.08,0.008
192,192,88.577333,22.903944,2.0,0.99,1.0,16.67,16.25,15.19,14.64,14.48,13.19,12.77,12.48,12.278,12.007,0.42,1.48,2.19,1.06,1.77,0.55,0.71,0.42,0.71,0.29,0.271
194,194,90.651616,22.152237,2.0,0.0,0.0,15.09,14.96,14.4,14.25,14.0,13.24,13.1,12.98,12.852,12.844,0.13,0.69,1.09,0.56,0.96,0.15,0.4,0.14,0.26,0.12,0.008
197,197,87.728053,30.591138,2.0,0.05,0.0,13.88,13.78,13.04,12.85,12.74,12.28,12.17,12.1,12.088,12.12,0.1,0.84,1.14,0.74,1.04,0.19,0.3,0.11,0.18,0.07,-0.032
202,202,322.9148033,50.8777567,2.0,0.0,0.0,17.51,16.75,14.95,14.5,13.83,12.12,11.62,11.37,11.133,11.119,0.76,2.56,3.68,1.8,2.92,0.45,1.12,0.5,0.75,0.25,0.014
206,206,307.784176,40.969137,2.0,0.0,1.0,17.33,16.11,14.25,13.84,13.12,11.26,10.71,10.43,10.133,10.077,1.22,3.08,4.21,1.86,2.99,0.41,1.13,0.55,0.83,0.28,0.056
212,212,102.798518,-0.304842,2.0,0.8,0.0,13.76,14.0,13.17,12.81,12.79,12.3,12.18,12.13,11.958,11.925,-0.24,0.59,0.97,0.83,1.21,0.36,0.38,0.12,0.17,0.05,0.033
213,213,80.474395,28.701012,2.0,0.0,0.0,15.57,15.45,14.13,13.92,13.74,13.11,12.95,12.86,12.812,12.787,0.12,1.44,1.83,1.32,1.71,0.21,0.39,0.16,0.25,0.09,0.025
214,214,83.516703,29.833694,2.0,0.0,0.0,15.11,15.0,14.14,13.88,13.54,12.81,12.59,12.47,12.373,12.382,0.11,0.97,1.57,0.86,1.46,0.26,0.6,0.22,0.34,0.12,-0.009
217,217,308.74326,41.4265669,2.0,0.0,0.0,16.33,15.42,13.67,13.29,12.64,11.04,10.67,10.45,10.301,10.281,0.91,2.66,3.69,1.75,2.78,0.38,1.03,0.37,0.59,0.22,0.02
221,221,307.8161506,45.4200264,2.0,0.35,1.0,13.3,15.09,12.91,11.76,11.81,10.49,10.24,10.01,9.643,9.408,-1.79,0.39,1.49,2.18,3.28,1.15,1.1,0.25,0.48,0.23,0.235
222,222,310.898677,45.051976,2.0,0.0,0.0,14.93,14.7,13.66,13.35,12.97,11.87,11.53,11.43,11.297,11.359,0.23,1.27,1.96,1.04,1.73,0.31,0.69,0.34,0.44,0.1,-0.062
228,228,102.02805,0.891804,2.0,0.0,1.0,17.09,16.45,15.44,15.15,14.72,13.61,13.34,13.18,12.989,13.011,0.64,1.65,2.37,1.01,1.73,0.29,0.72,0.27,0.43,0.16,-0.022
234,234,85.497626,21.153682,2.0,0.0,0.0,16.53,16.23,15.38,15.14,14.8,14.17,13.92,13.87,13.728,13.809,0.3,1.15,1.73,0.85,1.43,0.24,0.58,0.25,0.3,0.05,-0.081
235,235,87.288246,21.300941,2.0,0.0,0.0,14.73,14.77,14.33,14.16,14.05,13.7,13.56,13.5,13.471,13.487,-0.04,0.4,0.68,0.44,0.72,0.17,0.28,0.14,0.2,0.06,-0.016
236,236,85.4840539,31.5379561,2.0,0.0,0.0,14.66,13.53,12.95,12.86,12.75,12.39,12.33,12.27,12.27,12.221,1.13,1.71,1.91,0.58,0.78,0.09,0.2,0.06,0.12,0.06,0.049
237,237,84.8805519,30.3626353,2.0,0.01,0.0,14.28,16.02,12.7,12.47,12.17,11.43,11.2,11.08,10.982,10.98,-1.74,1.58,2.11,3.32,3.85,0.23,0.53,0.23,0.35,0.12,0.002
239,239,346.600634,57.709463,2.0,0.21,0.0,13.83,14.09,13.03,12.64,12.49,11.88,11.72,11.62,11.554,11.539,-0.26,0.8,1.34,1.06,1.6,0.39,0.54,0.16,0.26,0.1,0.015
240,240,344.619582,59.033038,2.0,0.18,0.0,13.66,13.1,12.46,11.89,11.83,11.13,10.98,10.89,10.853,10.883,0.56,1.2,1.83,0.64,1.27,0.57,0.63,0.15,0.24,0.09,-0.03
241,241,345.92885,59.365698,2.0,0.05,1.0,13.1,12.36,12.38,11.72,11.73,11.45,11.37,11.35,11.216,11.153,0.74,0.72,1.37,-0.02,0.63,0.66,0.65,0.08,0.1,0.02,0.063
243,243,347.212451,58.838644,2.0,0.27,1.0,13.63,13.55,13.01,12.72,12.69,12.23,12.13,12.04,12.021,12.05,0.08,0.62,0.94,0.54,0.86,0.29,0.32,0.1,0.19,0.09,-0.029
245,245,87.731648,22.326887,2.0,0.94,1.0,16.16,16.05,15.29,14.87,14.83,14.13,13.76,13.53,13.476,13.34,0.11,0.87,1.33,0.76,1.22,0.42,0.46,0.37,0.6,0.23,0.136
246,246,89.534922,21.638736,2.0,0.0,0.0,15.83,15.24,14.15,13.86,13.43,12.29,12.03,11.87,11.739,11.709,0.59,1.68,2.4,1.09,1.81,0.29,0.72,0.26,0.42,0.16,0.03
248,248,89.938822,21.720676,2.0,0.14,0.0,18.05,16.05,14.27,13.84,13.26,11.53,10.74,10.46,10.299,10.369,2.0,3.78,4.79,1.78,2.79,0.43,1.01,0.79,1.07,0.28,-0.07
250,250,90.577873,22.921072,2.0,0.0,0.0,15.8,15.55,14.54,14.27,13.9,12.99,12.68,12.59,12.496,12.476,0.25,1.26,1.9,1.01,1.65,0.27,0.64,0.31,0.4,0.09,0.02
251,251,63.4037767,52.7429414,2.0,1.0,1.0,14.12,13.27,12.35,11.51,11.87,11.0,10.71,10.41,10.146,9.853,0.85,1.77,2.25,0.92,1.4,0.84,0.48,0.29,0.59,0.3,0.293
252,252,63.0855808,54.4720278,2.0,0.01,0.0,14.9,16.26,13.03,12.72,12.42,11.54,11.35,11.23,10.93,10.958,-1.36,1.87,2.48,3.23,3.84,0.31,0.61,0.19,0.31,0.12,-0.028
253,253,62.865662,54.628332,2.0,0.03,0.0,15.1,15.15,13.26,12.94,12.66,11.78,11.57,11.42,11.383,11.4,-0.05,1.84,2.44,1.89,2.49,0.32,0.6,0.21,0.36,0.15,-0.017
254,254,62.145937,53.596573,2.0,0.0,0.0,13.84,14.78,12.91,12.64,12.46,11.82,11.65,11.58,11.489,11.516,-0.94,0.93,1.38,1.87,2.32,0.27,0.45,0.17,0.24,0.07,-0.027
255,255,61.956436,53.460651,2.0,0.01,0.0,13.62,14.88,12.35,11.64,11.56,10.91,10.78,10.68,10.612,10.622,-1.26,1.27,2.06,2.53,3.32,0.71,0.79,0.13,0.23,0.1,-0.01
256,256,62.52501,54.096683,2.0,0.01,0.0,15.4,16.04,13.53,13.23,12.97,12.15,11.96,11.81,11.734,11.739,-0.64,1.87,2.43,2.51,3.07,0.3,0.56,0.19,0.34,0.15,-0.005
257,257,65.4828697,54.32437,2.0,0.04,0.0,14.31,14.19,13.1,12.81,12.59,11.72,11.48,11.39,11.367,11.352,0.12,1.21,1.72,1.09,1.6,0.29,0.51,0.24,0.33,0.09,0.015
258,258,63.3116411,53.0755397,2.0,0.21,0.0,13.08,13.06,12.52,12.1,12.07,11.61,11.53,11.47,11.451,11.519,0.02,0.56,1.01,0.54,0.99,0.42,0.45,0.08,0.14,0.06,-0.068
259,259,65.4641181,53.3730767,2.0,0.0,0.0,14.25,15.57,13.32,12.98,12.78,12.12,11.91,11.83,11.749,11.751,-1.32,0.93,1.47,2.25,2.79,0.34,0.54,0.21,0.29,0.08,-0.002
260,260,65.2904231,53.6299114,2.0,0.0,0.0,14.62,14.55,13.86,13.63,13.37,12.75,12.55,12.44,12.377,12.391,0.07,0.76,1.25,0.69,1.18,0.23,0.49,0.2,0.31,0.11,-0.014
261,261,65.3810728,56.283725,2.0,0.17,0.0,13.92,12.5,12.08,11.62,11.51,11.0,10.9,10.84,10.808,10.833,1.42,1.84,2.41,0.42,0.99,0.46,0.57,0.1,0.16,0.06,-0.025
262,262,65.735743,56.149379,2.0,0.01,0.0,15.28,15.62,13.66,13.43,13.26,12.61,12.5,12.44,12.419,12.445,-0.34,1.62,2.02,1.96,2.36,0.23,0.4,0.11,0.17,0.06,-0.026
263,263,65.121417,55.817222,2.0,0.07,1.0,13.18,12.92,12.27,11.77,11.67,11.06,10.9,10.82,10.727,10.676,0.26,0.91,1.51,0.65,1.25,0.5,0.6,0.16,0.24,0.08,0.051
264,264,66.0307458,55.7154056,2.0,0.0,0.0,14.64,14.05,13.19,12.96,12.72,11.96,11.8,11.7,11.639,11.661,0.59,1.45,1.92,0.86,1.33,0.23,0.47,0.16,0.26,0.1,-0.022
265,265,65.8265844,55.9561758,2.0,0.02,0.0,14.2,14.66,13.29,13.03,12.89,12.37,12.26,12.22,12.151,12.193,-0.46,0.91,1.31,1.37,1.77,0.26,0.4,0.11,0.15,0.04,-0.042
266,266,66.069988,55.963487,2.0,0.02,1.0,13.58,13.47,12.64,12.33,12.17,11.67,11.55,11.49,11.481,11.491,0.11,0.94,1.41,0.83,1.3,0.31,0.47,0.12,0.18,0.06,-0.01
267,267,64.999817,55.300675,2.0,0.0,0.0,14.95,14.46,12.52,12.1,11.57,10.35,10.0,9.84,9.72,9.677,0.49,2.43,3.38,1.94,2.89,0.42,0.95,0.35,0.51,0.16,0.043
268,268,66.6037,54.3619444,2.0,0.0,0.0,14.47,14.2,12.99,12.73,12.43,11.63,11.38,11.22,11.128,11.096,0.27,1.48,2.04,1.21,1.77,0.26,0.56,0.25,0.41,0.16,0.032
271,271,55.0748733,49.3589739,2.0,0.66,1.0,13.65,12.97,12.91,12.62,12.63,12.27,12.01,11.91,11.738,11.65,0.68,0.74,1.02,0.06,0.34,0.29,0.28,0.26,0.36,0.1,0.088
272,272,59.3023628,50.1102214,2.0,0.2,0.0,13.6,12.79,12.74,11.71,11.65,10.75,10.62,10.58,10.526,10.526,0.81,0.86,1.95,0.05,1.14,1.03,1.09,0.13,0.17,0.04,0.0
273,273,59.558968,52.173405,2.0,0.05,1.0,13.64,12.76,12.91,11.97,11.78,10.89,10.8,10.65,10.573,10.584,0.88,0.73,1.86,-0.15,0.98,0.94,1.13,0.09,0.24,0.15,-0.011
281,281,100.9836472,0.1551842,2.0,0.06,0.0,13.17,11.53,12.71,12.55,12.45,12.18,12.1,12.07,12.077,12.144,1.64,0.46,0.72,-1.18,-0.92,0.16,0.26,0.08,0.11,0.03,-0.067
283,283,348.1307908,55.2565997,2.0,0.05,0.0,12.11,12.36,12.05,11.74,11.76,11.72,11.63,11.65,11.586,11.667,-0.25,0.06,0.35,0.31,0.6,0.31,0.29,0.09,0.07,-0.02,-0.081
286,286,55.2252997,49.8490241,2.0,0.01,0.0,13.16,14.83,12.33,12.12,12.07,11.74,11.64,11.65,11.589,11.605,-1.67,0.83,1.09,2.5,2.76,0.21,0.26,0.1,0.09,-0.01,-0.016
288,288,90.21028,22.4086386,2.0,0.0,0.0,15.39,14.8,13.61,13.27,12.75,11.54,11.19,11.04,10.908,10.892,0.59,1.78,2.64,1.19,2.05,0.34,0.86,0.35,0.5,0.15,0.016
291,291,90.0966072,23.1843864,2.0,0.22,1.0,14.95,15.47,13.24,12.4,12.37,11.36,10.9,10.49,9.724,9.334,-0.52,1.71,2.58,2.23,3.1,0.84,0.87,0.46,0.87,0.41,0.39
292,292,91.0615217,24.0673467,2.0,0.12,1.0,14.42,14.94,13.58,13.14,13.09,12.91,12.76,12.65,11.549,11.304,-0.52,0.84,1.33,1.36,1.85,0.44,0.49,0.15,0.26,0.11,0.245
294,294,85.6942289,28.9255786,2.0,0.01,0.0,13.99,13.53,12.32,12.06,11.75,10.9,10.66,10.56,10.441,10.44,0.46,1.67,2.24,1.21,1.78,0.26,0.57,0.24,0.34,0.1,0.001
295,296,85.1294078,29.2586447,2.0,0.0,0.0,14.62,14.62,13.82,13.56,13.27,12.46,12.27,12.16,12.024,12.029,0.0,0.8,1.35,0.8,1.35,0.26,0.55,0.19,0.3,0.11,-0.005
297,298,87.728065,30.5911383,2.0,0.05,0.0,13.88,13.78,13.04,12.85,12.74,12.28,12.17,12.1,12.088,12.12,0.1,0.84,1.14,0.74,1.04,0.19,0.3,0.11,0.18,0.07,-0.032
298,299,87.2986408,31.0065097,2.0,0.0,0.0,13.81,15.14,13.16,13.01,12.82,12.41,12.28,12.23,12.158,12.167,-1.33,0.65,0.99,1.98,2.32,0.15,0.34,0.13,0.18,0.05,-0.009
299,300,83.2332147,29.5780119,2.0,0.01,0.0,14.29,13.38,12.37,12.11,11.87,11.05,10.84,10.72,10.607,10.599,0.91,1.92,2.42,1.01,1.51,0.26,0.5,0.21,0.33,0.12,0.008
300,301,85.6310022,30.2957903,2.0,0.01,0.0,14.72,15.13,12.08,11.86,11.73,11.14,11.01,10.92,10.877,10.89,-0.41,2.64,2.99,3.05,3.4,0.22,0.35,0.13,0.22,0.09,-0.013
301,302,85.2374394,30.7696828,2.0,0.01,0.0,14.63,14.1,13.38,13.09,12.87,12.21,12.04,11.93,11.851,11.845,0.53,1.25,1.76,0.72,1.23,0.29,0.51,0.17,0.28,0.11,0.006
302,303,55.4238473,49.3262792,2.0,0.1,0.0,14.21,12.7,11.88,11.7,11.64,11.15,11.05,11.0,10.935,10.942,1.51,2.33,2.57,0.82,1.06,0.18,0.24,0.1,0.15,0.05,-0.007
303,304,56.368536,50.057221,2.0,0.84,1.0,14.84,14.83,12.98,12.43,12.29,11.34,10.98,10.64,10.056,9.749,0.01,1.86,2.55,1.85,2.54,0.55,0.69,0.36,0.7,0.34,0.307
310,311,88.5587058,22.6082542,2.0,0.1,0.0,13.74,13.14,12.73,12.29,12.21,11.75,11.65,11.61,11.579,11.606,0.6,1.01,1.53,0.41,0.93,0.44,0.52,0.1,0.14,0.04,-0.027
313,314,95.984285,6.2352975,2.0,0.05,0.0,13.36,13.12,12.42,12.1,12.02,11.81,11.69,11.54,11.74,11.769,0.24,0.94,1.34,0.7,1.1,0.32,0.4,0.12,0.27,0.15,-0.029
314,315,308.1880639,34.5015142,2.0,0.0,1.0,15.83,15.34,14.05,13.73,13.29,12.08,11.75,11.66,11.541,11.528,0.49,1.78,2.54,1.29,2.05,0.32,0.76,0.33,0.42,0.09,0.013
315,316,309.19739,34.1965017,2.0,1.0,1.0,15.06,14.73,13.83,13.12,13.32,12.54,12.25,12.02,11.639,11.368,0.33,1.23,1.74,0.9,1.41,0.71,0.51,0.29,0.52,0.23,0.271
329,330,91.400521,24.1748543,2.0,0.2,0.0,13.99,13.81,12.95,12.76,12.72,12.4,12.35,12.3,12.274,12.3,0.18,1.04,1.27,0.86,1.09,0.19,0.23,0.05,0.1,0.05,-0.026
332,333,92.9184917,23.8194097,2.0,0.07,0.0,12.6,12.09,12.18,11.72,11.74,11.31,11.28,11.22,11.118,11.136,0.51,0.42,0.86,-0.09,0.35,0.46,0.44,0.03,0.09,0.06,-0.018
343,344,92.5500792,23.5248889,2.0,0.23,0.0,14.88,14.84,14.56,14.42,14.42,13.86,13.75,13.65,13.512,13.621,0.04,0.32,0.46,0.28,0.42,0.14,0.14,0.11,0.21,0.1,-0.109
348,349,63.355208,52.266611,2.0,0.09,0.0,15.33,15.22,14.37,13.95,13.76,12.87,12.6,12.48,12.418,12.446,0.11,0.96,1.57,0.85,1.46,0.42,0.61,0.27,0.39,0.12,-0.028
349,350,92.5612708,23.6281111,2.0,0.14,0.0,14.04,14.32,14.02,13.83,13.83,13.29,13.17,13.1,13.075,13.122,-0.28,0.02,0.21,0.3,0.49,0.19,0.19,0.12,0.19,0.07,-0.047
351,352,306.8893803,41.5866331,2.0,0.0,1.0,16.9,16.07,14.54,14.19,13.55,11.88,11.43,11.2,11.047,11.014,0.83,2.36,3.35,1.53,2.52,0.35,0.99,0.45,0.68,0.23,0.033
353,354,308.6439447,41.9749158,2.0,0.0,0.0,18.34,16.89,14.79,14.33,13.48,11.35,10.78,10.51,9.989,9.581,1.45,3.55,4.86,2.1,3.41,0.46,1.31,0.57,0.84,0.27,0.408
357,358,307.7296158,41.0574222,2.0,0.0,1.0,16.59,15.58,13.87,13.46,12.82,11.03,10.58,10.33,10.174,10.171,1.01,2.72,3.77,1.71,2.76,0.41,1.05,0.45,0.7,0.25,0.003
362,363,308.1972797,41.0134283,2.0,0.0,1.0,18.5,17.19,15.15,14.73,13.94,11.99,11.38,11.1,10.992,10.977,1.31,3.35,4.56,2.04,3.25,0.42,1.21,0.61,0.89,0.28,0.015
366,367,92.5806708,23.7695306,2.0,0.68,1.0,13.6,13.32,12.68,12.5,12.53,12.06,12.01,11.95,11.885,11.903,0.28,0.92,1.07,0.64,0.79,0.18,0.15,0.05,0.11,0.06,-0.018
367,368,90.5604583,22.9387806,2.0,0.05,0.0,13.43,12.86,12.47,12.11,11.99,11.68,11.59,11.58,11.511,11.52,0.57,0.96,1.44,0.39,0.87,0.36,0.48,0.09,0.1,0.01,-0.009
368,369,93.8743346,25.4351889,2.0,0.1,0.0,15.25,14.87,13.97,13.81,13.7,13.19,13.09,13.0,12.797,12.841,0.38,1.28,1.55,0.9,1.17,0.16,0.27,0.1,0.19,0.09,-0.044
375,376,87.2074908,20.0002761,2.0,0.0,0.0,13.44,13.82,13.17,12.95,12.82,12.46,12.38,12.35,12.384,12.43,-0.38,0.27,0.62,0.65,1.0,0.22,0.35,0.08,0.11,0.03,-0.046
376,377,86.9474544,22.3701056,2.0,0.01,0.0,14.02,15.85,13.32,13.09,12.94,12.36,12.26,12.16,12.132,12.152,-1.83,0.7,1.08,2.53,2.91,0.23,0.38,0.1,0.2,0.1,-0.02
378,379,91.4468417,22.13855,2.0,0.19,1.0,13.68,13.23,12.65,12.01,11.92,11.11,10.83,10.71,10.309,10.102,0.45,1.03,1.76,0.58,1.31,0.64,0.73,0.28,0.4,0.12,0.207
382,383,301.6830486,31.783355,2.0,0.06,0.0,13.87,12.77,12.65,12.43,12.34,11.85,11.81,11.72,11.512,11.69,1.1,1.22,1.53,0.12,0.43,0.22,0.31,0.04,0.13,0.09,-0.178
387,388,306.613951,41.797872,2.0,0.0,1.0,17.55,16.52,14.72,14.31,13.57,11.65,11.1,10.81,10.652,10.629,1.03,2.83,3.98,1.8,2.95,0.41,1.15,0.55,0.84,0.29,0.023
391,392,89.586701,22.879454,2.0,0.88,1.0,15.95,15.74,14.61,13.92,13.76,12.47,12.02,11.56,11.158,10.851,0.21,1.34,2.19,1.13,1.98,0.69,0.85,0.45,0.91,0.46,0.307
392,393,308.903828,42.207888,2.0,0.0,0.0,18.04,16.56,14.16,13.64,12.63,10.17,9.45,9.09,8.794,8.537,1.48,3.88,5.41,2.4,3.93,0.52,1.53,0.72,1.08,0.36,0.257
393,394,309.706708,41.423859,2.0,0.0,0.0,18.24,16.87,14.49,14.01,13.0,10.72,10.1,9.79,9.431,9.059,1.37,3.75,5.24,2.38,3.87,0.48,1.49,0.62,0.93,0.31,0.372
394,395,346.162464,59.036368,2.0,0.1,1.0,14.46,15.81,12.52,11.53,11.57,10.17,9.72,9.31,9.29,8.885,-1.35,1.94,2.89,3.29,4.24,0.99,0.95,0.45,0.86,0.41,0.405
395,396,88.723244,22.956026,2.0,0.0,0.0,16.94,16.22,14.88,14.55,13.95,12.71,12.37,12.16,12.016,11.975,0.72,2.06,2.99,1.34,2.27,0.33,0.93,0.34,0.55,0.21,0.041
396,397,87.893094,22.344301,2.0,0.0,0.0,16.05,16.14,15.42,15.21,14.92,14.14,13.95,13.82,13.742,13.751,-0.09,0.63,1.13,0.72,1.22,0.21,0.5,0.19,0.32,0.13,-0.009
397,398,64.4589367,53.4239286,2.0,1.0,1.0,14.41,14.29,13.33,12.54,12.74,11.81,11.48,11.19,10.772,10.439,0.12,1.08,1.67,0.96,1.55,0.79,0.59,0.33,0.62,0.29,0.333
398,399,308.016323,39.820718,2.0,0.0,0.0,18.81,17.45,14.65,14.09,12.88,10.34,9.65,9.29,9.031,8.94,1.36,4.16,5.93,2.8,4.57,0.56,1.77,0.69,1.05,0.36,0.091
399,400,308.558073,39.644065,2.0,0.0,0.0,18.37,17.09,14.41,13.86,12.68,10.12,9.43,9.02,8.809,8.736,1.28,3.96,5.69,2.68,4.41,0.55,1.73,0.69,1.1,0.41,0.073
400,401,307.561618,41.358015,2.0,0.0,0.0,19.13,17.72,15.33,14.83,13.85,11.46,10.76,10.42,10.141,10.073,1.41,3.8,5.28,2.39,3.87,0.5,1.48,0.7,1.04,0.34,0.068
401,402,308.1472356,41.2459394,2.0,0.0,0.0,17.56,16.46,13.81,13.27,12.2,9.78,9.14,8.75,8.366,8.202,1.1,3.75,5.36,2.65,4.26,0.54,1.61,0.64,1.03,0.39,0.164
402,403,308.255134,40.542745,2.0,0.0,0.0,19.45,17.23,14.22,13.63,12.36,9.65,8.91,8.51,8.277,8.197,2.22,5.23,7.09,3.01,4.87,0.59,1.86,0.74,1.14,0.4,0.08
403,404,307.867893,40.549046,2.0,0.0,0.0,18.82,17.44,14.65,14.1,12.95,10.51,9.86,9.51,9.286,9.21,1.38,4.17,5.87,2.79,4.49,0.55,1.7,0.65,1.0,0.35,0.076
404,405,305.334852,41.655735,2.0,0.0,0.0,17.8,16.84,14.42,13.92,12.95,10.6,9.97,9.62,9.38,9.314,0.96,3.38,4.85,2.42,3.89,0.5,1.47,0.63,0.98,0.35,0.066
406,407,306.065207,41.793389,2.0,0.0,0.0,18.31,16.86,14.39,13.88,12.86,10.36,9.66,9.31,9.069,8.979,1.45,3.92,5.45,2.47,4.0,0.51,1.53,0.7,1.05,0.35,0.09
409,410,88.852667,22.910194,2.0,1.0,1.0,16.49,16.13,13.95,13.1,12.93,11.16,10.66,10.32,9.952,9.542,0.36,2.54,3.56,2.18,3.2,0.85,1.02,0.5,0.84,0.34,0.41
410,411,57.209205,48.889387,2.0,0.21,1.0,15.18,14.35,13.07,12.73,12.49,11.63,11.38,11.23,11.102,11.03,0.83,2.11,2.69,1.28,1.86,0.34,0.58,0.25,0.4,0.15,0.072
411,412,60.3368069,51.589007,2.0,0.0,0.0,13.9,13.82,12.74,12.5,12.32,11.76,11.57,11.52,11.461,11.465,0.08,1.16,1.58,1.08,1.5,0.24,0.42,0.19,0.24,0.05,-0.004
418,419,63.478992,53.386174,2.0,0.01,0.0,14.64,16.35,13.23,12.98,12.82,12.2,12.02,11.94,11.754,11.734,-1.71,1.41,1.82,3.12,3.53,0.25,0.41,0.18,0.26,0.08,0.02
424,425,311.4515233,44.6140197,2.0,0.12,1.0,14.85,14.39,13.46,13.06,12.82,11.79,11.53,11.34,11.314,11.269,0.46,1.39,2.03,0.93,1.57,0.4,0.64,0.26,0.45,0.19,0.045
425,426,84.4245411,30.4108967,2.0,0.0,0.0,14.05,13.3,12.55,12.32,12.09,11.4,11.21,11.11,11.026,11.009,0.75,1.5,1.96,0.75,1.21,0.23,0.46,0.19,0.29,0.1,0.017
428,429,57.3475561,48.5579286,2.0,0.0,0.0,14.33,13.66,12.76,12.45,12.21,11.6,11.43,11.38,11.322,11.33,0.67,1.57,2.12,0.9,1.45,0.31,0.55,0.17,0.22,0.05,-0.008
432,433,56.573458,49.782331,2.0,0.01,0.0,15.07,15.29,13.51,13.26,13.0,12.31,12.13,12.03,11.93,11.945,-0.22,1.56,2.07,1.78,2.29,0.25,0.51,0.18,0.28,0.1,-0.015
433,434,94.2455333,25.2571656,2.0,0.98,1.0,14.34,14.64,13.65,13.25,13.33,12.78,12.64,12.49,12.323,12.161,-0.3,0.69,1.01,0.99,1.31,0.4,0.32,0.14,0.29,0.15,0.162
437,438,101.88438,12.030321,2.0,0.33,0.0,13.85,14.15,13.71,13.56,13.58,13.28,13.18,13.11,13.131,13.136,-0.3,0.14,0.27,0.44,0.57,0.15,0.13,0.1,0.17,0.07,-0.005
439,440,102.06487,11.615943,2.0,0.21,0.0,14.67,14.29,13.29,13.16,13.12,12.83,12.81,12.72,12.773,12.811,0.38,1.38,1.55,1.0,1.17,0.13,0.17,0.02,0.11,0.09,-0.038
441,442,307.924164,40.975877,2.0,0.0,1.0,18.15,16.4,14.28,13.86,12.98,10.76,10.18,9.83,9.568,9.493,1.75,3.87,5.17,2.12,3.42,0.42,1.3,0.58,0.93,0.35,0.075
442,443,55.296208,48.991641,2.0,0.0,1.0,14.47,14.61,13.39,13.22,13.1,12.64,12.51,12.46,12.413,12.401,-0.14,1.08,1.37,1.22,1.51,0.17,0.29,0.13,0.18,0.05,0.012
445,446,102.2387,11.475078,2.0,0.09,0.0,14.05,12.75,12.72,12.36,12.32,12.08,12.08,11.99,11.933,11.957,1.3,1.33,1.73,0.03,0.43,0.36,0.4,0.0,0.09,0.09,-0.024
446,447,102.36025,11.521113,2.0,0.06,0.0,12.38,12.12,12.37,11.74,11.74,11.51,11.47,11.43,11.424,11.447,0.26,0.01,0.64,-0.25,0.38,0.63,0.63,0.04,0.08,0.04,-0.023
450,451,89.550069,22.835803,2.0,0.0,0.0,16.34,15.66,14.78,14.55,14.12,13.01,12.79,12.59,12.466,12.478,0.68,1.56,2.22,0.88,1.54,0.23,0.66,0.22,0.42,0.2,-0.012
452,453,87.232411,30.153837,2.0,0.01,0.0,14.41,12.91,12.32,12.08,11.89,11.38,11.25,11.16,11.088,11.095,1.5,2.09,2.52,0.59,1.02,0.24,0.43,0.13,0.22,0.09,-0.007
455,456,63.4747006,52.9521508,2.0,0.21,0.0,14.99,14.54,13.72,13.52,13.42,12.85,12.7,12.62,12.504,12.515,0.45,1.27,1.57,0.82,1.12,0.2,0.3,0.15,0.23,0.08,-0.011
456,457,56.5916047,48.4204317,2.0,0.01,0.0,13.63,12.56,12.23,11.71,11.52,10.98,10.87,10.78,10.732,10.742,1.07,1.4,2.11,0.33,1.04,0.52,0.71,0.11,0.2,0.09,-0.01
457,458,54.895007,49.344971,2.0,0.0,0.0,14.34,14.16,13.6,13.43,13.24,12.82,12.7,12.67,12.521,12.527,0.18,0.74,1.1,0.56,0.92,0.17,0.36,0.12,0.15,0.03,-0.006
458,459,57.524112,50.48651,2.0,0.01,0.0,15.8,14.34,13.01,12.65,12.31,11.33,11.06,10.94,10.726,10.703,1.46,2.79,3.49,1.33,2.03,0.36,0.7,0.27,0.39,0.12,0.023
459,460,56.711311,49.664611,2.0,0.0,0.0,15.2,14.59,13.82,13.64,13.31,12.54,12.36,12.25,12.159,12.172,0.61,1.38,1.89,0.77,1.28,0.18,0.51,0.18,0.29,0.11,-0.013
461,462,92.4575947,23.5155669,2.0,0.08,0.0,14.4,14.27,13.98,13.83,13.84,13.29,13.2,13.18,13.108,13.139,0.13,0.42,0.56,0.29,0.43,0.15,0.14,0.09,0.11,0.02,-0.031
463,464,57.761662,50.148853,2.0,0.01,0.0,15.13,15.75,13.68,13.49,13.22,12.58,12.41,12.28,12.15,12.154,-0.62,1.45,1.91,2.07,2.53,0.19,0.46,0.17,0.3,0.13,-0.004
464,465,58.745878,52.245922,2.0,0.0,0.0,13.81,13.65,13.13,12.59,12.37,11.85,11.73,11.67,11.608,11.621,0.16,0.68,1.44,0.52,1.28,0.54,0.76,0.12,0.18,0.06,-0.013
465,466,58.4884425,52.4473981,2.0,0.0,1.0,14.41,14.08,13.55,13.38,13.16,12.56,12.42,12.37,12.242,12.243,0.33,0.86,1.25,0.53,0.92,0.17,0.39,0.14,0.19,0.05,-0.001
467,468,102.2386869,11.4750756,2.0,0.09,0.0,14.05,12.75,12.72,12.36,12.32,12.08,12.08,11.99,11.933,11.957,1.3,1.33,1.73,0.03,0.43,0.36,0.4,0.0,0.09,0.09,-0.024
473,474,93.2336456,24.1348269,2.0,0.13,0.0,13.87,13.61,13.06,12.9,12.87,12.4,12.34,12.27,12.253,12.261,0.26,0.81,1.0,0.55,0.74,0.16,0.19,0.06,0.13,0.07,-0.008
475,476,87.097916,22.16569,2.0,0.0,0.0,15.73,15.46,14.84,14.65,14.46,13.94,13.76,13.65,13.617,13.6,0.27,0.89,1.27,0.62,1.0,0.19,0.38,0.18,0.29,0.11,0.017
477,478,62.3472713,53.0271004,2.0,0.0,0.0,14.76,14.39,13.8,13.61,13.44,12.77,12.66,12.51,12.419,12.421,0.37,0.96,1.32,0.59,0.95,0.19,0.36,0.11,0.26,0.15,-0.002
480,481,57.692276,49.3150361,2.0,0.01,0.0,14.52,14.06,13.02,12.64,12.41,11.76,11.6,11.54,11.474,11.488,0.46,1.5,2.11,1.04,1.65,0.38,0.61,0.16,0.22,0.06,-0.014
481,482,102.4885544,11.5830053,2.0,0.04,0.0,13.31,12.27,12.37,11.82,11.81,11.68,11.63,11.64,11.615,11.622,1.04,0.94,1.5,-0.1,0.46,0.55,0.56,0.05,0.04,-0.01,-0.007
483,484,86.2557875,21.4330986,2.0,0.01,0.0,14.36,15.78,12.69,12.29,12.13,11.53,11.42,11.34,11.27,11.276,-1.42,1.67,2.23,3.09,3.65,0.4,0.56,0.11,0.19,0.08,-0.006
485,486,55.7225861,50.3167342,2.0,0.03,0.0,13.57,12.7,12.4,12.06,11.93,11.49,11.48,11.42,11.321,11.341,0.87,1.17,1.64,0.3,0.77,0.34,0.47,0.01,0.07,0.06,-0.02
486,487,57.3547873,51.3673657,2.0,0.01,0.0,14.2,14.33,12.78,12.61,12.35,11.63,11.45,11.34,11.252,11.251,-0.13,1.42,1.85,1.55,1.98,0.17,0.43,0.18,0.29,0.11,0.001
491,492,86.6191147,22.0562464,2.0,0.01,0.0,13.39,14.47,12.8,12.6,12.55,12.06,11.92,11.84,11.843,11.855,-1.08,0.59,0.84,1.67,1.92,0.2,0.25,0.14,0.22,0.08,-0.012
495,496,80.210909,28.357143,2.0,0.99,1.0,16.06,15.71,14.63,14.23,14.22,13.46,13.24,13.02,12.861,12.705,0.35,1.43,1.84,1.08,1.49,0.4,0.41,0.22,0.44,0.22,0.156
497,498,85.432832,29.785186,2.0,0.0,0.0,15.59,15.31,14.34,14.07,13.71,12.69,12.42,12.29,12.181,12.174,0.28,1.25,1.88,0.97,1.6,0.27,0.63,0.27,0.4,0.13,0.007
499,500,56.573439,49.782361,2.0,0.01,0.0,15.07,15.29,13.51,13.26,13.0,12.31,12.13,12.03,11.93,11.945,-0.22,1.56,2.07,1.78,2.29,0.25,0.51,0.18,0.28,0.1,-0.015
500,501,56.463593,49.815753,2.0,0.7,1.0,15.25,14.4,13.02,12.61,12.42,11.53,11.29,11.12,11.003,10.921,0.85,2.23,2.83,1.38,1.98,0.41,0.6,0.24,0.41,0.17,0.082
501,502,99.315126,10.096934,2.0,0.44,0.0,14.5,13.8,12.77,12.53,12.43,11.82,11.66,11.63,11.551,11.597,0.7,1.73,2.07,1.03,1.37,0.24,0.34,0.16,0.19,0.03,-0.046
502,503,99.728,10.447488,2.0,0.06,0.0,14.44,13.12,12.38,11.96,11.75,11.09,10.87,10.79,10.716,10.737,1.32,2.06,2.69,0.74,1.37,0.42,0.63,0.22,0.3,0.08,-0.021
503,504,88.666375,32.050056,2.0,0.26,1.0,14.63,14.29,14.06,13.75,13.79,13.37,13.3,13.15,13.01,12.893,0.34,0.57,0.84,0.23,0.5,0.31,0.27,0.07,0.22,0.15,0.117
504,505,63.319951,52.35285,2.0,0.03,0.0,14.32,13.99,13.25,12.93,12.71,11.79,11.54,11.4,11.325,11.28,0.33,1.07,1.61,0.74,1.28,0.32,0.54,0.25,0.39,0.14,0.045
505,506,82.806359,30.47814,2.0,0.0,0.0,17.82,17.26,16.08,15.73,15.25,14.15,13.82,13.65,13.511,13.584,0.56,1.74,2.57,1.18,2.01,0.35,0.83,0.33,0.5,0.17,-0.073
508,509,63.9361464,53.8322308,2.0,0.95,1.0,15.15,14.81,13.86,13.42,13.32,12.5,12.22,12.09,11.783,11.589,0.34,1.29,1.83,0.95,1.49,0.44,0.54,0.28,0.41,0.13,0.194
509,510,92.96136,25.49007,2.0,0.64,1.0,13.54,12.15,12.02,11.39,11.63,11.4,11.29,11.16,10.944,10.727,1.39,1.52,1.91,0.13,0.52,0.63,0.39,0.11,0.24,0.13,0.217
511,512,308.5992303,43.8130789,2.0,0.0,1.0,17.62,16.33,14.37,13.89,13.13,11.09,10.55,10.26,10.049,10.001,1.29,3.25,4.49,1.96,3.2,0.48,1.24,0.54,0.83,0.29,0.048
518,519,91.534055,22.674978,2.0,0.15,1.0,17.43,16.43,15.72,15.38,15.23,14.44,14.22,13.99,13.708,13.636,1.0,1.71,2.2,0.71,1.2,0.34,0.49,0.22,0.45,0.23,0.072
519,520,309.382297,41.668659,2.0,0.0,0.0,17.19,16.06,14.44,14.11,13.48,11.99,11.58,11.36,11.2,11.185,1.13,2.75,3.71,1.62,2.58,0.33,0.96,0.41,0.63,0.22,0.015
522,523,55.78912,49.298736,2.0,0.01,0.0,14.81,16.72,13.42,13.26,13.09,12.68,12.55,12.5,12.456,12.458,-1.91,1.39,1.72,3.3,3.63,0.16,0.33,0.13,0.18,0.05,-0.002
523,524,83.610935,29.041538,2.0,0.0,0.0,15.35,15.26,13.79,13.61,13.26,12.51,12.3,12.15,12.104,12.105,0.09,1.56,2.09,1.47,2.0,0.18,0.53,0.21,0.36,0.15,-0.001
524,525,83.364296,28.183783,2.0,0.0,0.0,16.41,15.7,14.75,14.53,14.09,13.07,12.78,12.56,12.476,12.487,0.71,1.66,2.32,0.95,1.61,0.22,0.66,0.29,0.51,0.22,-0.011
528,529,57.6371008,48.3658033,2.0,0.02,0.0,14.09,14.45,12.86,12.69,12.5,11.88,11.79,11.65,11.581,11.588,-0.36,1.23,1.59,1.59,1.95,0.17,0.36,0.09,0.23,0.14,-0.007
529,530,61.842572,53.547932,2.0,0.0,0.0,14.6,14.64,13.89,13.63,13.36,12.14,11.89,11.78,11.654,11.703,-0.04,0.71,1.24,0.75,1.28,0.26,0.53,0.25,0.36,0.11,-0.049
532,533,57.593999,49.831764,2.0,0.0,0.0,15.08,14.76,13.95,13.74,13.43,12.67,12.47,12.32,12.245,12.244,0.32,1.13,1.65,0.81,1.33,0.21,0.52,0.2,0.35,0.15,0.001
542,543,67.8050825,55.3185811,2.0,0.0,0.0,15.13,14.65,13.34,13.15,12.82,12.04,11.85,11.76,11.677,11.675,0.48,1.79,2.31,1.31,1.83,0.19,0.52,0.19,0.28,0.09,0.002
544,545,62.057967,54.209431,2.0,0.01,1.0,14.89,15.21,13.39,13.08,12.85,11.83,11.63,11.53,11.586,11.604,-0.32,1.5,2.04,1.82,2.36,0.31,0.54,0.2,0.3,0.1,-0.018
545,546,64.458939,53.423931,2.0,1.0,1.0,14.41,14.29,13.33,12.54,12.74,11.81,11.48,11.19,10.772,10.439,0.12,1.08,1.67,0.96,1.55,0.79,0.59,0.33,0.62,0.29,0.333
547,548,86.506984,21.440742,2.0,0.97,1.0,15.47,15.44,14.82,14.47,14.49,13.96,13.74,13.64,13.47,13.296,0.03,0.65,0.98,0.62,0.95,0.35,0.33,0.22,0.32,0.1,0.174
550,551,90.061897,23.945284,2.0,0.0,0.0,14.7,14.49,13.48,13.17,12.75,11.75,11.5,11.34,11.241,11.248,0.21,1.22,1.95,1.01,1.74,0.31,0.73,0.25,0.41,0.16,-0.007
551,552,307.379361,41.341331,2.0,0.0,1.0,17.06,15.96,14.06,13.6,12.83,10.84,10.25,9.94,9.678,9.651,1.1,3.0,4.23,1.9,3.13,0.46,1.23,0.59,0.9,0.31,0.027
552,553,81.096375,28.594889,2.0,0.02,1.0,14.43,15.78,13.26,12.94,12.97,12.64,12.62,12.54,12.254,12.145,-1.35,1.17,1.46,2.52,2.81,0.32,0.29,0.02,0.1,0.08,0.109
553,554,62.362019,53.048853,2.0,0.02,0.0,14.48,14.32,13.56,13.27,13.09,12.31,12.16,12.05,11.954,11.967,0.16,0.92,1.39,0.76,1.23,0.29,0.47,0.15,0.26,0.11,-0.013
554,555,306.1497194,41.3602828,2.0,0.0,0.0,17.81,16.48,14.3,13.83,12.9,10.61,9.95,9.61,9.363,9.312,1.33,3.51,4.91,2.18,3.58,0.47,1.4,0.66,1.0,0.34,0.051
557,558,90.1420797,23.5923647,2.0,0.1,0.0,13.83,12.99,12.52,12.09,11.99,11.62,11.58,11.49,11.484,11.511,0.84,1.31,1.84,0.47,1.0,0.43,0.53,0.04,0.13,0.09,-0.027
559,560,82.186638,27.81647,2.0,0.0,0.0,15.07,15.11,14.56,14.36,14.19,13.65,13.5,13.4,13.309,13.363,-0.04,0.51,0.88,0.55,0.92,0.2,0.37,0.15,0.25,0.1,-0.054
563,564,62.9341756,52.9894031,2.0,0.19,0.0,14.73,14.54,13.8,13.55,13.43,12.73,12.55,12.43,12.394,12.443,0.19,0.93,1.3,0.74,1.11,0.25,0.37,0.18,0.3,0.12,-0.049
565,566,92.58067,23.76953,2.0,0.68,1.0,13.6,13.32,12.68,12.5,12.53,12.06,12.01,11.95,11.885,11.903,0.28,0.92,1.07,0.64,0.79,0.18,0.15,0.05,0.11,0.06,-0.018
566,567,61.409454,51.786729,2.0,0.0,0.0,14.38,14.69,12.75,12.4,12.03,10.94,10.66,10.52,10.433,10.431,-0.31,1.63,2.35,1.94,2.66,0.35,0.72,0.28,0.42,0.14,0.002
568,569,59.832704,49.971096,2.0,0.19,0.0,14.09,14.03,12.96,12.64,12.48,11.73,11.57,11.41,11.323,11.332,0.06,1.13,1.61,1.07,1.55,0.32,0.48,0.16,0.32,0.16,-0.009
569,570,88.122909,22.398373,2.0,0.17,0.0,13.63,12.64,12.4,12.0,11.96,11.5,11.41,11.38,11.374,11.419,0.99,1.23,1.67,0.24,0.68,0.4,0.44,0.09,0.12,0.03,-0.045
570,571,91.208839,24.173047,2.0,0.05,0.0,14.05,14.33,12.66,12.41,12.34,11.95,11.88,11.82,11.786,11.851,-0.28,1.39,1.71,1.67,1.99,0.25,0.32,0.07,0.13,0.06,-0.065
573,574,80.708995,28.481765,2.0,0.0,0.0,14.87,14.99,14.53,14.34,14.22,13.71,13.64,13.55,13.492,13.525,-0.12,0.34,0.65,0.46,0.77,0.19,0.31,0.07,0.16,0.09,-0.033
574,575,82.555888,28.379914,2.0,0.0,0.0,16.03,15.99,15.36,15.13,14.91,14.24,14.1,13.98,13.71,13.828,0.04,0.67,1.12,0.63,1.08,0.23,0.45,0.14,0.26,0.12,-0.118
575,576,62.099776,53.686197,2.0,0.01,0.0,14.11,14.08,13.28,13.04,12.85,12.19,12.02,11.92,11.839,11.846,0.03,0.83,1.26,0.8,1.23,0.24,0.43,0.17,0.27,0.1,-0.007
578,579,86.265519,20.383294,2.0,0.0,0.0,14.75,14.69,14.13,13.91,13.71,13.15,12.95,12.91,12.818,12.808,0.06,0.62,1.04,0.56,0.98,0.22,0.42,0.2,0.24,0.04,0.01
579,580,89.80992,23.07287,2.0,0.0,0.0,16.1,15.78,14.86,14.58,14.16,13.14,12.84,12.74,12.625,12.619,0.32,1.24,1.94,0.92,1.62,0.28,0.7,0.3,0.4,0.1,0.006
587,588,91.466,24.0691889,2.0,0.09,0.0,14.27,13.72,12.62,12.38,12.21,11.63,11.5,11.42,11.358,11.35,0.55,1.65,2.06,1.1,1.51,0.24,0.41,0.13,0.21,0.08,0.008
590,591,88.2362508,23.1526269,2.0,0.16,1.0,11.48,10.87,12.73,11.16,11.21,9.71,9.61,9.52,9.257,9.12,0.61,-1.25,0.27,-1.86,-0.34,1.57,1.52,0.1,0.19,0.09,0.137
591,592,87.505153,20.376703,2.0,0.01,0.0,14.65,16.25,13.19,12.93,12.64,11.79,11.6,11.46,11.363,11.378,-1.6,1.46,2.01,3.06,3.61,0.26,0.55,0.19,0.33,0.14,-0.015
594,596,59.235759,51.238823,2.0,0.11,0.0,14.31,12.0,12.76,11.65,11.31,9.94,9.76,9.66,9.582,9.59,2.31,1.55,3.0,-0.76,0.69,1.11,1.45,0.18,0.28,0.1,-0.008
595,597,86.92348,19.789276,2.0,0.01,0.0,12.89,12.64,12.42,11.76,11.65,11.27,11.23,11.19,11.164,11.183,0.25,0.47,1.24,0.22,0.99,0.66,0.77,0.04,0.08,0.04,-0.019
598,600,59.8327278,49.9711017,2.0,0.19,0.0,14.09,14.03,12.96,12.64,12.48,11.73,11.57,11.41,11.323,11.332,0.06,1.13,1.61,1.07,1.55,0.32,0.48,0.16,0.32,0.16,-0.009
599,601,59.017563,51.008247,2.0,0.07,0.0,11.17,10.63,12.74,11.32,11.11,9.57,9.56,9.49,9.449,9.479,0.54,-1.57,0.06,-2.11,-0.48,1.42,1.63,0.01,0.08,0.07,-0.03
600,602,92.6009792,23.9796111,2.0,0.09,0.0,12.87,11.58,12.19,11.54,11.57,11.1,10.99,10.97,10.946,10.961,1.29,0.68,1.3,-0.61,0.01,0.65,0.62,0.11,0.13,0.02,-0.015
601,603,92.3242417,23.5627889,2.0,0.31,0.0,12.9,12.23,12.01,11.76,11.87,11.48,11.44,11.38,11.416,11.435,0.67,0.89,1.03,0.22,0.36,0.25,0.14,0.04,0.1,0.06,-0.019
602,604,55.701026,49.06063,2.0,0.11,0.0,14.63,14.37,13.37,13.14,13.03,12.63,12.55,12.48,12.438,12.449,0.26,1.26,1.6,1.0,1.34,0.23,0.34,0.08,0.15,0.07,-0.011
603,605,55.7009784,49.0606376,2.0,0.01,0.0,14.18,14.49,13.37,13.14,13.03,12.63,12.55,12.48,12.438,12.449,-0.31,0.81,1.15,1.12,1.46,0.23,0.34,0.08,0.15,0.07,-0.011
604,606,86.99044,31.762813,2.0,0.0,0.0,14.52,14.64,14.25,14.06,13.97,13.55,13.51,13.36,13.325,13.374,-0.12,0.27,0.55,0.39,0.67,0.19,0.28,0.04,0.19,0.15,-0.049
605,607,87.192071,31.106372,2.0,0.0,0.0,14.72,14.75,14.31,14.15,13.94,13.47,13.32,13.36,12.795,12.8,-0.03,0.41,0.78,0.44,0.81,0.16,0.37,0.15,0.11,-0.04,-0.005
608,610,92.578309,23.606952,2.0,0.12,0.0,14.77,15.02,14.64,14.45,14.44,13.92,13.83,13.72,13.781,13.892,-0.25,0.13,0.33,0.38,0.58,0.19,0.2,0.09,0.2,0.11,-0.111
614,616,92.4660947,23.6290914,2.0,0.08,0.0,13.65,12.42,12.1,11.88,11.93,11.53,11.48,11.43,11.417,11.439,1.23,1.55,1.72,0.32,0.49,0.22,0.17,0.05,0.1,0.05,-0.022
615,617,57.1165778,49.1521294,2.0,0.0,0.0,14.17,14.06,13.21,12.69,12.41,11.78,11.62,11.49,11.419,11.418,0.11,0.96,1.76,0.85,1.65,0.52,0.8,0.16,0.29,0.13,0.001
619,621,101.3984,10.467609,2.0,0.18,0.0,14.17,12.0,12.21,11.68,11.64,11.43,11.34,11.35,11.26,11.302,2.17,1.96,2.53,-0.21,0.36,0.53,0.57,0.09,0.08,-0.01,-0.042
620,622,101.10947,11.031923,2.0,0.04,0.0,12.47,12.25,12.26,11.76,11.83,11.55,11.52,11.49,11.458,11.501,0.22,0.21,0.64,-0.01,0.42,0.5,0.43,0.03,0.06,0.03,-0.043
621,623,83.747208,28.128778,2.0,0.45,1.0,15.22,15.08,14.36,14.01,13.87,13.11,12.82,12.66,12.492,12.305,0.14,0.86,1.35,0.72,1.21,0.35,0.49,0.29,0.45,0.16,0.187
622,624,86.278622,32.278804,2.0,0.0,0.0,14.46,14.6,14.17,14.01,13.91,13.49,13.39,13.35,13.277,13.293,-0.14,0.29,0.55,0.43,0.69,0.16,0.26,0.1,0.14,0.04,-0.016
623,625,88.003548,31.350843,2.0,0.16,1.0,14.43,14.58,14.25,13.91,13.96,13.55,13.49,13.34,13.07,12.952,-0.15,0.18,0.47,0.33,0.62,0.34,0.29,0.06,0.21,0.15,0.118
628,630,90.052214,23.491268,2.0,0.06,0.0,14.07,14.5,12.48,12.0,11.84,11.29,11.17,11.07,10.995,11.005,-0.43,1.59,2.23,2.02,2.66,0.48,0.64,0.12,0.22,0.1,-0.01
630,632,90.644228,22.466206,2.0,0.06,0.0,13.59,13.03,12.28,12.08,11.99,11.59,11.44,11.43,11.422,11.432,0.56,1.31,1.6,0.75,1.04,0.2,0.29,0.15,0.16,0.01,-0.01
635,637,86.725009,20.960678,2.0,0.15,1.0,17.21,16.52,15.35,14.93,14.55,13.32,12.89,12.61,12.516,12.364,0.69,1.86,2.66,1.17,1.97,0.42,0.8,0.43,0.71,0.28,0.152
636,638,87.554046,21.392253,2.0,0.01,0.0,14.26,16.09,13.67,13.47,13.38,13.04,12.97,12.91,12.855,12.868,-1.83,0.59,0.88,2.42,2.71,0.2,0.29,0.07,0.13,0.06,-0.013
648,650,306.8391144,41.7869019,2.0,0.26,1.0,15.27,14.88,13.48,13.0,12.66,11.32,10.98,10.8,10.71,10.698,0.39,1.79,2.61,1.4,2.22,0.48,0.82,0.34,0.52,0.18,0.012
651,653,85.980652,31.580474,2.0,0.0,0.0,17.88,16.34,15.34,15.06,14.6,13.7,13.42,13.26,13.14,13.107,1.54,2.54,3.28,1.0,1.74,0.28,0.74,0.28,0.44,0.16,0.033
653,655,85.5043381,31.0455244,2.0,0.07,1.0,14.66,13.7,12.94,12.53,12.3,11.52,11.31,11.2,11.02,11.018,0.96,1.72,2.36,0.76,1.4,0.41,0.64,0.21,0.32,0.11,0.002
654,656,84.174965,31.1836825,2.0,0.0,0.0,14.8,14.75,13.37,13.11,12.75,11.96,11.72,11.62,11.431,11.397,0.05,1.43,2.05,1.38,2.0,0.26,0.62,0.24,0.34,0.1,0.034
656,658,64.797645,55.156866,2.0,0.0,0.0,15.84,15.13,12.62,12.16,11.38,9.57,9.01,8.68,8.512,8.413,0.71,3.22,4.46,2.51,3.75,0.46,1.24,0.56,0.89,0.33,0.099
657,659,59.5893831,52.4717781,2.0,0.01,0.0,12.02,13.27,12.69,11.53,11.38,10.41,10.38,10.37,10.259,10.276,-1.25,-0.67,0.64,0.58,1.89,1.16,1.31,0.03,0.04,0.01,-0.017
661,663,93.138295,23.8281472,2.0,0.07,0.0,13.15,11.87,12.29,11.82,11.8,10.73,10.76,10.64,10.348,10.372,1.28,0.86,1.35,-0.42,0.07,0.47,0.49,-0.03,0.09,0.12,-0.024
664,666,85.6433244,29.7765675,2.0,0.01,0.0,14.67,15.87,13.34,13.11,12.84,12.09,11.88,11.79,11.651,11.654,-1.2,1.33,1.83,2.53,3.03,0.23,0.5,0.21,0.3,0.09,-0.003
665,667,86.9277733,31.2477861,2.0,0.01,0.0,13.78,15.32,12.52,12.39,12.24,11.95,11.84,11.8,11.767,11.787,-1.54,1.26,1.54,2.8,3.08,0.13,0.28,0.11,0.15,0.04,-0.02
666,668,59.8407956,52.6647547,2.0,0.34,0.0,11.08,11.18,12.63,11.29,11.21,10.36,10.28,10.27,10.216,10.245,-0.1,-1.55,-0.13,-1.45,-0.03,1.34,1.42,0.08,0.09,0.01,-0.029
671,673,95.412344,24.977808,2.0,0.04,0.0,13.51,12.77,12.37,12.05,11.96,11.71,11.59,11.56,11.511,11.534,0.74,1.14,1.55,0.4,0.81,0.32,0.41,0.12,0.15,0.03,-0.023
674,676,94.1961806,24.0379178,2.0,0.08,0.0,13.85,13.62,12.62,12.41,12.3,11.88,11.79,11.72,11.626,11.663,0.23,1.23,1.55,1.0,1.32,0.21,0.32,0.09,0.16,0.07,-0.037
676,678,91.2088553,24.1730759,2.0,0.05,0.0,14.05,14.33,12.66,12.41,12.34,11.95,11.88,11.82,11.786,11.851,-0.28,1.39,1.71,1.67,1.99,0.25,0.32,0.07,0.13,0.06,-0.065
678,680,307.8023292,40.5904686,2.0,0.0,1.0,18.09,16.66,14.74,14.34,13.6,11.82,11.33,11.09,10.861,10.844,1.43,3.35,4.49,1.92,3.06,0.4,1.14,0.49,0.73,0.24,0.017
688,690,64.920478,53.907365,2.0,0.02,0.0,14.98,14.99,12.96,12.68,12.31,11.38,11.17,10.97,10.915,10.888,-0.01,2.02,2.67,2.03,2.68,0.28,0.65,0.21,0.41,0.2,0.027
691,693,91.53117,23.022484,2.0,0.1,1.0,13.72,13.25,12.57,12.25,12.19,11.88,11.72,11.65,11.628,11.602,0.47,1.15,1.53,0.68,1.06,0.32,0.38,0.16,0.23,0.07,0.026
692,694,105.7442908,4.5595814,2.0,0.07,0.0,13.98,12.28,12.17,11.88,11.88,11.74,11.76,11.73,11.76,11.783,1.7,1.81,2.1,0.11,0.4,0.29,0.29,-0.02,0.01,0.03,-0.023
693,695,92.32424,23.56279,2.0,0.31,0.0,12.9,12.23,12.01,11.76,11.87,11.48,11.44,11.38,11.416,11.435,0.67,0.89,1.03,0.22,0.36,0.25,0.14,0.04,0.1,0.06,-0.019
694,696,90.56046,22.93878,2.0,0.05,0.0,13.43,12.86,12.47,12.11,11.99,11.68,11.59,11.58,11.511,11.52,0.57,0.96,1.44,0.39,0.87,0.36,0.48,0.09,0.1,0.01,-0.009
697,699,96.670621,9.3986223,2.0,0.04,0.0,14.65,14.58,14.05,13.85,13.76,13.16,13.05,12.93,12.867,12.875,0.07,0.6,0.89,0.53,0.82,0.2,0.29,0.11,0.23,0.12,-0.008
698,700,87.511781,22.166074,2.0,0.01,0.0,13.62,14.63,12.47,12.33,12.27,11.94,11.87,11.85,11.624,11.675,-1.01,1.15,1.35,2.16,2.36,0.14,0.2,0.07,0.09,0.02,-0.051
699,701,86.642674,21.05429,2.0,0.0,0.0,13.35,14.62,13.12,12.86,12.74,12.4,12.26,12.21,12.196,12.237,-1.27,0.23,0.61,1.5,1.88,0.26,0.38,0.14,0.19,0.05,-0.041
705,707,92.9310159,24.1635244,2.0,0.1,0.0,14.38,14.4,13.73,13.55,13.48,13.05,12.95,12.9,12.865,12.867,-0.02,0.65,0.9,0.67,0.92,0.18,0.25,0.1,0.15,0.05,-0.002
706,708,59.65414,50.904426,2.0,0.01,0.0,14.89,16.03,13.03,12.74,12.38,11.55,11.28,11.14,11.06,11.058,-1.14,1.86,2.51,3.0,3.65,0.29,0.65,0.27,0.41,0.14,0.002
707,709,87.021624,20.128748,2.0,0.01,0.0,13.41,13.26,13.11,12.82,12.69,12.26,12.16,12.12,12.038,12.059,0.15,0.3,0.72,0.15,0.57,0.29,0.42,0.1,0.14,0.04,-0.021
712,714,87.010579,22.539441,2.0,0.0,0.0,15.56,15.4,14.88,14.67,14.45,13.82,13.67,13.57,13.472,13.659,0.16,0.68,1.11,0.52,0.95,0.21,0.43,0.15,0.25,0.1,-0.187
721,723,92.9441785,23.765502,2.0,0.06,0.0,13.63,13.22,12.84,12.67,12.69,12.34,12.3,12.22,12.209,12.252,0.41,0.79,0.94,0.38,0.53,0.17,0.15,0.04,0.12,0.08,-0.043
722,724,59.126724,51.087715,2.0,0.12,0.0,13.8,12.09,12.85,11.85,11.6,10.47,10.37,10.29,10.199,10.215,1.71,0.95,2.2,-0.76,0.49,1.0,1.25,0.1,0.18,0.08,-0.016
723,725,92.9441289,23.7655114,2.0,0.06,0.0,13.63,13.22,12.84,12.67,12.69,12.34,12.3,12.22,12.209,12.252,0.41,0.79,0.94,0.38,0.53,0.17,0.15,0.04,0.12,0.08,-0.043
725,727,80.474386,28.701011,2.0,0.0,1.0,15.57,15.45,14.13,13.92,13.74,13.11,12.95,12.86,12.812,12.787,0.12,1.44,1.83,1.32,1.71,0.21,0.39,0.16,0.25,0.09,0.025
726,728,59.654127,50.904431,2.0,0.01,0.0,14.71,14.77,13.03,12.74,12.38,11.55,11.28,11.14,11.06,11.058,-0.06,1.68,2.33,1.74,2.39,0.29,0.65,0.27,0.41,0.14,0.002
732,734,82.852946,29.760581,2.0,0.0,0.0,15.71,15.29,14.33,14.09,13.77,12.94,12.73,12.58,12.447,12.481,0.42,1.38,1.94,0.96,1.52,0.24,0.56,0.21,0.36,0.15,-0.034
733,735,67.0854581,54.9627394,2.0,0.02,0.0,14.03,12.66,12.44,11.77,11.62,11.03,10.92,10.87,10.796,10.81,1.37,1.59,2.41,0.22,1.04,0.67,0.82,0.11,0.16,0.05,-0.014
735,737,93.3526035,23.4083332,2.0,0.06,0.0,14.82,14.73,14.2,13.98,13.88,13.26,13.11,12.98,13.009,12.995,0.09,0.62,0.94,0.53,0.85,0.22,0.32,0.15,0.28,0.13,0.014
737,739,57.214661,47.881718,2.0,0.02,0.0,13.54,12.79,12.48,11.98,11.87,11.44,11.35,11.31,11.249,11.257,0.75,1.06,1.67,0.31,0.92,0.5,0.61,0.09,0.13,0.04,-0.008
741,743,93.2667712,24.3723011,2.0,0.04,0.0,14.44,14.36,13.57,13.37,13.23,12.62,12.54,12.43,12.337,12.372,0.08,0.87,1.21,0.79,1.13,0.2,0.34,0.08,0.19,0.11,-0.035
745,747,346.818019,58.917903,2.0,0.05,0.0,13.22,12.25,12.39,11.8,11.8,11.48,11.42,11.39,11.384,11.425,0.97,0.83,1.42,-0.14,0.45,0.59,0.59,0.06,0.09,0.03,-0.041
746,748,100.970449,1.301154,2.0,0.04,0.0,13.38,14.36,12.33,11.78,11.75,11.54,11.56,11.49,11.509,11.551,-0.98,1.05,1.63,2.03,2.61,0.55,0.58,-0.02,0.05,0.07,-0.042
748,750,83.0035422,29.4506644,2.0,0.0,0.0,14.04,13.06,12.44,12.26,12.07,11.66,11.5,11.43,11.361,11.367,0.98,1.6,1.97,0.62,0.99,0.18,0.37,0.16,0.23,0.07,-0.006
751,753,94.6054552,23.8328622,2.0,0.27,1.0,14.33,14.04,13.38,13.08,13.0,12.36,12.2,12.06,11.977,11.969,0.29,0.95,1.33,0.66,1.04,0.3,0.38,0.16,0.3,0.14,0.008
753,755,84.090582,29.64933,2.0,0.0,0.0,15.39,14.9,14.03,13.81,13.46,12.58,12.35,12.21,12.077,12.045,0.49,1.36,1.93,0.87,1.44,0.22,0.57,0.23,0.37,0.14,0.032
762,764,85.7796267,29.7494475,2.0,0.01,0.0,14.52,15.57,12.66,12.48,12.29,11.86,11.73,11.64,11.606,11.612,-1.05,1.86,2.23,2.91,3.28,0.18,0.37,0.13,0.22,0.09,-0.006
768,770,92.61067,23.93856,2.0,0.05,0.0,13.87,12.81,12.44,12.27,12.27,11.72,11.66,11.59,11.564,11.58,1.06,1.43,1.6,0.37,0.54,0.17,0.17,0.06,0.13,0.07,-0.016
770,772,346.231362,59.477259,2.0,0.05,0.0,13.12,12.26,12.34,11.74,11.69,11.33,11.25,11.22,10.978,10.995,0.86,0.78,1.43,-0.08,0.57,0.6,0.65,0.08,0.11,0.03,-0.017
774,776,84.429205,31.386852,2.0,0.03,0.0,17.7,16.06,14.4,13.96,13.32,11.72,10.93,10.73,10.567,10.613,1.64,3.3,4.38,1.66,2.74,0.44,1.08,0.79,0.99,0.2,-0.046
775,777,87.086859,21.500454,2.0,0.17,0.0,14.75,12.28,12.42,11.89,11.85,11.67,11.67,11.62,11.594,11.62,2.47,2.33,2.9,-0.14,0.43,0.53,0.57,0.0,0.05,0.05,-0.026
778,780,86.311388,21.149534,2.0,0.0,0.0,14.03,13.74,13.14,12.92,12.73,12.27,12.08,12.0,11.979,11.976,0.29,0.89,1.3,0.6,1.01,0.22,0.41,0.19,0.27,0.08,0.003
780,782,59.8230849,50.4115965,2.0,0.22,0.0,14.42,13.05,12.58,12.02,11.92,11.31,11.2,11.13,11.096,11.118,1.37,1.84,2.5,0.47,1.13,0.56,0.66,0.11,0.18,0.07,-0.022
782,784,86.1678958,20.1968958,2.0,0.01,0.0,13.41,12.52,12.83,12.62,12.49,12.11,12.01,11.98,11.935,11.952,0.89,0.58,0.92,-0.31,0.03,0.21,0.34,0.1,0.13,0.03,-0.017
783,785,87.0868689,21.5004469,2.0,0.17,0.0,14.75,12.28,12.42,11.89,11.85,11.67,11.67,11.62,11.594,11.62,2.47,2.33,2.9,-0.14,0.43,0.53,0.57,0.0,0.05,0.05,-0.026
785,787,82.4290922,27.7899235,2.0,0.0,0.0,15.38,15.25,14.63,14.41,14.21,13.62,13.43,13.36,13.314,13.311,0.13,0.75,1.17,0.62,1.04,0.22,0.42,0.19,0.26,0.07,0.003
786,788,61.943394,51.636058,2.0,0.0,0.0,14.38,14.0,13.06,12.82,12.54,11.77,11.53,11.42,11.187,11.21,0.38,1.32,1.84,0.94,1.46,0.24,0.52,0.24,0.35,0.11,-0.023
787,789,89.125867,21.59783,2.0,0.05,0.0,14.3,13.17,12.36,11.93,11.64,10.72,10.52,10.36,10.285,10.258,1.13,1.94,2.66,0.81,1.53,0.43,0.72,0.2,0.36,0.16,0.027
789,791,91.465975,24.069182,2.0,0.09,0.0,14.27,13.72,12.62,12.38,12.21,11.63,11.5,11.42,11.358,11.35,0.55,1.65,2.06,1.1,1.51,0.24,0.41,0.13,0.21,0.08,0.008
790,792,92.933436,23.950561,2.0,0.21,0.0,13.56,13.67,12.98,12.78,12.72,12.16,12.08,12.0,11.84,11.838,-0.11,0.58,0.84,0.69,0.95,0.2,0.26,0.08,0.16,0.08,0.002
791,793,92.324231,23.562838,2.0,0.31,0.0,12.9,12.23,12.01,11.76,11.87,11.48,11.44,11.38,11.416,11.435,0.67,0.89,1.03,0.22,0.36,0.25,0.14,0.04,0.1,0.06,-0.019
792,794,62.384605,53.067519,2.0,0.02,1.0,13.94,14.5,12.75,12.39,12.27,11.59,11.4,11.28,11.09,11.026,-0.56,1.19,1.67,1.75,2.23,0.36,0.48,0.19,0.31,0.12,0.064
793,795,62.930491,52.872729,2.0,0.17,0.0,14.33,14.16,13.48,13.24,13.15,12.54,12.43,12.32,12.246,12.293,0.17,0.85,1.18,0.68,1.01,0.24,0.33,0.11,0.22,0.11,-0.047
794,796,101.0964675,-0.2865164,2.0,0.0,0.0,14.63,14.75,14.27,14.09,13.9,13.46,13.35,13.3,13.137,13.133,-0.12,0.36,0.73,0.48,0.85,0.18,0.37,0.11,0.16,0.05,0.004
797,799,85.2243567,30.4577083,2.0,0.0,0.0,15.01,14.71,13.9,13.68,13.42,12.69,12.51,12.4,12.28,12.294,0.3,1.11,1.59,0.81,1.29,0.22,0.48,0.18,0.29,0.11,-0.014
799,801,64.9204928,53.9073892,2.0,0.02,0.0,14.98,14.99,12.96,12.68,12.31,11.38,11.17,10.97,10.915,10.888,-0.01,2.02,2.67,2.03,2.68,0.28,0.65,0.21,0.41,0.2,0.027
800,802,66.5918211,54.3033711,2.0,0.0,0.0,14.53,13.09,12.11,11.82,11.58,10.87,10.71,10.62,10.555,10.553,1.44,2.42,2.95,0.98,1.51,0.29,0.53,0.16,0.25,0.09,0.002
801,803,59.5040069,50.0216508,2.0,0.01,0.0,14.4,15.59,12.88,12.53,12.28,11.66,11.46,11.41,11.32,11.354,-1.19,1.52,2.12,2.71,3.31,0.35,0.6,0.2,0.25,0.05,-0.034
802,804,59.23572,51.238834,2.0,0.11,0.0,14.31,12.0,12.76,11.65,11.31,9.94,9.76,9.66,9.582,9.59,2.31,1.55,3.0,-0.76,0.69,1.11,1.45,0.18,0.28,0.1,-0.008
803,805,63.3199636,52.3528436,2.0,0.03,0.0,14.32,13.99,13.25,12.93,12.71,11.79,11.54,11.4,11.325,11.28,0.33,1.07,1.61,0.74,1.28,0.32,0.54,0.25,0.39,0.14,0.045
805,807,55.6064297,49.9408311,2.0,0.0,0.0,13.57,13.35,12.86,12.68,12.56,12.09,12.03,11.98,11.887,11.902,0.22,0.71,1.01,0.49,0.79,0.18,0.3,0.06,0.11,0.05,-0.015
807,809,57.9928491,49.9138491,2.0,0.01,0.0,13.98,13.94,13.06,12.72,12.51,11.97,11.82,11.73,11.677,11.698,0.04,0.92,1.47,0.88,1.43,0.34,0.55,0.15,0.24,0.09,-0.021
808,810,82.604378,30.418352,2.0,0.0,0.0,16.8,16.51,15.67,15.4,15.04,14.13,13.82,13.74,13.628,13.698,0.29,1.13,1.76,0.84,1.47,0.27,0.63,0.31,0.39,0.08,-0.07
811,813,85.860165,31.142234,2.0,0.0,0.0,15.13,15.01,14.34,14.13,13.94,13.29,13.16,13.0,12.987,12.994,0.12,0.79,1.19,0.67,1.07,0.21,0.4,0.13,0.29,0.16,-0.007
812,814,64.932837,55.127904,2.0,0.0,0.0,16.16,15.01,13.26,12.86,12.3,10.9,10.56,10.36,10.234,10.178,1.15,2.9,3.86,1.75,2.71,0.4,0.96,0.34,0.54,0.2,0.056
814,816,85.4181639,31.3443228,2.0,0.01,0.0,14.92,15.86,13.22,13.0,12.73,12.02,11.86,11.72,11.654,11.661,-0.94,1.7,2.19,2.64,3.13,0.22,0.49,0.16,0.3,0.14,-0.007
823,825,89.725583,22.050056,2.0,0.96,1.0,15.77,15.55,14.7,14.26,14.19,13.28,13.04,12.84,12.738,12.728,0.22,1.07,1.58,0.85,1.36,0.44,0.51,0.24,0.44,0.2,0.01
828,830,57.033686,49.865078,2.0,0.01,0.0,13.85,13.25,12.42,12.18,12.0,11.46,11.34,11.26,11.202,11.181,0.6,1.43,1.85,0.83,1.25,0.24,0.42,0.12,0.2,0.08,0.021
831,833,88.431,22.649184,2.0,0.11,1.0,14.47,14.43,12.27,11.79,11.63,10.91,10.76,10.63,10.536,10.492,0.04,2.2,2.84,2.16,2.8,0.48,0.64,0.15,0.28,0.13,0.044
832,834,87.503916,21.590122,2.0,0.08,0.0,13.22,12.05,12.34,11.56,11.53,11.15,11.09,11.04,10.985,11.025,1.17,0.88,1.69,-0.29,0.52,0.78,0.81,0.06,0.11,0.05,-0.04
834,836,94.245542,25.257194,2.0,0.98,1.0,14.34,14.64,13.65,13.25,13.33,12.78,12.64,12.49,12.323,12.161,-0.3,0.69,1.01,0.99,1.31,0.4,0.32,0.14,0.29,0.15,0.162
836,838,87.46129,22.359516,2.0,0.01,0.0,15.2,14.76,13.98,13.73,13.5,12.63,12.42,12.28,12.189,12.225,0.44,1.22,1.7,0.78,1.26,0.25,0.48,0.21,0.35,0.14,-0.036
837,839,88.810688,21.65258,2.0,0.19,1.0,14.83,14.56,13.96,13.62,13.5,12.68,12.47,12.29,12.195,12.106,0.27,0.87,1.33,0.6,1.06,0.34,0.46,0.21,0.39,0.18,0.089
841,843,64.7895897,53.5701061,2.0,0.0,0.0,14.9,14.88,13.54,13.31,13.07,12.37,12.2,12.1,12.026,12.036,0.02,1.36,1.83,1.34,1.81,0.23,0.47,0.17,0.27,0.1,-0.01
842,844,62.6947481,51.6886125,2.0,0.09,0.0,13.74,13.1,12.37,12.16,12.07,11.53,11.4,11.35,11.287,11.33,0.64,1.37,1.67,0.73,1.03,0.21,0.3,0.13,0.18,0.05,-0.043
843,845,83.1155222,29.1620497,2.0,0.01,0.0,14.16,13.65,12.69,12.48,12.26,11.58,11.4,11.27,11.199,11.222,0.51,1.47,1.9,0.96,1.39,0.21,0.43,0.18,0.31,0.13,-0.023
845,847,62.30346,52.61638,2.0,0.0,0.0,13.84,14.85,12.73,12.36,12.24,11.82,11.71,11.69,11.614,11.612,-1.01,1.11,1.6,2.12,2.61,0.37,0.49,0.11,0.13,0.02,0.002
846,848,91.700101,22.355047,2.0,0.06,1.0,15.22,14.88,14.28,13.97,13.82,13.11,12.93,12.81,12.681,12.671,0.34,0.94,1.4,0.6,1.06,0.31,0.46,0.18,0.3,0.12,0.01
848,850,82.727524,30.419368,2.0,0.0,0.0,16.26,15.58,14.63,14.35,13.93,12.94,12.68,12.48,12.391,12.39,0.68,1.63,2.33,0.95,1.65,0.28,0.7,0.26,0.46,0.2,0.001
850,852,86.797735,22.41116,2.0,0.0,0.0,15.85,15.67,15.25,15.08,14.92,14.28,14.16,14.14,13.977,14.054,0.18,0.6,0.93,0.42,0.75,0.17,0.33,0.12,0.14,0.02,-0.077
853,855,310.00503,38.13496,2.0,0.0,0.0,16.48,15.49,14.13,13.85,13.31,11.9,11.64,11.52,11.131,11.135,0.99,2.35,3.17,1.36,2.18,0.28,0.82,0.26,0.38,0.12,-0.004
854,856,92.7839,23.5230306,2.0,0.15,0.0,13.54,12.85,12.29,12.08,12.08,11.5,11.47,11.36,11.241,11.26,0.69,1.25,1.46,0.56,0.77,0.21,0.21,0.03,0.14,0.11,-0.019
855,857,60.6924803,52.8246658,2.0,0.0,1.0,15.0,14.72,13.23,12.96,12.65,11.81,11.53,11.4,11.28,11.28,0.28,1.77,2.35,1.49,2.07,0.27,0.58,0.28,0.41,0.13,0.0
857,859,86.228385,31.850133,2.0,0.0,0.0,15.99,15.75,14.99,14.87,14.65,14.14,14.05,13.9,13.954,14.109,0.24,1.0,1.34,0.76,1.1,0.12,0.34,0.09,0.24,0.15,-0.155
862,864,102.86676,11.270406,2.0,0.12,0.0,13.18,12.23,12.42,12.01,12.09,11.95,11.95,11.92,11.905,11.933,0.95,0.76,1.09,-0.19,0.14,0.41,0.33,0.0,0.03,0.03,-0.028
863,865,308.522824,40.771078,2.0,0.0,1.0,17.87,16.53,14.46,14.04,13.26,11.26,10.75,10.4,10.215,10.178,1.34,3.41,4.61,2.07,3.27,0.42,1.2,0.51,0.86,0.35,0.037
864,866,85.970721,20.970968,2.0,0.01,0.0,14.41,16.49,13.65,13.45,13.28,12.76,12.62,12.55,12.475,12.477,-2.08,0.76,1.13,2.84,3.21,0.2,0.37,0.14,0.21,0.07,-0.002
865,867,86.406106,21.641594,2.0,0.02,1.0,15.27,15.39,14.92,14.7,14.6,14.15,13.97,13.92,13.913,13.934,-0.12,0.35,0.67,0.47,0.79,0.22,0.32,0.18,0.23,0.05,-0.021
866,868,324.3077244,51.6485219,2.0,0.98,1.0,15.85,15.5,14.12,13.55,13.29,12.17,11.73,11.33,10.925,10.553,0.35,1.73,2.56,1.38,2.21,0.57,0.83,0.44,0.84,0.4,0.372
871,873,57.0236253,49.2958139,2.0,0.0,0.0,14.49,14.13,13.46,13.25,12.96,12.39,12.25,12.12,12.027,12.024,0.36,1.03,1.53,0.67,1.17,0.21,0.5,0.14,0.27,0.13,0.003
872,874,63.128233,54.14523,2.0,0.03,0.0,14.78,14.32,13.08,12.8,12.5,11.5,11.3,11.15,11.047,11.022,0.46,1.7,2.28,1.24,1.82,0.28,0.58,0.2,0.35,0.15,0.025
875,877,101.8843667,12.0303378,2.0,0.33,0.0,13.85,14.15,13.71,13.56,13.58,13.28,13.18,13.11,13.131,13.136,-0.3,0.14,0.27,0.44,0.57,0.15,0.13,0.1,0.17,0.07,-0.005
877,879,81.580448,27.696657,2.0,0.0,0.0,14.82,14.38,13.63,13.45,13.15,12.35,12.13,12.03,11.942,11.939,0.44,1.19,1.67,0.75,1.23,0.18,0.48,0.22,0.32,0.1,0.003
879,881,64.075999,53.350267,2.0,0.0,0.0,14.6,14.09,13.41,13.21,12.99,12.3,12.13,12.03,12.004,12.019,0.51,1.19,1.61,0.68,1.1,0.2,0.42,0.17,0.27,0.1,-0.015
881,883,85.3248525,31.368715,2.0,0.02,0.0,15.08,15.65,12.48,12.28,11.94,11.12,10.92,10.76,10.694,10.689,-0.57,2.6,3.14,3.17,3.71,0.2,0.54,0.2,0.36,0.16,0.005
882,884,24.600948,57.619161,2.0,0.0,0.0,15.13,15.1,14.06,13.9,13.68,13.12,13.0,12.91,12.817,12.872,0.03,1.07,1.45,1.04,1.42,0.16,0.38,0.12,0.21,0.09,-0.055
885,887,101.665527,0.546029,2.0,0.1,1.0,15.78,15.97,14.02,13.76,13.66,13.07,12.94,12.85,12.743,12.761,-0.19,1.76,2.12,1.95,2.31,0.26,0.36,0.13,0.22,0.09,-0.018
886,888,59.5885942,51.1447819,2.0,0.0,0.0,15.18,14.41,13.5,13.14,12.77,11.84,11.55,11.46,11.32,11.316,0.77,1.68,2.41,0.91,1.64,0.36,0.73,0.29,0.38,0.09,0.004
888,890,61.854314,54.623305,2.0,0.0,0.0,15.13,14.26,13.21,12.94,12.56,11.45,11.19,11.04,10.926,10.915,0.87,1.92,2.57,1.05,1.7,0.27,0.65,0.26,0.41,0.15,0.011
890,892,24.457342,57.743389,2.0,0.0,0.0,14.63,14.55,14.23,14.09,13.95,13.56,13.45,13.32,13.368,13.409,0.08,0.4,0.68,0.32,0.6,0.14,0.28,0.11,0.24,0.13,-0.041
894,896,80.912894,28.106506,2.0,0.0,0.0,16.18,15.88,15.32,15.15,14.88,14.32,14.17,14.12,13.968,13.937,0.3,0.86,1.3,0.56,1.0,0.17,0.44,0.15,0.2,0.05,0.031
895,897,67.3392911,55.391085,2.0,0.01,0.0,13.81,12.95,12.27,11.95,11.72,11.1,10.98,10.89,10.814,10.814,0.86,1.54,2.09,0.68,1.23,0.32,0.55,0.12,0.21,0.09,0.0
899,901,302.487535,31.3699297,2.0,0.07,0.0,13.93,13.62,12.64,12.23,12.09,11.76,11.67,11.6,11.178,11.225,0.31,1.29,1.84,0.98,1.53,0.41,0.55,0.09,0.16,0.07,-0.047
900,902,91.393848,24.65092,2.0,0.05,0.0,13.45,12.18,12.44,11.78,11.69,11.45,11.39,11.35,11.309,11.34,1.27,1.01,1.76,-0.26,0.49,0.66,0.75,0.06,0.1,0.04,-0.031
901,903,91.3938506,24.6509514,2.0,0.05,0.0,13.45,12.18,12.44,11.78,11.69,11.45,11.39,11.35,11.309,11.34,1.27,1.01,1.76,-0.26,0.49,0.66,0.75,0.06,0.1,0.04,-0.031
904,906,57.24352,47.895351,2.0,0.05,0.0,13.66,13.21,12.7,12.32,12.21,11.82,11.74,11.71,11.619,11.616,0.45,0.96,1.45,0.51,1.0,0.38,0.49,0.08,0.11,0.03,0.003
909,911,91.006377,22.271798,2.0,0.15,1.0,14.99,14.55,13.76,13.4,13.21,12.3,12.06,11.89,11.726,11.613,0.44,1.23,1.78,0.79,1.34,0.36,0.55,0.24,0.41,0.17,0.113
910,912,57.7659556,48.4654055,2.0,0.03,0.0,14.07,14.28,12.73,12.53,12.37,11.82,11.65,11.59,11.543,11.541,-0.21,1.34,1.7,1.55,1.91,0.2,0.36,0.17,0.23,0.06,0.002
911,913,84.089666,29.627105,2.0,0.0,0.0,15.87,15.76,14.18,13.92,13.54,12.65,12.39,12.21,12.133,12.166,0.11,1.69,2.33,1.58,2.22,0.26,0.64,0.26,0.44,0.18,-0.033
912,914,55.173518,49.399194,2.0,0.01,0.0,14.57,14.37,13.65,13.47,13.35,13.09,12.95,12.89,12.733,12.776,0.2,0.92,1.22,0.72,1.02,0.18,0.3,0.14,0.2,0.06,-0.043
914,916,92.803773,24.587649,2.0,0.17,1.0,14.9,14.68,14.25,13.99,13.96,13.46,13.31,13.25,13.12,13.078,0.22,0.65,0.94,0.43,0.72,0.26,0.29,0.15,0.21,0.06,0.042
928,930,86.940797,31.132051,2.0,0.0,0.0,14.69,14.49,13.96,13.79,13.56,13.06,12.88,12.8,12.747,12.776,0.2,0.73,1.13,0.53,0.93,0.17,0.4,0.18,0.26,0.08,-0.029
930,932,84.9763094,30.4744369,2.0,0.01,0.0,13.79,12.85,12.42,12.28,12.11,11.67,11.47,11.36,11.286,11.31,0.94,1.37,1.68,0.43,0.74,0.14,0.31,0.2,0.31,0.11,-0.024
933,935,83.974116,29.629067,2.0,0.0,0.0,16.77,16.15,15.19,14.93,14.51,13.46,13.16,12.98,12.889,12.887,0.62,1.58,2.26,0.96,1.64,0.26,0.68,0.3,0.48,0.18,0.002
935,937,83.2440839,29.810905,2.0,0.0,0.0,14.29,13.49,12.72,12.54,12.27,11.63,11.44,11.35,11.291,11.303,0.8,1.57,2.02,0.77,1.22,0.18,0.45,0.19,0.28,0.09,-0.012
936,938,307.8462903,41.3662294,2.0,0.0,0.0,17.77,16.49,14.26,13.79,12.92,10.81,10.22,9.91,9.731,9.682,1.28,3.51,4.85,2.23,3.57,0.47,1.34,0.59,0.9,0.31,0.049
937,939,59.076031,51.13302,2.0,0.18,0.0,10.98,10.13,12.87,11.35,11.1,9.06,9.16,9.08,8.868,8.888,0.85,-1.89,-0.12,-2.74,-0.97,1.52,1.77,-0.1,-0.02,0.08,-0.02
939,941,86.865612,22.367386,2.0,0.01,0.0,15.07,14.94,14.5,14.33,14.16,13.63,13.41,13.3,13.282,13.312,0.13,0.57,0.91,0.44,0.78,0.17,0.34,0.22,0.33,0.11,-0.03
940,942,58.5533732,48.7525903,2.0,0.05,0.0,13.63,13.08,12.29,11.92,11.79,11.27,11.17,11.1,11.058,11.058,0.55,1.34,1.84,0.79,1.29,0.37,0.5,0.1,0.17,0.07,0.0
941,943,25.510498,57.37393,2.0,0.0,0.0,14.52,14.52,14.19,14.01,13.89,13.42,13.29,13.27,13.259,13.247,0.0,0.33,0.63,0.33,0.63,0.18,0.3,0.13,0.15,0.02,0.012
943,945,310.177643,41.557741,2.0,0.0,0.0,19.01,17.52,15.38,14.95,14.03,11.97,11.42,11.12,10.845,10.803,1.49,3.63,4.98,2.14,3.49,0.43,1.35,0.55,0.85,0.3,0.042
944,946,60.847515,53.21313,2.0,0.0,0.0,14.21,14.86,12.79,12.51,12.25,11.62,11.4,11.33,11.224,11.245,-0.65,1.42,1.96,2.07,2.61,0.28,0.54,0.22,0.29,0.07,-0.021
945,947,90.062812,21.491077,2.0,0.0,0.0,15.15,14.83,13.96,13.7,13.32,12.4,12.13,11.98,11.831,11.817,0.32,1.19,1.83,0.87,1.51,0.26,0.64,0.27,0.42,0.15,0.014
948,950,307.8276564,45.5547958,2.0,0.11,0.0,14.42,14.1,13.63,13.05,12.86,12.07,11.81,11.75,11.639,11.681,0.32,0.79,1.56,0.47,1.24,0.58,0.77,0.26,0.32,0.06,-0.042
952,954,102.8430914,-0.2858156,2.0,0.98,1.0,15.05,15.12,14.62,14.06,14.17,13.44,13.15,12.98,12.867,12.587,-0.07,0.43,0.88,0.5,0.95,0.56,0.45,0.29,0.46,0.17,0.28
953,955,308.360821,42.311689,2.0,0.0,0.0,18.64,17.39,15.36,14.93,14.1,12.05,11.49,11.22,11.008,10.983,1.25,3.28,4.54,2.03,3.29,0.43,1.26,0.56,0.83,0.27,0.025
954,956,88.428156,21.873148,2.0,0.51,1.0,14.64,14.76,14.41,14.03,14.09,13.52,13.37,13.27,12.943,12.754,-0.12,0.23,0.55,0.35,0.67,0.38,0.32,0.15,0.25,0.1,0.189
955,957,84.6066264,30.3288083,2.0,0.0,0.0,14.33,13.08,12.54,12.36,12.17,11.71,11.57,11.52,11.434,11.471,1.25,1.79,2.16,0.54,0.91,0.18,0.37,0.14,0.19,0.05,-0.037
956,958,344.968493,58.630893,2.0,0.04,0.0,13.84,12.81,12.22,12.01,11.99,11.61,11.55,11.5,11.48,11.52,1.03,1.62,1.85,0.59,0.82,0.21,0.23,0.06,0.11,0.05,-0.04
959,961,55.606424,49.940849,2.0,0.0,0.0,13.57,13.35,12.86,12.68,12.56,12.09,12.03,11.98,11.887,11.902,0.22,0.71,1.01,0.49,0.79,0.18,0.3,0.06,0.11,0.05,-0.015
960,962,87.470239,30.996971,2.0,0.0,0.0,14.29,14.46,14.22,14.06,13.95,13.49,13.34,13.32,13.189,13.206,-0.17,0.07,0.34,0.24,0.51,0.16,0.27,0.15,0.17,0.02,-0.017
966,968,85.2731503,30.2909006,2.0,0.0,0.0,13.81,13.21,12.53,12.33,12.18,11.71,11.59,11.52,11.465,11.488,0.6,1.28,1.63,0.68,1.03,0.2,0.35,0.12,0.19,0.07,-0.023
969,971,86.5791711,29.5964278,2.0,0.0,1.0,15.41,14.81,13.8,13.51,13.14,12.17,11.91,11.76,11.586,11.548,0.6,1.61,2.27,1.01,1.67,0.29,0.66,0.26,0.41,0.15,0.038
970,972,308.3676236,41.1327592,2.0,0.0,0.0,17.7,16.24,14.35,14.16,13.1,10.71,10.17,9.89,9.697,9.692,1.46,3.35,4.6,1.89,3.14,0.19,1.25,0.54,0.82,0.28,0.005
974,976,60.176105,52.200294,2.0,0.01,0.0,14.69,14.43,13.56,13.29,13.06,12.27,12.07,11.94,11.823,11.849,0.26,1.13,1.63,0.87,1.37,0.27,0.5,0.2,0.33,0.13,-0.026
975,977,84.101152,27.940732,2.0,0.0,0.0,15.79,15.73,15.0,14.75,14.42,13.69,13.41,13.39,13.204,13.162,0.06,0.79,1.37,0.73,1.31,0.25,0.58,0.28,0.3,0.02,0.042
976,978,85.137003,28.611116,2.0,0.0,0.0,18.94,17.93,16.36,15.98,15.23,13.64,13.15,12.88,12.69,12.639,1.01,2.58,3.71,1.57,2.7,0.38,1.13,0.49,0.76,0.27,0.051
977,979,59.558959,52.173405,2.0,0.38,1.0,14.15,14.86,12.91,11.97,11.78,10.89,10.8,10.65,10.573,10.584,-0.71,1.24,2.37,1.95,3.08,0.94,1.13,0.09,0.24,0.15,-0.011
980,982,321.5246342,51.9746014,2.0,0.0,0.0,17.8,16.73,15.17,14.79,14.14,12.47,12.05,11.82,11.596,11.559,1.07,2.63,3.66,1.56,2.59,0.38,1.03,0.42,0.65,0.23,0.037
982,984,311.4362306,43.6614264,2.0,0.0,1.0,17.11,16.2,14.55,14.14,13.41,11.66,11.22,10.95,10.85,10.839,0.91,2.56,3.7,1.65,2.79,0.41,1.14,0.44,0.71,0.27,0.011
983,985,309.453926,42.61052,2.0,0.0,0.0,18.83,17.5,15.42,15.0,14.11,11.71,11.07,10.73,10.55,10.558,1.33,3.41,4.72,2.08,3.39,0.42,1.31,0.64,0.98,0.34,-0.008
986,988,308.8307803,40.8335525,2.0,0.0,1.0,17.87,16.65,14.6,14.15,13.33,11.13,10.55,10.24,10.066,10.035,1.22,3.27,4.54,2.05,3.32,0.45,1.27,0.58,0.89,0.31,0.031
988,990,85.283205,28.296639,2.0,0.0,0.0,16.93,16.46,15.21,14.89,14.3,13.13,12.78,12.56,12.444,12.407,0.47,1.72,2.63,1.25,2.16,0.32,0.91,0.35,0.57,0.22,0.037
992,994,308.5715444,41.1084692,2.0,0.0,0.0,17.74,16.6,14.11,13.6,12.59,10.12,9.48,9.14,8.915,8.861,1.14,3.63,5.15,2.49,4.01,0.51,1.52,0.64,0.98,0.34,0.054
995,997,308.306357,40.964083,2.0,0.0,1.0,19.14,17.45,15.15,14.67,13.78,11.55,10.97,10.65,10.451,10.462,1.69,3.99,5.36,2.3,3.67,0.48,1.37,0.58,0.9,0.32,-0.011
996,998,309.776298,42.952862,2.0,0.0,1.0,17.82,16.54,14.23,13.73,12.81,10.52,9.88,9.53,9.326,9.244,1.28,3.59,5.01,2.31,3.73,0.5,1.42,0.64,0.99,0.35,0.082
1000,1002,63.257838,53.398433,2.0,0.01,0.0,14.72,13.67,12.87,12.65,12.47,11.82,11.66,11.62,11.488,11.503,1.05,1.85,2.25,0.8,1.2,0.22,0.4,0.16,0.2,0.04,-0.015
1002,1004,83.299109,28.132728,2.0,0.0,0.0,16.81,16.51,15.6,15.34,15.01,14.12,13.72,13.62,13.569,13.641,0.3,1.21,1.8,0.91,1.5,0.26,0.59,0.4,0.5,0.1,-0.072
1011,1013,59.4651939,50.4657608,2.0,0.01,0.0,13.87,13.69,13.21,12.65,12.42,11.83,11.66,11.59,11.508,11.516,0.18,0.66,1.45,0.48,1.27,0.56,0.79,0.17,0.24,0.07,-0.008
1014,1016,86.790841,21.223821,2.0,0.1,0.0,13.98,12.86,12.55,12.21,12.12,11.75,11.65,11.6,11.554,11.561,1.12,1.43,1.86,0.31,0.74,0.34,0.43,0.1,0.15,0.05,-0.007
1015,1017,57.243551,47.895353,2.0,0.05,0.0,13.66,13.21,12.7,12.32,12.21,11.82,11.74,11.71,11.619,11.616,0.45,0.96,1.45,0.51,1.0,0.38,0.49,0.08,0.11,0.03,0.003
1019,1021,56.010493,49.124884,2.0,0.0,0.0,14.55,14.08,13.25,13.03,12.81,12.23,12.07,11.94,11.891,11.881,0.47,1.3,1.74,0.83,1.27,0.22,0.44,0.16,0.29,0.13,0.01
1021,1023,310.35191,37.512022,2.0,0.39,0.0,16.18,15.48,14.31,13.91,13.6,12.19,11.84,11.6,11.444,11.175,0.7,1.87,2.58,1.17,1.88,0.4,0.71,0.35,0.59,0.24,0.269
1023,1025,309.106289,42.647098,2.0,0.0,1.0,18.15,16.87,14.86,14.46,13.66,11.71,11.14,10.86,10.554,10.526,1.28,3.29,4.49,2.01,3.21,0.4,1.2,0.57,0.85,0.28,0.028
1024,1026,346.5446147,58.8044772,2.0,0.04,1.0,13.56,12.43,12.39,11.81,11.71,11.22,11.1,11.06,10.961,10.973,1.13,1.17,1.85,0.04,0.72,0.58,0.68,0.12,0.16,0.04,-0.012
1025,1027,25.334876,58.16046,2.0,0.01,0.0,14.93,15.35,14.05,13.93,13.78,13.37,13.31,13.22,13.125,13.165,-0.42,0.88,1.15,1.3,1.57,0.12,0.27,0.06,0.15,0.09,-0.04
1029,1031,87.18089,21.506047,2.0,0.02,0.0,14.43,14.3,13.58,13.38,13.25,12.73,12.61,12.57,12.44,12.489,0.13,0.85,1.18,0.72,1.05,0.2,0.33,0.12,0.16,0.04,-0.049
1039,1041,61.680329,52.61634,2.0,0.01,0.0,13.7,13.68,12.71,12.14,11.85,11.09,10.91,10.81,10.763,10.79,0.02,0.99,1.85,0.97,1.83,0.57,0.86,0.18,0.28,0.1,-0.027
1041,1043,308.4272347,41.2490667,2.0,0.0,1.0,17.02,16.28,14.06,13.62,12.84,10.74,10.23,9.89,9.53,9.444,0.74,2.96,4.18,2.22,3.44,0.44,1.22,0.51,0.85,0.34,0.086
1042,1044,308.6070364,40.8630792,2.0,0.0,0.0,17.76,16.5,14.56,14.11,13.36,11.44,10.93,10.66,10.512,10.498,1.26,3.2,4.4,1.94,3.14,0.45,1.2,0.51,0.78,0.27,0.014
1044,1046,307.7920183,41.5153636,2.0,0.0,0.0,17.04,16.05,14.55,14.22,13.65,12.16,11.81,11.58,11.409,11.443,0.99,2.49,3.39,1.5,2.4,0.33,0.9,0.35,0.58,0.23,-0.034
1047,1049,83.002669,30.001753,2.0,0.0,0.0,15.83,15.47,14.06,13.84,13.52,12.73,12.55,12.38,12.312,12.328,0.36,1.77,2.31,1.41,1.95,0.22,0.54,0.18,0.35,0.17,-0.016
1053,1055,63.513223,53.459962,2.0,0.01,1.0,14.65,15.97,12.98,12.7,12.5,11.77,11.61,11.46,11.38,11.385,-1.32,1.67,2.15,2.99,3.47,0.28,0.48,0.16,0.31,0.15,-0.005
1055,1057,86.9338458,20.2323292,2.0,0.07,0.0,14.24,13.19,12.78,12.44,12.32,11.98,11.81,11.79,11.715,11.736,1.05,1.46,1.92,0.41,0.87,0.34,0.46,0.17,0.19,0.02,-0.021
1057,1059,82.05784,28.11402,2.0,0.17,1.0,16.01,15.72,15.14,14.84,14.74,14.11,13.81,13.79,13.578,13.579,0.29,0.87,1.27,0.58,0.98,0.3,0.4,0.3,0.32,0.02,-0.001
1058,1060,60.3800778,52.0806044,2.0,0.0,0.0,14.69,13.72,12.81,12.48,12.17,11.46,11.18,11.09,10.987,10.987,0.97,1.88,2.52,0.91,1.55,0.33,0.64,0.28,0.37,0.09,0.0
1062,1064,100.181657,-1.033052,2.0,0.0,0.0,15.21,14.88,14.38,14.27,13.99,13.4,13.26,13.15,13.052,13.078,0.33,0.83,1.22,0.5,0.89,0.11,0.39,0.14,0.25,0.11,-0.026
1064,1066,57.06337,50.651948,2.0,0.01,0.0,16.16,15.75,14.51,14.19,13.84,12.76,12.49,12.35,12.246,12.259,0.41,1.65,2.32,1.24,1.91,0.32,0.67,0.27,0.41,0.14,-0.013
1065,1067,82.6170092,30.2822883,2.0,0.0,0.0,14.77,14.37,13.51,13.27,12.96,12.26,12.07,11.96,11.845,11.837,0.4,1.26,1.81,0.86,1.41,0.24,0.55,0.19,0.3,0.11,0.008
1066,1068,101.7906069,11.7857369,2.0,0.12,0.0,13.17,12.05,12.14,11.85,11.86,11.59,11.55,11.46,11.435,11.496,1.12,1.03,1.31,-0.09,0.19,0.29,0.28,0.04,0.13,0.09,-0.061
1067,1069,67.1948667,54.7035361,2.0,0.02,0.0,13.95,13.6,12.84,12.52,12.33,11.67,11.51,11.41,11.38,11.386,0.35,1.11,1.62,0.76,1.27,0.32,0.51,0.16,0.26,0.1,-0.006
1068,1070,60.1838547,50.8106683,2.0,0.0,0.0,13.6,12.79,12.13,11.88,11.68,11.19,11.06,11.01,10.928,10.939,0.81,1.47,1.92,0.66,1.11,0.25,0.45,0.13,0.18,0.05,-0.011
1070,1072,92.477575,23.564027,2.0,0.06,0.0,15.14,15.01,14.74,14.6,14.6,14.11,13.99,13.96,13.88,13.902,0.13,0.4,0.54,0.27,0.41,0.14,0.14,0.12,0.15,0.03,-0.022
