,umag,gmag,rmag,imag,Hamag,Jmag,Hmag,Kmag,umag_gmag_rmag_imag,umag_gmag_rmag_Hamag,umag_gmag_imag_Hamag,umag_rmag_imag_Hamag,gmag_rmag_imag_Hamag,outlier_columns,ID,DEJ2000,w1_err,e_gmag,e_rmag,objtype_SIMBAD,w1,e_umag,Fe_type,h,h_err,k_err,e_imag,e_Hamag,Halpha_type,e_Kmag,e_Jmag,RAJ2000,e_Hmag,k,objtype_Hou
0,14.68,14.28,13.47,12.99,13.33,12.347,12.072,12.003,-0.4720000000000002,-0.497647058823533,-0.4618604651162779,-0.4346511627906968,0.02720930232558083,umag_gmag_rmag_imag | umag_gmag_imag_Hamag | umag_rmag_imag_Hamag,J063416.35+023030.2,2.5083942,0.054,0.0,0.0,,11.916,0.01,,12.072,0.024,0.027,0.01,0.0,I,0.027,0.023,98.568135,0.024,12.003,CBe
1,14.39,14.0,13.43,13.09,13.3,12.506,12.36,12.208,-0.22766666666666568,-0.4435294117646992,-0.14232558139535012,-0.05581395348837481,0.08651162790697531,umag_gmag_rmag_imag | umag_gmag_imag_Hamag | umag_rmag_imag_Hamag,J063922.10+021541.1,2.2614222,0.023,0.0,0.01,,12.167,0.01,,12.36,0.022,0.021,0.02,0.01,VI,0.021,0.026,99.842121,0.022,12.208,CBe
2,14.21,14.26,13.62,13.26,13.4,12.703,12.469,12.387,-0.7039999999999977,-1.4605882352941097,-0.4048837209302328,-0.0872093023255821,0.3176744186046506,umag_gmag_rmag_imag | umag_gmag_rmag_Hamag | umag_gmag_imag_Hamag | umag_rmag_imag_Hamag,J063535.19+013958.4,1.6662237,0.023,0.0,0.01,,12.329,0.01,,12.469,0.029,0.024,0.01,0.01,VI,0.024,0.027,98.896642,0.029,12.387,CBe
3,14.87,14.68,13.87,13.37,13.72,12.553,12.337,12.147,-0.7183333333333336,-0.7717647058823447,-0.6972093023255851,-0.6930232558139593,0.004186046511625574,umag_gmag_rmag_imag | umag_gmag_imag_Hamag | umag_rmag_imag_Hamag,J063435.34+023210.5,2.5362503,0.025,0.0,0.01,,12.014,0.01,,12.337,0.025,0.026,0.01,0.02,II,0.026,0.026,98.647278,0.025,12.147,HII-region
4,14.87,14.68,13.87,13.37,13.72,12.553,12.337,12.147,-0.7183333333333336,-0.7717647058823447,-0.6972093023255851,-0.6930232558139593,0.004186046511625574,umag_gmag_rmag_imag | umag_gmag_imag_Hamag | umag_rmag_imag_Hamag,J063435.34+023210.5,2.5362503,0.025,0.0,0.01,,12.014,0.01,,12.337,0.025,0.026,0.01,0.02,II,0.026,0.026,98.647278,0.025,12.147,HII-region
5,14.73,14.55,13.89,13.48,13.75,12.911,12.67,12.599,-0.5648333333333337,-0.7176470588235336,-0.5044186046511616,-0.4660465116279042,0.03837209302325728,umag_gmag_rmag_imag | umag_gmag_imag_Hamag | umag_rmag_imag_Hamag,J063536.56+023113.7,2.5204741,0.024,0.0,0.01,,12.399,0.01,,12.67,0.022,0.026,0.01,0.01,II,0.026,0.023,98.902366,0.022,12.599,HII-region
6,14.87,14.33,13.58,13.06,13.48,12.287,12.058,11.932,-0.4046666666666665,-0.10117647058823409,-0.5246511627906978,-0.7416279069767433,-0.21697674418604584,umag_gmag_rmag_imag | umag_gmag_imag_Hamag | umag_rmag_imag_Hamag,J063447.77+022527.8,2.4244091,0.023,0.0,0.01,White Dwarf Candidate,11.773,0.01,,12.058,0.029,0.029,0.02,0.01,II,0.029,0.026,98.699065,0.029,11.932,HII-region
7,16.26,15.35,14.27,13.64,14.1,12.468,12.125,11.921,-0.23449999999999593,-0.17999999999999794,-0.25604651162790204,-0.2351162790697594,0.020930232558142192,umag_gmag_rmag_imag | umag_gmag_imag_Hamag | umag_rmag_imag_Hamag,J063532.89+022916.6,2.487946,0.022,0.0,0.0,,11.766,0.01,,12.125,0.025,0.027,0.01,0.01,II,0.027,0.024,98.887069,0.025,11.921,HII-region
8,14.73,14.55,13.89,13.48,13.75,12.911,12.67,12.599,-0.5648333333333337,-0.7176470588235336,-0.5044186046511616,-0.4660465116279042,0.03837209302325728,umag_gmag_rmag_imag | umag_gmag_imag_Hamag | umag_rmag_imag_Hamag,J063536.56+023113.7,2.5204741,0.024,0.0,0.01,,12.399,0.01,,12.67,0.022,0.026,0.01,0.01,II,0.026,0.023,98.902366,0.022,12.599,HII-region
72,22.918,19.636,18.94,17.72,18.46,15.065,14.027,13.628,1.065666666666663,0.20435294117646707,1.4061860465116238,0.39846511627906045,-1.0077209302325638,umag_gmag_imag_Hamag | gmag_rmag_imag_Hamag,J055158.60+221514.6,22.254083,0.027,0.029,0.02,,12.609,0.966,,14.027,0.092,0.08,0.02,0.03,II,0.08,0.078,87.994208,0.092,13.628,unknown
74,15.762,14.736,12.98,12.29,12.43,11.335,10.981,10.641,-0.22750000000000226,-2.5004705882353,0.671116279069766,2.1047906976744164,1.4336744186046504,umag_gmag_rmag_imag | umag_gmag_rmag_Hamag | umag_rmag_imag_Hamag | gmag_rmag_imag_Hamag,J034528.44+500326.0,50.057241,0.023,0.004,0.0,Emission-line Star,10.056,0.005,double-peak,10.981,0.024,0.023,0.0,0.0,I,0.023,0.021,56.368509,0.024,10.641,CBe
75,15.302,15.793,12.68,11.91,11.88,10.899,10.575,10.259,-1.889833333333332,-5.620411764705877,-0.41495348837209434,2.7671162790697643,3.1820697674418583,umag_gmag_rmag_imag | umag_gmag_rmag_Hamag | umag_gmag_imag_Hamag | umag_rmag_imag_Hamag | gmag_rmag_imag_Hamag,J035614.13+522603.1,52.434199,0.023,0.012,0.0,Emission-line Star,10.04,0.007,,10.575,0.032,0.022,0.0,0.0,I,0.022,0.027,59.058908,0.032,10.259,CBe
76,17.713,16.449,15.63,14.97,15.17,14.133,13.836,13.609,0.06499999999999928,-1.6854117647058895,0.7570232558139549,1.115558139534888,0.35853488372093295,umag_gmag_rmag_imag | umag_gmag_rmag_Hamag,J053307.98+284749.2,28.797,0.025,0.005,0.0,,13.214,0.011,,13.836,0.022,0.036,0.0,0.0,I,0.036,0.026,83.28325,0.022,13.609,CBe
77,16.526,15.552,15.04,14.59,14.55,13.874,13.65,13.406,0.15650000000000175,-2.1677647058823437,1.0753953488372072,1.6794883720930196,0.6040930232558124,umag_gmag_rmag_Hamag | gmag_rmag_imag_Hamag,J052831.75+271146.6,27.196278,0.026,0.003,0.0,,13.154,0.006,,13.65,0.031,0.032,0.0,0.0,I,0.032,0.026,82.132292,0.031,13.406,CBe
78,16.991,14.926,14.01,13.39,13.66,12.396,11.856,11.767,0.9386666666666679,-0.17911764705882227,1.3805813953488382,1.6749534883720958,0.2943720930232575,umag_gmag_imag_Hamag,J065524.38+061235.8,6.209945,0.022,0.003,0.0,,11.659,0.008,,11.856,0.024,0.026,0.0,0.0,I,0.026,0.024,103.85162,0.024,11.767,CBe
79,15.564,14.665,14.41,14.09,14.03,13.516,13.37,13.265,0.3176666666666672,-1.537470588235299,1.051093023255816,1.444232558139537,0.393139534883721,umag_gmag_rmag_Hamag,J055342.76+215223.3,21.873139,0.024,0.003,0.0,,12.943,0.005,,13.37,0.026,0.028,0.0,0.0,I,0.028,0.024,88.428167,0.026,13.265,CBe
80,17.658,16.02,15.08,14.33,14.53,13.294,12.921,12.645,0.2755000000000021,-1.8884705882352981,1.1310232558139572,1.610558139534889,0.4795348837209316,umag_gmag_rmag_Hamag,J054955.18+325006.9,32.83525,0.024,0.004,0.0,,12.488,0.011,,12.921,0.023,0.026,0.0,0.0,I,0.026,0.023,87.479917,0.023,12.645,CBe
81,16.455,15.157,14.57,14.13,14.19,13.467,13.3,13.137,0.49866666666666604,-1.1384705882353017,1.1459069767441876,1.5947674418604696,0.44886046511628186,umag_gmag_rmag_Hamag,J052850.94+272112.0,27.353348,0.025,0.003,0.0,,12.877,0.006,,13.3,0.031,0.03,0.0,0.0,I,0.03,0.024,82.212254,0.031,13.137,CBe
82,16.526,15.552,15.04,14.59,14.55,13.874,13.65,13.406,0.15650000000000175,-2.1677647058823437,1.0753953488372072,1.6794883720930196,0.6040930232558124,umag_gmag_rmag_Hamag | gmag_rmag_imag_Hamag,J052831.75+271146.6,27.196278,0.026,0.003,0.0,,13.154,0.006,,13.65,0.031,0.032,0.0,0.0,I,0.032,0.026,82.132292,0.031,13.406,CBe
83,15.693,14.806,13.52,12.96,12.83,12.013,11.716,11.386,-0.1303333333333303,-3.537117647058821,1.2165348837209324,2.801837209302329,1.5853023255813965,umag_gmag_rmag_imag | umag_gmag_rmag_Hamag | umag_rmag_imag_Hamag | gmag_rmag_imag_Hamag,J055352.81+222544.5,22.429046,0.024,0.004,0.0,,11.247,0.006,unclassify,11.716,0.021,0.019,0.0,0.0,I,0.019,0.022,88.470081,0.021,11.386,CBe
84,15.693,14.806,13.52,12.96,12.83,12.013,11.716,11.386,-0.1303333333333303,-3.537117647058821,1.2165348837209324,2.801837209302329,1.5853023255813965,umag_gmag_rmag_imag | umag_gmag_rmag_Hamag | umag_rmag_imag_Hamag | gmag_rmag_imag_Hamag,J055352.81+222544.5,22.429046,0.024,0.004,0.0,,11.247,0.006,,11.716,0.021,0.019,0.0,0.0,I,0.019,0.022,88.470081,0.021,11.386,CBe
85,15.268,14.549,13.65,13.33,13.25,12.782,12.636,12.489,0.1376666666666675,-1.8457058823529433,0.9217906976744199,2.004976744186047,1.0831860465116272,umag_gmag_rmag_Hamag | umag_rmag_imag_Hamag | gmag_rmag_imag_Hamag,J061658.93+251525.8,25.257194,0.024,0.011,0.0,,12.323,0.005,double-peak,12.636,0.023,0.024,0.0,0.0,I,0.024,0.021,94.245542,0.023,12.489,CBe
86,15.268,14.549,13.65,13.33,13.25,12.782,12.636,12.489,0.1376666666666675,-1.8457058823529433,0.9217906976744199,2.004976744186047,1.0831860465116272,umag_gmag_rmag_Hamag | umag_rmag_imag_Hamag | gmag_rmag_imag_Hamag,J061658.92+251525.8,25.257169,0.024,0.011,0.0,,12.323,0.005,,12.636,0.023,0.024,0.0,0.0,I,0.024,0.021,94.245504,0.023,12.489,CBe
87,14.487,14.61,12.86,12.62,12.6,12.059,11.903,11.737,-0.5589999999999996,-1.7900588235294104,-0.0723023255813958,1.7237441860465101,1.796046511627906,umag_gmag_rmag_imag | umag_gmag_rmag_Hamag | umag_gmag_imag_Hamag | gmag_rmag_imag_Hamag,J061036.48+241848.1,24.313367,0.024,0.009,0.0,,11.482,0.004,double-peak,11.903,0.022,0.021,0.0,0.0,I,0.021,0.021,92.652009,0.022,11.737,CBe
88,16.077,14.715,13.86,13.32,13.42,12.495,12.215,12.088,0.38100000000000367,-1.4591764705882313,1.1085116279069798,1.733279069767446,0.6247674418604665,umag_gmag_rmag_Hamag | gmag_rmag_imag_Hamag,J041544.67+534956.0,53.832225,0.025,0.004,0.0,,11.783,0.006,,12.215,0.019,0.023,0.0,0.0,I,0.023,0.026,63.936129,0.019,12.088,CBe
89,15.564,14.665,14.41,14.09,14.03,13.516,13.37,13.265,0.3176666666666672,-1.537470588235299,1.051093023255816,1.444232558139537,0.393139534883721,umag_gmag_rmag_Hamag,J055342.75+215223.3,21.873148,0.024,0.003,0.0,,12.943,0.005,,13.37,0.026,0.028,0.0,0.0,I,0.028,0.024,88.428156,0.026,13.265,CBe
90,15.268,14.549,13.65,13.33,13.25,12.782,12.636,12.489,0.1376666666666675,-1.8457058823529433,0.9217906976744199,2.004976744186047,1.0831860465116272,umag_gmag_rmag_Hamag | umag_rmag_imag_Hamag | gmag_rmag_imag_Hamag,J061658.93+251525.8,25.257194,0.024,0.011,0.0,,12.323,0.005,,12.636,0.023,0.024,0.0,0.0,I,0.024,0.021,94.245542,0.023,12.489,CBe
91,16.877,15.644,14.61,13.76,13.92,12.466,12.017,11.563,-0.3111666666666668,-3.1911176470588227,0.8274186046511613,1.4930465116279064,0.6656279069767448,umag_gmag_rmag_imag | umag_gmag_rmag_Hamag | gmag_rmag_imag_Hamag,J055820.80+225246.0,22.879454,0.023,0.003,0.0,,11.158,0.008,unclassify,12.017,0.021,0.019,0.0,0.0,I,0.019,0.025,89.586701,0.021,11.563,CBe
94,23.028,21.13,19.33,18.29,18.89,16.676,15.83,15.471,0.008666666666668377,-0.9231764705882219,0.3770697674418573,0.7956744186046465,0.4186046511627888,umag_gmag_rmag_imag | umag_gmag_imag_Hamag,J053411.98+290903.2,29.150907,0.047,0.033,0.04,,15.449,0.3,,15.83,0.12,0.146,0.03,0.04,II,0.146,0.112,83.54995,0.12,15.471,CBe
107,14.73,13.554,13.13,12.37,12.59,11.846,11.728,11.665,-0.204666666666669,-2.2863529411764776,0.6183255813953477,0.5358139534883692,-0.08251162790697841,umag_gmag_rmag_imag | umag_gmag_rmag_Hamag,J035459.00+521445.3,52.245931,0.024,0.003,0.0,,11.608,0.004,,11.728,0.029,0.027,0.0,0.0,II,0.027,0.022,58.745852,0.029,11.665,CBe
109,16.171,14.31,13.02,12.42,12.61,11.527,11.29,11.117,0.7709999999999999,-0.7678235294117677,1.3793720930232563,2.2319302325581423,0.852558139534886,umag_gmag_imag_Hamag | umag_rmag_imag_Hamag | gmag_rmag_imag_Hamag,J034551.26+494856.7,49.815753,0.024,0.003,0.0,,11.003,0.009,,11.29,0.027,0.025,0.0,0.0,II,0.025,0.025,56.463593,0.027,11.117,CBe
116,15.352,15.684,13.26,12.97,12.94,12.639,12.618,12.535,-0.8588333333333306,-2.3837647058823546,-0.25595348837208914,2.2371162790697734,2.4930697674418627,umag_gmag_rmag_imag | umag_gmag_rmag_Hamag | umag_gmag_imag_Hamag | umag_rmag_imag_Hamag | gmag_rmag_imag_Hamag,J052423.13+283541.6,28.594889,0.024,0.012,0.0,,12.254,0.007,,12.618,0.031,0.024,0.0,0.0,II,0.024,0.023,81.096375,0.031,12.535,CBe
117,16.494,15.355,14.13,13.74,13.92,13.107,12.946,12.862,0.43049999999999844,-0.20747058823530073,0.6827209302325584,1.4933023255813962,0.8105813953488377,gmag_rmag_imag_Hamag,J052153.85+284203.6,28.701011,0.025,0.005,0.0,,12.812,0.008,,12.946,0.025,0.025,0.0,0.0,II,0.025,0.021,80.474386,0.025,12.862,CBe
118,16.455,15.157,14.57,14.13,14.19,13.467,13.3,13.137,0.49866666666666604,-1.1384705882353017,1.1459069767441876,1.5947674418604696,0.44886046511628186,umag_gmag_rmag_Hamag,J052850.94+272112.0,27.353361,0.025,0.003,0.0,,12.877,0.006,,13.3,0.031,0.03,0.0,0.0,II,0.03,0.024,82.21225,0.031,13.137,CBe
132,24.635,17.203,16.66,16.17,16.48,15.515,15.3,15.175,6.541833333333338,6.27788235294118,6.646186046511634,6.475465116279079,-0.17072093023255552,umag_gmag_rmag_imag | umag_gmag_rmag_Hamag | umag_gmag_imag_Hamag | umag_rmag_imag_Hamag,J052530.75+293821.3,29.639252,0.042,0.005,0.01,,15.104,1.578,,15.3,0.105,0.118,0.01,0.01,II,0.118,0.061,81.378157,0.105,15.175,CBe
157,15.059,13.894,13.6,13.49,13.38,13.211,13.172,13.115,0.965166666666667,-0.24558823529411167,1.443837209302323,1.9910930232558104,0.5472558139534874,umag_gmag_imag_Hamag | umag_rmag_imag_Hamag,J064938.69+103851.9,10.647757,0.025,0.002,0.0,Star in Cluster,12.785,0.006,,13.172,0.029,0.035,0.0,0.0,II,0.035,0.022,102.41121,0.029,13.115,CBe
158,17.738,15.079,13.41,12.72,13.01,11.528,10.906,10.716,1.4055000000000002,0.09429411764705442,1.923883720930234,2.9252093023255856,1.0013255813953517,umag_gmag_rmag_imag | umag_gmag_imag_Hamag | umag_rmag_imag_Hamag | gmag_rmag_imag_Hamag,J064917.52+100126.8,10.024136,0.023,0.006,0.0,,10.489,0.013,,10.906,0.027,0.026,0.0,0.0,II,0.026,0.029,102.32302,0.027,10.716,CBe
159,15.074,14.77,12.91,11.78,11.97,10.885,10.801,10.645,-1.7488333333333341,-5.72305882352941,-0.1776279069767469,1.2449302325581337,1.4225581395348805,umag_gmag_rmag_imag | umag_gmag_rmag_Hamag | umag_gmag_imag_Hamag | gmag_rmag_imag_Hamag,J035814.14+521024.3,52.173432,0.023,0.011,0.0,Emission-line Star,10.573,0.006,,10.801,0.032,0.021,0.0,0.0,II,0.021,0.029,59.558931,0.032,10.645,CBe
163,15.081,14.366,12.95,12.37,12.63,11.827,11.729,11.621,-0.33866666666666667,-1.3367647058823442,0.055930232558135784,0.8733255813953422,0.8173953488372064,umag_gmag_rmag_imag | umag_gmag_rmag_Hamag | umag_gmag_imag_Hamag | gmag_rmag_imag_Hamag,J040604.74+510850.1,51.147255,0.023,0.008,0.0,,11.52,0.004,,11.729,0.03,0.025,0.0,0.0,II,0.025,0.021,61.519775,0.03,11.621,CBe
165,15.736,15.26,13.57,13.39,13.46,13.041,12.99,12.933,0.14900000000000146,-0.22929411764705454,0.29855813953488397,1.8273953488372086,1.5288372093023246,umag_gmag_imag_Hamag | umag_rmag_imag_Hamag | gmag_rmag_imag_Hamag,J064745.81+111321.9,11.222758,0.023,0.013,0.0,,12.887,0.008,,12.99,0.03,0.03,0.0,0.0,II,0.03,0.026,101.94088,0.03,12.933,CBe
167,15.345,15.17,13.5,13.37,13.38,13.107,13.111,13.049,-0.06116666666666731,-0.5944117647058769,0.14965116279069443,1.7966279069767372,1.6469767441860428,umag_gmag_rmag_imag | umag_gmag_imag_Hamag | umag_rmag_imag_Hamag | gmag_rmag_imag_Hamag,J064739.89+112124.1,11.356705,0.024,0.013,0.0,,12.996,0.008,,13.111,0.031,0.03,0.0,0.0,II,0.03,0.028,101.91624,0.031,13.049,CBe
168,15.404,13.059,12.65,12.36,12.49,11.856,11.682,11.679,1.8181666666666656,1.3191176470588228,2.0154651162790684,2.1251627906976704,0.10969767441860195,umag_gmag_rmag_imag | umag_gmag_imag_Hamag | umag_rmag_imag_Hamag,J064719.85+111819.7,11.305475,0.023,0.002,0.0,Star in Cluster,11.56,0.009,,11.682,0.025,0.026,0.0,0.0,II,0.026,0.021,101.83274,0.025,11.679,CBe
170,16.281,17.619,14.11,13.81,13.99,13.361,13.261,13.173,-1.882999999999999,-2.1074117647058785,-1.794279069767442,1.3003023255813966,3.0945813953488384,umag_gmag_rmag_imag | umag_gmag_rmag_Hamag | umag_gmag_imag_Hamag | gmag_rmag_imag_Hamag,J054733.79+313320.6,31.555742,0.025,0.037,0.0,,13.077,0.013,,13.261,0.031,0.032,0.0,0.0,II,0.032,0.023,86.890806,0.031,13.173,CBe
201,15.908,15.923,15.91,15.89,15.83,16.088,15.966,16.328,-0.05133333333333312,-0.5279411764705895,0.13709302325581457,0.28823255813953647,0.1511395348837219,umag_gmag_rmag_imag | umag_gmag_imag_Hamag,J060655.95+235233.7,23.876037,0.13,0.004,0.0,Star,16.712,0.006,,15.966,0.157,,0.01,0.01,II,,0.081,91.733125,0.157,16.328,CBe
254,15.39,14.333,12.27,11.63,11.79,10.908,10.755,10.633,-0.10566666666666369,-2.0206470588235326,0.6514186046511675,2.3460465116279163,1.6946279069767487,umag_gmag_rmag_imag | umag_gmag_rmag_Hamag | umag_rmag_imag_Hamag | gmag_rmag_imag_Hamag,J055343.44+223857.0,22.649184,0.023,0.013,0.0,Star,10.536,0.008,,10.755,0.021,0.017,0.0,0.0,II,0.017,0.022,88.431,0.021,10.633,CBe
255,14.579,14.252,13.23,12.95,13.06,12.509,12.427,12.363,-0.18166666666666864,-0.7629999999999999,0.04816279069767143,0.8169069767441808,0.7687441860465092,umag_gmag_rmag_imag | umag_gmag_imag_Hamag | gmag_rmag_imag_Hamag,J055258.25+205813.6,20.970465,0.024,0.01,0.0,,12.343,0.004,,12.427,0.023,0.02,0.0,0.0,II,0.02,0.02,88.242714,0.023,12.363,CBe
256,15.501,13.412,13.0,12.7,12.83,12.355,12.22,12.209,1.5439999999999974,0.9989999999999988,1.7594651162790667,1.8721627906976703,0.11269767441860384,umag_gmag_rmag_imag | umag_gmag_imag_Hamag | umag_rmag_imag_Hamag,J054905.73+205120.7,20.855764,0.024,0.001,0.0,,12.113,0.009,,12.22,0.035,0.024,0.0,0.0,II,0.024,0.026,87.273882,0.035,12.209,CBe
257,15.235,15.498,12.47,11.85,12.09,11.184,10.956,10.855,-1.3893333333333349,-2.6994705882353,-0.8713720930232559,1.604069767441859,2.4754418604651147,umag_gmag_rmag_imag | umag_gmag_rmag_Hamag | umag_gmag_imag_Hamag | gmag_rmag_imag_Hamag,J054610.71+211613.3,21.27038,0.024,0.013,0.0,,10.79,0.006,,10.956,0.022,0.02,0.0,0.0,II,0.02,0.022,86.544665,0.022,10.855,CBe
259,15.793,13.233,12.86,12.41,12.53,11.969,11.787,11.713,1.7425000000000002,0.44411764705882106,2.255813953488373,2.352534883720934,0.09672093023256118,umag_gmag_rmag_imag | umag_gmag_imag_Hamag | umag_rmag_imag_Hamag,J054454.88+211700.1,21.283385,0.023,0.001,0.0,Star,11.677,0.013,,11.787,0.023,0.02,0.0,0.0,II,0.02,0.02,86.22867,0.023,11.713,CBe
260,16.098,15.307,13.61,13.32,13.48,12.847,12.666,12.612,0.264166666666667,-0.04252941176470115,0.38541860465116123,1.7140465116279064,1.328627906976745,umag_gmag_imag_Hamag | gmag_rmag_imag_Hamag,J054752.59+215127.5,21.857657,0.032,0.019,0.0,,12.565,0.008,,12.666,0.032,0.025,0.0,0.0,II,0.025,0.031,86.969143,0.032,12.612,CBe
262,15.501,13.277,12.72,12.36,12.52,11.562,11.437,11.304,1.569999999999998,0.9416470588235224,1.8184186046511628,2.0070465116279057,0.18862790697674264,umag_gmag_rmag_imag | umag_gmag_imag_Hamag | umag_rmag_imag_Hamag,J055654.23+220545.2,22.095904,0.025,0.002,0.0,Star,11.171,0.007,,11.437,0.023,0.019,0.0,0.0,II,0.019,0.021,89.225968,0.023,11.304,CBe
263,15.39,14.333,12.27,11.63,11.79,10.908,10.755,10.633,-0.10566666666666369,-2.0206470588235326,0.6514186046511675,2.3460465116279163,1.6946279069767487,umag_gmag_rmag_imag | umag_gmag_rmag_Hamag | umag_rmag_imag_Hamag | gmag_rmag_imag_Hamag,J055343.44+223857.0,22.649184,0.023,0.013,0.0,Star,10.536,0.008,,10.755,0.021,0.017,0.0,0.0,II,0.017,0.022,88.431,0.021,10.633,CBe
282,18.333,16.774,16.43,16.15,16.53,15.218,15.046,14.938,1.050333333333329,2.200176470588242,0.5957441860465031,0.06486046511626653,-0.5308837209302368,umag_gmag_rmag_Hamag,J055345.15+215815.5,21.970973,0.037,0.004,0.0,,14.87,0.016,,15.046,0.062,0.105,0.01,0.01,II,0.105,0.04,88.438162,0.062,14.938,CBe
331,14.3,12.5,12.1,11.59,11.45,11.29,11.231,11.149,0.8735000000000014,-2.3676470588235325,2.1548837209302345,2.8772093023255847,0.7223255813953503,umag_gmag_rmag_Hamag | umag_gmag_imag_Hamag | umag_rmag_imag_Hamag | gmag_rmag_imag_Hamag,J061152.34+234344.6,23.729066,0.023,0.001,0.0,Star,11.191,0.005,,11.231,0.022,0.017,0.0,0.0,II,0.017,0.02,92.968107,0.022,11.149,CBe
333,14.864,14.409,12.75,12.27,12.39,11.593,11.4,11.282,-0.4170000000000005,-1.8532352941176442,0.1508139534883698,1.5335348837209266,1.3827209302325567,umag_gmag_rmag_imag | umag_gmag_rmag_Hamag | umag_gmag_imag_Hamag | gmag_rmag_imag_Hamag,J040932.30+530403.0,53.067519,0.024,0.008,0.0,,11.09,0.004,,11.4,0.029,0.026,0.0,0.0,II,0.026,0.023,62.384605,0.029,11.282,CBe
334,15.418,14.622,12.96,12.4,12.7,11.704,11.421,11.343,-0.22133333333333471,-0.871058823529423,0.03553488372093272,1.0068372093023301,0.9713023255813972,umag_gmag_rmag_imag | umag_gmag_imag_Hamag | gmag_rmag_imag_Hamag,J042512.13+541707.5,54.285438,0.023,0.004,0.0,,11.25,0.004,,11.421,0.022,0.017,0.0,0.0,II,0.017,0.018,66.300543,0.022,11.343,CBe
485,16.455,15.157,14.57,14.13,14.19,13.467,13.3,13.137,0.49866666666666604,-1.1384705882353017,1.1459069767441876,1.5947674418604696,0.44886046511628186,umag_gmag_rmag_Hamag,J052850.94+272112.0,27.353361,0.025,0.003,0.0,,12.877,0.006,,13.3,0.031,0.03,0.0,0.0,III,0.03,0.024,82.21225,0.031,13.137,CBe
488,16.982,15.612,14.63,14.22,14.23,13.462,13.242,13.018,0.6251666666666658,-1.1947058823529453,1.3446511627906974,2.3036279069767436,0.9589767441860463,umag_gmag_rmag_Hamag | umag_rmag_imag_Hamag | gmag_rmag_imag_Hamag,J052050.61+282125.7,28.357143,0.025,0.005,0.0,,12.861,0.008,,13.242,0.026,0.028,0.0,0.0,III,0.028,0.021,80.210909,0.026,13.018,CBe
489,22.006,19.054,16.35,15.52,15.85,14.07,13.233,13.0,1.4441666666666655,-0.25388235294118733,2.1154883720930253,4.059720930232558,1.9442325581395323,umag_gmag_rmag_imag | umag_gmag_imag_Hamag | umag_rmag_imag_Hamag | gmag_rmag_imag_Hamag,J055627.37+222602.1,22.433938,0.024,0.01,0.01,,12.535,0.218,,13.233,0.026,0.028,0.01,0.01,III,0.028,0.028,89.114066,0.026,13.0,CBe
491,17.593,16.159,15.19,14.48,14.64,13.193,12.773,12.479,0.14416666666666966,-2.092470588235287,1.0284186046511636,1.6290465116279074,0.6006279069767435,umag_gmag_rmag_Hamag | gmag_rmag_imag_Hamag,J055418.55+225414.1,22.903944,0.025,0.004,0.0,,12.278,0.01,,12.773,0.024,0.023,0.0,0.0,III,0.023,0.022,88.577333,0.024,12.479,CBe
494,15.074,14.77,12.91,11.78,11.97,10.885,10.801,10.645,-1.7488333333333341,-5.72305882352941,-0.1776279069767469,1.2449302325581337,1.4225581395348805,umag_gmag_rmag_imag | umag_gmag_rmag_Hamag | umag_gmag_imag_Hamag | gmag_rmag_imag_Hamag,J035814.15+521024.2,52.173405,0.023,0.011,0.0,Emission-line Star,10.573,0.006,,10.801,0.032,0.021,0.0,0.0,IV,0.021,0.029,59.558959,0.032,10.645,CBe
499,15.059,13.894,13.6,13.49,13.38,13.211,13.172,13.115,0.965166666666667,-0.24558823529411167,1.443837209302323,1.9910930232558104,0.5472558139534874,umag_gmag_imag_Hamag | umag_rmag_imag_Hamag,J064938.69+103851.9,10.647757,0.025,0.002,0.0,Star in Cluster,12.785,0.006,,13.172,0.029,0.035,0.0,0.0,IV,0.035,0.022,102.41121,0.029,13.115,CBe
500,15.399,15.517,13.7,13.49,13.58,13.06,12.947,12.904,-0.49949999999999856,-0.8874117647058779,-0.3461395348837208,1.2636511627906986,1.6097906976744192,umag_gmag_rmag_imag | umag_gmag_imag_Hamag | gmag_rmag_imag_Hamag,J065415.90+082421.2,8.4059149,0.024,0.012,0.0,,12.79,0.005,,12.947,0.027,0.029,0.0,0.0,IV,0.029,0.025,103.56628,0.027,12.904,CBe
505,15.125,14.806,13.15,13.0,13.06,12.746,12.662,12.608,0.04650000000000026,-0.25805882352941023,0.1669069767441857,1.6847674418604626,1.5178604651162768,umag_gmag_rmag_imag | umag_gmag_imag_Hamag | gmag_rmag_imag_Hamag,J065212.34+094909.2,9.8192245,0.023,0.012,0.0,,12.546,0.006,,12.662,0.03,0.028,0.0,0.0,IV,0.028,0.023,103.05145,0.03,12.608,CBe
506,14.778,14.43,12.93,12.64,12.79,12.157,12.053,11.953,-0.17883333333333085,-0.5496470588235326,-0.032232558139530354,1.1224186046511708,1.1546511627907012,umag_gmag_rmag_imag | umag_gmag_imag_Hamag | gmag_rmag_imag_Hamag,J040309.88+523538.0,52.593914,0.023,0.008,0.0,,11.894,0.004,,12.053,0.029,0.023,0.0,0.0,IV,0.023,0.024,60.791172,0.029,11.953,CBe
515,15.92,14.834,14.52,14.2,14.16,13.708,13.512,13.36,0.5046666666666666,-1.222235294117644,1.1873953488372073,1.5934883720930193,0.406093023255812,umag_gmag_rmag_Hamag,J054828.90+312019.2,31.338694,0.026,0.004,0.0,,13.267,0.006,,13.512,0.03,0.035,0.0,0.0,IV,0.035,0.025,87.120417,0.03,13.36,CBe
516,15.553,14.198,14.06,13.79,13.75,13.374,13.298,13.145,0.864499999999998,-0.6326470588235329,1.4563953488372074,1.6864883720930193,0.23009302325581182,umag_gmag_imag_Hamag,J055439.93+320300.2,32.050056,0.025,0.009,0.0,,13.01,0.006,,13.298,0.038,0.024,0.0,0.0,IV,0.024,0.026,88.666375,0.038,13.145,CBe
521,15.459,16.187,13.34,12.41,12.63,11.151,10.502,10.284,-2.4175000000000004,-5.280352941176468,-1.285674418604654,1.0548139534883694,2.3404883720930236,umag_gmag_rmag_imag | umag_gmag_rmag_Hamag | umag_gmag_imag_Hamag | gmag_rmag_imag_Hamag,J055257.33+231001.0,23.166958,0.023,0.013,0.0,,10.161,0.005,,10.502,0.023,0.02,0.0,0.0,IV,0.02,0.02,88.238891,0.023,10.284,CBe
528,15.364,14.49,12.98,12.41,12.58,11.513,11.236,11.069,-0.16149999999999975,-1.690705882352944,0.44306976744186144,1.5616744186046523,1.1186046511627907,umag_gmag_rmag_imag | umag_gmag_rmag_Hamag | gmag_rmag_imag_Hamag,J041146.98+535924.2,53.990082,0.023,0.005,0.0,,11.017,0.005,,11.236,0.029,0.021,0.0,0.0,IV,0.021,0.024,62.945788,0.029,11.069,CBe
549,18.351,16.338,15.72,15.23,15.38,14.441,14.22,13.993,1.1228333333333311,-0.1670000000000016,1.6327674418604625,1.9054186046511599,0.27265116279069734,umag_gmag_imag_Hamag | umag_rmag_imag_Hamag,J060608.17+224029.9,22.674978,0.027,0.004,0.0,,13.708,0.016,,14.22,0.032,0.038,0.01,0.0,IV,0.038,0.029,91.534055,0.032,13.993,unknown
551,16.413,16.006,13.35,12.73,13.12,11.809,11.506,11.353,-0.7193333333333316,-1.0677058823529444,-0.5816046511627871,1.1764883720930308,1.7580930232558178,umag_gmag_rmag_imag | umag_gmag_imag_Hamag | gmag_rmag_imag_Hamag,J054100.76+212756.1,21.465586,0.023,0.014,0.0,,11.211,0.007,,11.506,0.022,0.018,0.0,0.0,IV,0.018,0.021,85.253182,0.022,11.353,unknown
561,18.279,17.35,14.72,14.0,14.4,13.034,12.731,12.558,-0.37900000000000245,-1.122764705882357,-0.08495348837209482,1.624116279069766,1.709069767441861,umag_gmag_rmag_imag | umag_gmag_imag_Hamag | gmag_rmag_imag_Hamag,J034638.80+494703.7,49.784373,0.024,0.013,0.0,,12.406,0.022,,12.731,0.033,0.028,0.0,0.0,VI,0.028,0.024,56.661669,0.033,12.558,unknown
568,18.467,17.19,16.42,15.81,16.2,14.914,14.719,14.48,0.16883333333332895,-0.13358823529413622,0.2883953488372103,0.16048837209302724,-0.12790697674418317,umag_gmag_imag_Hamag,J053508.84+291228.6,29.207962,,0.005,0.01,,,0.015,,,,,0.01,0.01,VI,0.064,0.035,83.786849,0.052,,unknown
596,14.949,15.176,13.06,12.86,12.93,12.641,12.6,12.547,-0.5903333333333355,-1.0605294117647115,-0.4044418604651172,1.5503953488372075,1.9548372093023247,umag_gmag_rmag_imag | umag_gmag_imag_Hamag | gmag_rmag_imag_Hamag,J064958.38+111213.7,11.20382,0.024,0.01,0.0,,12.533,0.005,,12.6,0.026,0.03,0.0,0.0,VI,0.03,0.026,102.49329,0.026,12.547,CBe
597,13.616,12.638,12.7,12.29,12.3,12.141,12.132,12.135,0.2331666666666663,-1.5867058823529332,0.9526511627906935,0.867627906976737,-0.08502325581395646,umag_gmag_rmag_Hamag,J064756.01+111447.9,11.246665,0.023,0.001,0.0,Star in Cluster,12.1,0.004,,12.132,0.024,0.027,0.0,0.0,VI,0.027,0.024,101.98341,0.024,12.135,CBe
604,16.137,14.929,13.74,13.32,13.51,12.613,12.373,12.289,0.4450000000000005,-0.26670588235294423,0.7263720930232576,1.4779302325581427,0.7515581395348852,gmag_rmag_imag_Hamag,J035651.00+521526.2,52.257304,0.023,0.003,0.0,,12.127,0.006,,12.373,0.034,0.031,0.0,0.0,VI,0.031,0.025,59.212503,0.034,12.289,CBe
605,14.987,13.008,12.7,12.52,12.65,12.05,11.982,11.913,1.6520000000000015,1.65841176470589,1.649465116279069,1.6581627906976717,0.008697674418602863,umag_gmag_rmag_imag | umag_gmag_imag_Hamag,J064725.59+114123.3,11.689823,0.024,0.001,0.0,Star in Cluster,11.928,0.007,,11.982,0.024,0.021,0.0,0.0,VI,0.021,0.021,101.85665,0.024,11.913,CBe
622,16.941,15.16,12.83,11.97,12.42,10.501,9.816,9.634,0.218666666666667,-0.8478235294117678,0.6403023255813964,1.934255813953492,1.2939534883720953,umag_rmag_imag_Hamag | gmag_rmag_imag_Hamag,J062939.48+005504.4,0.9178937,0.023,0.005,0.0,,9.503,0.009,,9.816,0.026,0.026,0.0,0.0,VI,0.026,0.024,97.41452,0.026,9.634,CBe
629,24.651,14.845,14.63,13.68,14.19,12.102,11.286,11.082,8.080166666666663,6.984823529411755,8.513209302325581,7.554023255813955,-0.9591860465116269,umag_gmag_rmag_imag | umag_gmag_rmag_Hamag | umag_gmag_imag_Hamag | umag_rmag_imag_Hamag | gmag_rmag_imag_Hamag,J055222.83+204152.3,20.697878,0.062,0.004,0.0,,10.898,40.354,,11.286,0.03,0.044,0.0,0.0,VI,0.044,0.026,88.095161,0.03,11.082,CBe
630,18.524,15.958,14.53,13.7,14.11,12.364,11.624,11.478,1.0581666666666676,-0.1269411764705879,1.5266976744186056,2.0107441860465136,0.484046511627908,umag_gmag_imag_Hamag | umag_rmag_imag_Hamag,J054725.50+211038.9,21.177488,0.023,0.004,0.0,,11.337,0.017,,11.624,0.023,0.021,0.0,0.0,VI,0.021,0.021,86.856256,0.023,11.478,CBe
659,16.02,15.229,13.18,12.73,13.0,12.114,11.877,11.747,-0.02649999999999808,-0.36311764705882177,0.10658139534883904,1.5339534883720958,1.4273720930232567,umag_gmag_rmag_imag | umag_gmag_imag_Hamag | gmag_rmag_imag_Hamag,J054554.11+290608.5,29.102378,0.024,0.015,0.0,,11.707,0.007,,11.877,0.021,0.02,0.0,0.0,VI,0.02,0.022,86.475472,0.021,11.747,CBe
662,14.853,13.601,12.86,12.31,12.37,10.7,9.547,8.578,0.25283333333333446,-1.8897647058823566,1.0999069767441882,1.702767441860472,0.6028604651162836,umag_gmag_rmag_Hamag | gmag_rmag_imag_Hamag,J055054.77+201447.6,20.246568,0.031,0.003,0.0,,7.401,0.004,,9.547,0.029,0.02,0.0,0.0,V,0.02,0.021,87.72822,0.029,8.578,HAeBe
667,17.829,16.162,14.98,14.05,14.64,12.576,12.177,11.95,-0.022499999999997522,-0.5129999999999981,0.17141860465116543,-0.004953488372090309,-0.17637209302325618,umag_gmag_rmag_imag | umag_gmag_imag_Hamag | umag_rmag_imag_Hamag,J054238.78+285256.3,28.882318,0.024,0.004,0.0,,11.73,0.011,,12.177,0.023,0.022,0.0,0.0,II,0.022,0.022,85.661596,0.023,11.95,HII-region
680,16.359,15.367,13.87,13.42,13.62,12.618,12.321,12.164,0.17450000000000243,-0.6109411764705879,0.48502325581395644,1.5215581395348903,1.0365348837209338,gmag_rmag_imag_Hamag,J064038.79+082226.8,8.3741321,0.023,0.006,0.0,,12.104,0.007,,12.321,0.023,0.019,0.0,0.0,II,0.019,0.022,100.16164,0.023,12.164,HII-region
682,15.988,15.547,13.16,12.78,13.0,12.167,11.973,11.908,-0.24933333333333563,-0.5848823529411789,-0.11667441860465355,1.763813953488369,1.8804883720930226,umag_gmag_rmag_imag | umag_gmag_imag_Hamag | umag_rmag_imag_Hamag | gmag_rmag_imag_Hamag,J063959.52+101814.0,10.303898,0.023,0.015,0.0,,11.785,0.009,,11.973,0.026,0.023,0.0,0.0,II,0.023,0.026,99.998029,0.026,11.908,HII-region
683,21.713,21.633,17.7,15.2,17.0,11.054,9.331,8.658,-4.461666666666663,-4.408235294117642,-4.4827906976744165,-4.693976744186044,-0.2111860465116271,umag_gmag_rmag_imag | umag_gmag_rmag_Hamag | umag_gmag_imag_Hamag | umag_rmag_imag_Hamag,J064108.31+102408.1,10.402258,0.023,0.047,0.01,,8.268,0.133,,9.331,0.024,0.023,0.0,0.01,II,0.023,0.022,100.28466,0.024,8.658,HII-region
686,14.959,12.989,12.65,12.19,12.29,11.656,11.427,11.405,1.134333333333331,-0.3382352941176565,1.7165116279069768,1.825279069767443,0.10876744186046647,umag_gmag_imag_Hamag | umag_rmag_imag_Hamag,J064501.81+092610.8,9.4363599,0.022,0.001,0.0,Star in Cluster,11.389,0.007,,11.427,0.023,0.025,0.0,0.0,II,0.025,0.022,101.25758,0.023,11.405,HII-region
687,16.11,15.915,13.69,13.29,13.55,12.612,12.427,12.271,-0.5316666666666668,-0.7026470588235216,-0.4640697674418638,1.162325581395342,1.6263953488372058,umag_gmag_rmag_imag | umag_gmag_imag_Hamag | gmag_rmag_imag_Hamag,J064339.72+094445.9,9.7460899,0.022,0.013,0.0,,12.258,0.008,,12.427,0.026,0.024,0.0,0.0,II,0.024,0.024,100.91552,0.026,12.271,HII-region
689,16.095,15.178,13.57,13.17,13.4,12.453,12.249,12.118,0.1903333333333309,-0.17300000000000182,0.33397674418604373,1.4124418604651134,1.0784651162790695,umag_gmag_imag_Hamag | gmag_rmag_imag_Hamag,J064414.95+085245.2,8.879237,0.022,0.014,0.0,,12.06,0.006,,12.249,0.025,0.021,0.0,0.0,II,0.021,0.023,101.0623,0.025,12.118,HII-region
690,16.417,15.014,13.43,12.84,13.24,12.03,11.785,11.661,0.3311666666666695,0.18476470588235805,0.38904651162790893,1.0521162790697687,0.6630697674418597,umag_gmag_imag_Hamag | gmag_rmag_imag_Hamag,J064250.26+085228.6,8.874624,0.024,0.017,0.0,,11.519,0.008,,11.785,0.023,0.021,0.0,0.0,II,0.021,0.026,100.70942,0.023,11.661,HII-region
691,14.69,12.519,12.11,11.92,11.96,11.622,11.604,11.546,1.8258333333333336,1.2092352941176552,2.0696046511627877,2.3865116279069722,0.31690697674418467,umag_gmag_rmag_imag | umag_gmag_imag_Hamag | umag_rmag_imag_Hamag,J064810.54+093841.5,9.64488,0.022,0.002,0.0,Star in Cluster,11.478,0.005,,11.604,0.025,0.024,0.0,0.0,II,0.024,0.024,102.04394,0.025,11.546,HII-region
694,15.274,16.722,13.35,13.11,13.26,12.848,12.749,12.681,-1.8840000000000026,-2.025058823529413,-1.8282325581395378,1.198418604651161,3.0266511627906985,umag_gmag_rmag_imag | umag_gmag_rmag_Hamag | umag_gmag_imag_Hamag | gmag_rmag_imag_Hamag,J064812.93+102409.2,10.402571,0.024,0.016,0.0,,12.614,0.006,,12.749,0.025,0.027,0.0,0.0,II,0.027,0.028,102.05389,0.025,12.681,HII-region
696,15.785,15.42,13.41,13.1,13.28,12.528,12.394,12.284,-0.19816666666666727,-0.46852941176471097,-0.09127906976744071,1.5043023255813972,1.5955813953488378,umag_gmag_rmag_imag | umag_gmag_imag_Hamag | gmag_rmag_imag_Hamag,J063711.99+093405.2,9.5681304,0.023,0.013,0.0,,12.148,0.008,,12.394,0.029,0.029,0.0,0.0,II,0.029,0.026,99.299981,0.029,12.284,HII-region
697,15.54,19.171,13.73,13.31,13.49,12.764,12.508,12.452,-4.394,-5.169823529411767,-4.087279069767441,0.9393023255813959,5.026581395348837,umag_gmag_rmag_imag | umag_gmag_rmag_Hamag | umag_gmag_imag_Hamag | gmag_rmag_imag_Hamag,J064601.57+112446.1,11.412815,0.024,0.025,0.0,,12.343,0.005,,12.508,0.027,0.026,0.0,0.0,II,0.026,0.023,101.50655,0.027,12.452,HII-region
704,15.896,15.082,13.28,12.88,13.11,12.209,11.999,11.91,0.08733333333333615,-0.2759999999999998,0.2309767441860503,1.503441860465125,1.2724651162790745,umag_gmag_rmag_imag | umag_gmag_imag_Hamag | gmag_rmag_imag_Hamag,J064501.41+104246.2,10.712834,0.024,0.011,0.0,Star,11.84,0.006,,11.999,0.024,0.026,0.0,0.0,II,0.026,0.022,101.25591,0.024,11.91,HII-region
707,20.946,15.032,13.62,13.16,13.36,12.638,12.272,12.247,5.078333333333337,4.246941176470591,5.407023255813957,6.35855813953489,0.951534883720933,umag_gmag_rmag_imag | umag_gmag_rmag_Hamag | umag_gmag_imag_Hamag | umag_rmag_imag_Hamag | gmag_rmag_imag_Hamag,J064059.21+101929.0,10.324742,0.023,0.006,0.0,,12.182,0.175,,12.272,0.023,0.027,0.0,0.0,II,0.027,0.023,100.24671,0.023,12.247,HII-region
708,20.547,17.832,15.51,14.01,14.92,11.629,10.59,10.223,-0.009999999999999343,-1.0679411764705886,0.4082558139534891,0.6351395348837237,0.22688372093023412,umag_gmag_rmag_imag,J064147.30+100427.4,10.074302,0.022,0.006,0.0,,9.953,0.061,,10.59,0.029,0.023,0.0,0.0,II,0.023,0.029,100.44711,0.029,10.223,HII-region
710,15.304,14.123,13.24,13.03,13.11,12.547,12.412,12.293,0.7994999999999994,0.34747058823528976,0.9782093023255822,1.6770232558139535,0.6988139534883712,gmag_rmag_imag_Hamag,J064443.62+094645.2,9.7792471,0.024,0.006,0.0,Star in Cluster,12.316,0.005,,12.412,0.025,0.027,0.0,0.0,II,0.027,0.022,101.18176,0.025,12.293,HII-region
716,15.3,14.847,13.23,12.86,13.06,12.302,12.185,12.101,-0.21916666666666718,-0.6369999999999987,-0.05397674418604781,1.1025581395348794,1.156534883720927,umag_gmag_rmag_imag | umag_gmag_imag_Hamag | gmag_rmag_imag_Hamag,J064313.98+090455.6,9.0821124,0.022,0.011,0.0,Star in Cluster,12.054,0.005,,12.185,0.026,0.027,0.0,0.0,II,0.027,0.026,100.80825,0.026,12.101,HII-region
717,16.061,16.273,13.45,13.0,13.23,12.29,12.074,11.989,-1.0294999999999983,-1.6225882352941106,-0.795023255813954,1.4984418604651155,2.2934651162790693,umag_gmag_rmag_imag | umag_gmag_rmag_Hamag | umag_gmag_imag_Hamag | gmag_rmag_imag_Hamag,J064427.62+085501.7,8.9171651,0.023,0.014,0.0,,11.918,0.007,,12.074,0.022,0.026,0.0,0.0,II,0.026,0.023,101.11509,0.022,11.989,HII-region
721,15.069,15.314,12.96,12.61,12.78,12.203,12.064,11.987,-0.880833333333335,-1.3991176470588327,-0.6759302325581383,1.286674418604652,1.9626046511627901,umag_gmag_rmag_imag | umag_gmag_rmag_Hamag | umag_gmag_imag_Hamag | gmag_rmag_imag_Hamag,J064807.89+095301.7,9.883824,0.024,0.012,0.0,,11.958,0.006,,12.064,0.027,0.021,0.0,0.0,II,0.021,0.023,102.03289,0.027,11.987,HII-region
724,14.886,14.859,12.64,12.29,12.44,12.065,11.989,11.938,-0.6088333333333366,-1.2553529411764786,-0.35323255813953636,1.52041860465116,1.8736511627906964,umag_gmag_rmag_imag | umag_gmag_rmag_Hamag | umag_gmag_imag_Hamag | gmag_rmag_imag_Hamag,J064834.28+101057.2,10.182575,0.024,0.01,0.0,Star in Cluster,11.929,0.005,,11.989,0.022,0.024,0.0,0.0,II,0.024,0.024,102.14285,0.022,11.938,HII-region
725,15.438,14.445,13.45,13.24,13.33,12.827,12.759,12.647,0.6115000000000022,0.22358823529412275,0.7648604651162798,1.5526511627907,0.78779069767442,gmag_rmag_imag_Hamag,J064757.58+101202.1,10.200605,0.024,0.009,0.0,Star in Cluster,12.628,0.005,,12.759,0.025,0.026,0.0,0.0,II,0.026,0.023,101.98993,0.025,12.647,HII-region
727,15.431,13.537,13.08,12.8,12.95,12.289,12.113,12.034,1.385333333333333,1.0604705882352872,1.5137674418604672,1.6254186046511692,0.11165116279070186,umag_gmag_rmag_imag | umag_gmag_imag_Hamag,J063734.85+093336.0,9.5600091,0.025,0.001,0.0,Star in Cluster,11.96,0.008,,12.113,0.027,0.026,0.0,0.0,II,0.026,0.023,99.395242,0.027,12.034,HII-region
729,16.344,15.343,13.77,13.21,13.51,12.458,12.176,12.082,-0.016333333333329536,-0.6660588235294098,0.24053488372093457,1.1228372093023333,0.8823023255813985,umag_gmag_rmag_imag | umag_gmag_imag_Hamag | gmag_rmag_imag_Hamag,J063915.10+091508.8,9.252466,0.024,0.008,0.0,,11.967,0.008,,12.176,0.026,0.026,0.0,0.0,II,0.026,0.026,99.81293,0.026,12.082,HII-region
730,16.324,14.797,13.66,13.33,13.54,12.799,12.641,12.556,0.927500000000001,0.757588235294112,0.9946744186046548,1.6481860465116345,0.6535116279069796,gmag_rmag_imag_Hamag,J064516.38+111700.6,11.283526,0.024,0.005,0.0,,12.522,0.007,,12.641,0.025,0.027,0.0,0.0,II,0.027,0.023,101.31825,0.025,12.556,HII-region
731,15.991,16.2,13.71,13.29,13.56,12.502,12.275,12.168,-0.9720000000000025,-1.1707647058823552,-0.8934186046511655,0.9749534883720861,1.8683720930232515,umag_gmag_rmag_imag | umag_gmag_rmag_Hamag | umag_gmag_imag_Hamag | gmag_rmag_imag_Hamag,J064427.82+112054.5,11.348497,0.024,0.013,0.0,,12.128,0.006,,12.275,0.027,0.026,0.0,0.0,II,0.026,0.024,101.11593,0.027,12.168,HII-region
732,16.156,14.785,13.38,12.99,13.22,12.373,12.179,12.124,0.6624999999999978,0.34511764705882086,0.7879767441860444,1.6634418604651129,0.8754651162790684,gmag_rmag_imag_Hamag,J064607.84+112224.6,11.373526,0.023,0.005,0.0,,12.048,0.007,,12.179,0.025,0.029,0.0,0.0,II,0.029,0.023,101.53268,0.025,12.124,HII-region
733,17.104,15.661,13.61,13.09,13.3,12.12,11.702,11.583,0.49833333333333396,-0.5446470588235222,0.9106744186046489,2.478186046511624,1.5675116279069752,umag_rmag_imag_Hamag | gmag_rmag_imag_Hamag,J063645.23+095234.4,9.8762493,0.024,0.01,0.0,White Dwarf Candidate,11.489,0.013,,11.702,0.023,0.023,0.0,0.0,II,0.023,0.023,99.18846,0.023,11.583,HII-region
734,15.56,15.227,13.16,12.69,12.93,11.99,11.812,11.694,-0.5208333333333341,-1.1417058823529442,-0.2753720930232558,1.2390697674418605,1.5144418604651162,umag_gmag_rmag_imag | umag_gmag_rmag_Hamag | umag_gmag_imag_Hamag | gmag_rmag_imag_Hamag,J063853.32+094951.8,9.8310616,0.022,0.011,0.0,,11.577,0.006,,11.812,0.024,0.021,0.0,0.0,II,0.021,0.026,99.722184,0.024,11.694,HII-region
738,16.391,16.532,13.75,13.28,13.59,12.563,12.398,12.281,-0.9948333333333361,-1.1668823529411796,-0.9268139534883747,1.1414651162790665,2.068279069767441,umag_gmag_rmag_imag | umag_gmag_rmag_Hamag | umag_gmag_imag_Hamag | gmag_rmag_imag_Hamag,J064158.02+102828.4,10.474559,0.024,0.025,0.0,,12.176,0.009,,12.398,0.027,0.026,0.0,0.0,II,0.026,0.023,100.49176,0.027,12.281,HII-region
739,16.527,14.881,13.55,13.13,13.43,12.285,12.085,11.934,0.8830000000000011,0.8765882352941118,0.8855348837209341,1.525837209302332,0.6403023255813977,gmag_rmag_imag_Hamag,J064148.95+104545.2,10.762574,0.023,0.005,0.0,Star in Cluster,11.863,0.008,,12.085,0.022,0.025,0.0,0.0,II,0.025,0.023,100.45398,0.022,11.934,HII-region
740,15.338,13.345,12.99,12.79,12.92,12.414,12.276,12.294,1.6296666666666635,1.544176470588232,1.6634651162790666,1.7191627906976699,0.05569767441860346,umag_gmag_rmag_imag | umag_gmag_imag_Hamag,J064535.28+104911.1,10.819752,0.022,0.003,0.0,Star in Cluster,12.213,0.006,,12.276,0.025,0.029,0.0,0.0,II,0.029,0.025,101.39703,0.025,12.294,HII-region
741,15.411,17.19,13.81,13.55,13.71,13.161,13.036,12.941,-2.2513333333333345,-2.4201764705882347,-2.184581395348839,0.8270465116279059,3.0116279069767447,umag_gmag_rmag_imag | umag_gmag_rmag_Hamag | umag_gmag_imag_Hamag | gmag_rmag_imag_Hamag,J064615.04+113136.2,11.526735,0.025,0.015,0.0,,12.929,0.005,,13.036,0.03,0.035,0.0,0.0,II,0.035,0.025,101.56268,0.03,12.941,HII-region
742,15.492,14.498,13.69,13.45,13.5,13.076,12.986,12.981,0.5580000000000013,-0.22423529411764265,0.8672558139534882,1.560139534883719,0.6928837209302308,gmag_rmag_imag_Hamag,J064638.13+112415.9,11.404417,0.023,0.004,0.0,,12.88,0.006,,12.986,0.033,0.036,0.0,0.0,II,0.036,0.03,101.6589,0.033,12.981,HII-region
747,15.98,13.944,13.34,12.89,13.14,12.159,11.914,11.836,1.218500000000001,0.7536470588235331,1.4022790697674417,1.430697674418606,0.02841860465116408,umag_gmag_imag_Hamag,J064421.19+105214.1,10.8706,0.022,0.006,0.0,,11.692,0.008,,11.914,0.025,0.024,0.0,0.0,II,0.024,0.024,101.08831,0.025,11.836,HII-region
748,15.079,16.217,13.45,13.13,13.21,12.58,12.449,12.425,-1.7193333333333287,-2.6768235294117533,-1.3407906976744168,1.2420232558139548,2.5828139534883716,umag_gmag_rmag_imag | umag_gmag_rmag_Hamag | umag_gmag_imag_Hamag | gmag_rmag_imag_Hamag,J064027.91+110830.6,11.141836,0.023,0.013,0.0,,12.245,0.004,,12.449,0.024,0.024,0.0,0.0,II,0.024,0.026,100.11633,0.024,12.425,HII-region
749,15.038,15.256,13.1,12.66,12.9,12.006,11.851,11.781,-1.0173333333333323,-1.5003529411764664,-0.826372093023256,0.7770697674418607,1.6034418604651166,umag_gmag_rmag_imag | umag_gmag_rmag_Hamag | umag_gmag_imag_Hamag | gmag_rmag_imag_Hamag,J063957.84+110445.8,11.079414,0.023,0.012,0.0,Star in Cluster,11.671,0.004,,11.851,0.023,0.023,0.0,0.0,II,0.023,0.024,99.991015,0.023,11.781,HII-region
750,15.411,17.19,13.81,13.55,13.71,13.161,13.036,12.941,-2.2513333333333345,-2.4201764705882347,-2.184581395348839,0.8270465116279059,3.0116279069767447,umag_gmag_rmag_imag | umag_gmag_rmag_Hamag | umag_gmag_imag_Hamag | gmag_rmag_imag_Hamag,J064615.04+113136.2,11.526735,0.025,0.015,0.0,,12.929,0.005,,13.036,0.03,0.035,0.0,0.0,II,0.035,0.025,101.56268,0.03,12.941,HII-region
751,15.492,14.498,13.69,13.45,13.5,13.076,12.986,12.981,0.5580000000000013,-0.22423529411764265,0.8672558139534882,1.560139534883719,0.6928837209302308,gmag_rmag_imag_Hamag,J064638.13+112415.9,11.404417,0.023,0.004,0.0,,12.88,0.006,,12.986,0.033,0.036,0.0,0.0,II,0.036,0.03,101.6589,0.033,12.981,HII-region
753,16.012,15.73,13.64,13.3,13.46,12.735,12.598,12.487,-0.3356666666666662,-0.8721176470588221,-0.12358139534883733,1.5980465116279068,1.721627906976744,umag_gmag_rmag_imag | umag_gmag_imag_Hamag | gmag_rmag_imag_Hamag,J064407.12+095842.2,9.978415,0.024,0.013,0.0,,12.422,0.008,,12.598,0.027,0.027,0.0,0.0,II,0.027,0.026,101.02969,0.027,12.487,HII-region
755,14.927,15.311,12.58,12.1,12.15,11.577,11.331,11.266,-1.256000000000001,-3.141058823529411,-0.5107441860465137,2.105139534883717,2.615883720930231,umag_gmag_rmag_imag | umag_gmag_rmag_Hamag | umag_gmag_imag_Hamag | umag_rmag_imag_Hamag | gmag_rmag_imag_Hamag,J064341.47+091859.9,9.3166556,0.024,0.012,0.0,,11.26,0.007,,11.331,0.026,0.023,0.0,0.0,II,0.023,0.027,100.92281,0.026,11.266,HII-region
756,20.301,17.008,15.16,14.02,14.65,12.094,11.242,10.988,1.2219999999999986,0.022999999999999687,1.6960232558139516,2.09355813953488,0.39753488372092827,umag_gmag_imag_Hamag | umag_rmag_imag_Hamag,J064421.54+092141.6,9.361561,0.022,0.005,0.0,White Dwarf Candidate,10.821,0.056,,11.242,0.024,0.019,0.0,0.0,II,0.019,0.026,101.08978,0.024,10.988,HII-region
757,14.958,16.001,13.3,13.09,13.16,12.565,12.466,12.421,-1.4245000000000025,-1.9406470588235343,-1.220441860465118,1.3193953488372077,2.5398372093023256,umag_gmag_rmag_imag | umag_gmag_rmag_Hamag | umag_gmag_imag_Hamag | gmag_rmag_imag_Hamag,J064432.94+093123.3,9.523164,0.024,0.013,0.0,Star in Cluster,12.377,0.005,,12.466,0.029,0.026,0.0,0.0,II,0.026,0.023,101.13727,0.029,12.421,HII-region
758,15.533,15.328,12.77,12.32,12.52,11.571,11.381,11.261,-0.6124999999999984,-1.3979411764705887,-0.30197674418604437,1.7955581395348876,2.097534883720932,umag_gmag_rmag_imag | umag_gmag_rmag_Hamag | umag_gmag_imag_Hamag | umag_rmag_imag_Hamag | gmag_rmag_imag_Hamag,J064307.36+092808.1,9.4689255,0.023,0.012,0.0,Star in Cluster,11.197,0.006,,11.381,0.023,0.021,0.0,0.0,II,0.021,0.022,100.78068,0.023,11.261,HII-region
759,16.358,15.013,13.89,13.48,13.68,12.725,12.5,12.412,0.6001666666666672,-0.0014705882352994415,0.8380232558139562,1.5005581395348877,0.6625348837209315,gmag_rmag_imag_Hamag,J064542.18+100603.9,10.101102,0.024,0.008,0.0,,12.334,0.008,,12.5,0.025,0.032,0.0,0.0,II,0.032,0.022,101.42577,0.025,12.412,HII-region
760,15.691,14.75,13.35,13.0,13.22,12.399,12.208,12.167,0.30516666666666825,0.10747058823530098,0.3833255813953482,1.2768139534883707,0.8934883720930225,umag_gmag_imag_Hamag | gmag_rmag_imag_Hamag,J064539.22+101725.2,10.290341,0.024,0.009,0.0,,12.05,0.006,,12.208,0.027,0.025,0.0,0.0,II,0.025,0.026,101.41342,0.027,12.167,HII-region
761,15.574,13.502,12.8,12.37,12.6,11.825,11.633,11.557,1.29083333333333,0.7896470588235214,1.4889767441860449,1.661441860465114,0.17246511627906902,umag_gmag_imag_Hamag,J064316.19+090521.1,9.08921,0.022,0.003,0.0,Star in Cluster,11.397,0.006,,11.633,0.026,0.026,0.0,0.0,II,0.026,0.027,100.81747,0.026,11.557,HII-region
762,15.805,13.085,12.75,12.26,12.57,11.352,11.116,10.949,1.8298333333333319,1.5658823529411767,1.934186046511626,1.555465116279068,-0.37872093023255804,umag_gmag_rmag_imag | umag_gmag_imag_Hamag,J064311.75+085728.8,8.9580187,0.023,0.003,0.0,Star in Cluster,10.861,0.006,,11.116,0.027,0.024,0.0,0.0,II,0.024,0.029,100.79899,0.027,10.949,HII-region
764,15.409,15.42,13.29,13.03,13.2,12.58,12.464,12.435,-0.48333333333333206,-0.5880588235294103,-0.44193023255813835,1.2966744186046535,1.7386046511627917,umag_gmag_rmag_imag | umag_gmag_imag_Hamag | gmag_rmag_imag_Hamag,J064530.82+090318.4,9.0551332,0.024,0.012,0.0,,12.39,0.006,,12.464,0.024,0.021,0.0,0.0,II,0.021,0.02,101.37845,0.024,12.435,HII-region
765,15.687,15.734,13.08,12.61,12.83,11.897,11.643,11.489,-0.9008333333333349,-1.6499411764705894,-0.6046744186046531,1.542813953488369,2.1474883720930222,umag_gmag_rmag_imag | umag_gmag_rmag_Hamag | umag_gmag_imag_Hamag | gmag_rmag_imag_Hamag,J064443.81+090204.1,9.0344823,0.023,0.013,0.0,,11.463,0.006,,11.643,0.023,0.023,0.0,0.0,II,0.023,0.021,101.18257,0.023,11.489,HII-region
766,16.094,15.006,13.7,13.3,13.55,12.656,12.488,12.357,0.36133333333333706,0.12623529411765677,0.45427906976744314,1.1846976744186073,0.730418604651164,gmag_rmag_imag_Hamag,J064500.89+090031.3,9.0087018,0.023,0.014,0.0,,11.698,0.006,,12.488,0.052,0.049,0.0,0.0,II,0.049,0.04,101.25372,0.052,12.357,HII-region
767,15.778,15.582,13.55,13.25,13.42,12.76,12.58,12.487,-0.3490000000000014,-0.6375294117647115,-0.23493023255813938,1.4056744186046517,1.640604651162791,umag_gmag_rmag_imag | umag_gmag_imag_Hamag | gmag_rmag_imag_Hamag,J064450.98+090442.6,9.078524,0.024,0.014,0.0,Star in Cluster,12.441,0.007,,12.58,0.028,0.03,0.0,0.0,II,0.03,0.024,101.21243,0.028,12.487,HII-region
768,15.423,15.467,13.48,13.26,13.33,12.762,12.682,12.575,-0.4436666666666682,-1.005764705882356,-0.2214418604651174,1.6043953488372078,1.8258372093023252,umag_gmag_rmag_imag | umag_gmag_imag_Hamag | gmag_rmag_imag_Hamag,J064831.90+093436.5,9.5768325,0.023,0.012,0.0,Star in Cluster,12.503,0.005,,12.682,0.027,0.027,0.0,0.0,II,0.027,0.026,102.13294,0.027,12.575,HII-region
769,16.22,14.898,13.71,13.39,13.52,12.755,12.541,12.478,0.7406666666666655,0.10376470588234343,0.9924651162790716,1.8811627906976778,0.8886976744186059,umag_rmag_imag_Hamag | gmag_rmag_imag_Hamag,J064708.66+091141.7,9.1949378,0.023,0.016,0.0,,12.411,0.007,,12.541,0.022,0.027,0.0,0.0,II,0.027,0.023,101.7861,0.022,12.478,HII-region
770,15.53,13.775,13.29,13.05,13.18,12.591,12.439,12.339,1.319000000000002,1.0497058823529435,1.4254651162790715,1.61116279069768,0.1856976744186083,umag_gmag_imag_Hamag,J064802.58+092259.8,9.3832885,0.025,0.004,0.0,,12.341,0.006,,12.439,0.027,0.03,0.0,0.0,II,0.03,0.026,102.01076,0.027,12.339,HII-region
772,15.111,16.007,12.95,12.76,12.8,12.477,12.436,12.413,-1.2411666666666665,-1.857764705882345,-0.9973953488372124,1.9675116279069738,2.964906976744186,umag_gmag_rmag_imag | umag_gmag_rmag_Hamag | umag_gmag_imag_Hamag | umag_rmag_imag_Hamag | gmag_rmag_imag_Hamag,J064729.66+104021.2,10.672563,0.023,0.013,0.0,Star in Cluster,12.373,0.009,,12.436,0.021,0.03,0.0,0.0,II,0.03,0.023,101.87362,0.021,12.413,HII-region
774,15.438,14.445,13.45,13.24,13.33,12.827,12.759,12.647,0.6115000000000022,0.22358823529412275,0.7648604651162798,1.5526511627907,0.78779069767442,gmag_rmag_imag_Hamag,J064757.58+101202.1,10.200603,0.024,0.009,0.0,Star in Cluster,12.628,0.005,,12.759,0.025,0.026,0.0,0.0,II,0.026,0.023,101.98992,0.025,12.647,HII-region
775,16.656,12.398,13.93,13.49,13.71,12.687,12.464,12.359,3.458666666666667,2.847411764705888,3.7003255813953464,1.6618139534883687,-2.0385116279069777,umag_gmag_rmag_imag | umag_gmag_rmag_Hamag | umag_gmag_imag_Hamag | gmag_rmag_imag_Hamag,J063655.02+092747.3,9.4631647,0.023,0.002,0.0,,12.197,0.01,,12.464,0.024,0.024,0.0,0.0,II,0.024,0.024,99.229276,0.024,12.359,HII-region
776,16.1,15.24,13.77,13.48,13.65,12.988,12.805,12.795,0.3331666666666696,0.09058823529412363,0.4290697674418621,1.5076744186046538,1.0786046511627916,gmag_rmag_imag_Hamag,J063615.33+094204.7,9.7013269,0.024,0.007,0.0,,12.698,0.01,,12.805,0.022,0.032,0.0,0.0,II,0.032,0.024,99.063901,0.022,12.795,HII-region
780,15.147,14.317,13.45,13.14,13.35,12.673,12.5,12.487,0.2668333333333359,0.18882352941176683,0.2976744186046538,0.681186046511634,0.38351162790698,umag_gmag_imag_Hamag,J064507.00+113507.3,11.585372,0.023,0.01,0.0,,12.437,0.004,,12.5,0.024,0.029,0.0,0.0,II,0.029,0.026,101.27919,0.024,12.487,HII-region
783,14.979,12.709,12.54,11.9,12.14,11.44,11.305,11.217,1.1073333333333355,-0.2947058823529334,1.6616279069767437,1.2780697674418602,-0.3835581395348834,umag_gmag_imag_Hamag,J063902.72+103645.1,10.612535,0.022,0.001,0.0,Star in Cluster,11.157,0.008,,11.305,0.022,0.021,0.0,0.0,II,0.021,0.023,99.76137,0.022,11.217,HII-region
784,15.999,15.491,13.66,13.33,13.47,12.844,12.72,12.639,-0.09149999999999914,-0.7102352941176433,0.15311627906976705,1.6617906976744168,1.5086744186046497,umag_gmag_rmag_imag | umag_gmag_imag_Hamag | gmag_rmag_imag_Hamag,J063947.64+101800.2,10.300074,0.023,0.017,0.0,,12.59,0.009,,12.72,0.023,0.029,0.0,0.0,II,0.029,0.027,99.948534,0.023,12.639,HII-region
785,17.603,15.679,14.0,13.22,13.68,11.945,11.421,11.217,0.5070000000000028,-0.12776470588235433,0.7579534883720973,1.3778837209302401,0.6199302325581424,gmag_rmag_imag_Hamag,J063936.94+101131.1,10.191984,0.023,0.007,0.0,,11.043,0.012,,11.421,0.024,0.024,0.0,0.0,II,0.024,0.026,99.903932,0.024,11.217,HII-region
786,15.428,16.366,13.65,13.34,13.5,12.88,12.744,12.628,-1.5011666666666663,-1.8997647058823544,-1.3435813953488362,1.0040465116279074,2.347627906976743,umag_gmag_rmag_imag | umag_gmag_rmag_Hamag | umag_gmag_imag_Hamag | gmag_rmag_imag_Hamag,J063732.47+103105.1,10.518097,0.024,0.013,0.0,,12.614,0.005,,12.744,0.022,0.034,0.0,0.0,II,0.034,0.026,99.385306,0.022,12.628,HII-region
787,15.587,15.157,13.15,12.77,12.98,12.194,11.927,11.831,-0.26033333333333486,-0.6600000000000001,-0.10232558139535097,1.4211860465116237,1.5235116279069747,umag_gmag_rmag_imag | umag_gmag_imag_Hamag | gmag_rmag_imag_Hamag,J063829.85+103236.3,10.543422,0.023,0.013,0.0,,11.748,0.006,,11.927,0.022,0.023,0.0,0.0,II,0.023,0.027,99.624385,0.022,11.831,HII-region
820,16.991,15.458,14.06,13.61,13.92,12.894,12.69,12.547,0.7154999999999977,0.6353529411764661,0.7471860465116266,1.4314651162790675,0.6842790697674408,gmag_rmag_imag_Hamag,J054035.91+291137.7,29.193814,0.024,0.007,0.0,,12.467,0.011,,12.69,0.023,0.022,0.0,0.0,II,0.022,0.021,85.14963,0.023,12.547,HII-region
886,15.761,16.439,13.61,13.19,13.4,12.401,12.092,11.811,-1.4410000000000005,-2.0244705882352894,-1.2103255813953515,1.1351860465116241,2.3455116279069754,umag_gmag_rmag_imag | umag_gmag_rmag_Hamag | umag_gmag_imag_Hamag | gmag_rmag_imag_Hamag,J054434.62+215152.5,21.864594,0.024,0.013,0.0,,11.498,0.005,,12.092,0.023,0.02,0.0,0.0,II,0.02,0.023,86.144283,0.023,11.811,HII-region
902,18.802,17.104,16.72,16.4,16.75,15.502,15.371,15.275,1.1166666666666667,1.8903529411764783,0.8107906976744158,0.38897674418604145,-0.4218139534883746,umag_gmag_rmag_Hamag,J054525.96+214205.6,21.701581,,0.005,0.0,,,0.019,,,,,0.01,0.01,II,0.132,0.05,86.358183,0.115,,HII-region
917,16.273,14.988,14.03,13.31,13.72,12.242,11.896,11.625,-0.022999999999997467,-0.7026470588235216,0.24569767441860502,0.2597441860465124,0.014046511627907377,umag_gmag_rmag_imag | umag_gmag_imag_Hamag,J053946.05+302851.8,30.481075,0.023,0.004,0.0,,11.616,0.006,,11.896,0.023,0.026,0.0,0.0,III,0.026,0.023,84.941878,0.023,11.625,HII-region
918,16.398,15.345,14.82,14.49,14.47,13.964,13.738,13.644,0.453499999999999,-1.1911176470588227,1.1036976744186027,1.6747441860465089,0.5710465116279063,umag_gmag_rmag_Hamag | gmag_rmag_imag_Hamag,J054601.67+212626.6,21.440742,0.028,0.003,0.0,,13.47,0.006,,13.738,0.033,0.041,0.0,0.0,III,0.041,0.026,86.506984,0.033,13.644,HII-region
919,15.113,14.369,12.64,12.19,12.44,11.42,11.204,11.125,-0.07350000000000201,-0.538352941176478,0.11027906976744195,1.2636976744186044,1.1534186046511623,umag_gmag_rmag_imag | umag_gmag_imag_Hamag | gmag_rmag_imag_Hamag,J035437.73+522740.6,52.461297,0.023,0.007,0.0,,11.011,0.004,,11.204,0.029,0.025,0.0,0.0,IV,0.025,0.019,58.657224,0.029,11.125,HII-region
920,15.975,14.869,13.24,12.59,12.93,11.35,10.736,10.476,-0.07483333333333375,-0.8816470588235334,0.24413953488372164,1.0903488372093035,0.8462093023255817,umag_gmag_rmag_imag | umag_gmag_imag_Hamag | gmag_rmag_imag_Hamag,J064331.00+084841.4,8.8115001,0.023,0.012,0.0,,10.342,0.006,,10.736,0.023,0.019,0.0,0.0,IV,0.019,0.023,100.8792,0.023,10.476,HII-region
921,15.6,14.89,13.19,12.82,13.06,12.285,12.175,12.055,0.03783333333333405,-0.12352941176470067,0.10162790697674307,1.2490697674418603,1.147441860465117,umag_gmag_rmag_imag | umag_gmag_imag_Hamag | gmag_rmag_imag_Hamag,J063605.92+100536.6,10.093511,0.024,0.014,0.0,White Dwarf Candidate,12.006,0.006,,12.175,0.024,0.024,0.0,0.0,IV,0.024,0.023,99.024707,0.024,12.055,HII-region
923,16.005,14.545,13.4,13.08,13.24,12.475,12.315,12.227,0.8786666666666654,0.4341176470588213,1.0544186046511617,1.8310465116279055,0.7766279069767437,umag_rmag_imag_Hamag | gmag_rmag_imag_Hamag,J063716.51+100849.9,10.147208,0.022,0.005,0.0,,12.142,0.007,,12.315,0.022,0.024,0.0,0.0,IV,0.024,0.023,99.318832,0.022,12.227,HII-region
934,15.865,15.292,13.54,12.94,13.24,12.219,12.031,11.982,-0.5169999999999986,-1.3505294117646993,-0.1874651162790708,0.8738372093023241,1.0613023255813947,umag_gmag_rmag_imag | umag_gmag_rmag_Hamag | umag_gmag_imag_Hamag | gmag_rmag_imag_Hamag,J035538.56+522008.0,52.335559,0.023,0.012,0.0,,11.678,0.006,,12.031,0.037,0.034,0.0,0.0,VI,0.034,0.032,58.910692,0.037,11.982,HII-region
936,15.865,15.292,13.54,12.94,13.24,12.219,12.031,11.982,-0.5169999999999986,-1.3505294117646993,-0.1874651162790708,0.8738372093023241,1.0613023255813947,umag_gmag_rmag_imag | umag_gmag_rmag_Hamag | umag_gmag_imag_Hamag | gmag_rmag_imag_Hamag,J035538.56+522008.0,52.335559,0.023,0.012,0.0,,11.678,0.006,,12.031,0.037,0.034,0.0,0.0,VI,0.034,0.032,58.910692,0.037,11.982,HII-region
937,15.448,16.933,13.44,13.11,13.29,12.672,12.498,12.451,-2.0844999999999994,-2.446764705882355,-1.9412790697674405,1.137302325581398,3.0785813953488383,umag_gmag_rmag_imag | umag_gmag_rmag_Hamag | umag_gmag_imag_Hamag | gmag_rmag_imag_Hamag,J064723.70+104241.2,10.711448,0.023,0.016,0.0,,12.399,0.007,,12.498,0.022,0.025,0.0,0.0,VI,0.025,0.023,101.84876,0.022,12.451,HII-region
939,16.134,13.73,13.14,12.84,12.99,12.318,12.15,12.065,1.8589999999999987,1.4422352941176444,2.023767441860464,2.268418604651161,0.24465116279069687,umag_gmag_rmag_imag | umag_gmag_imag_Hamag | umag_rmag_imag_Hamag,J064542.79+105419.0,10.905297,0.023,0.003,0.0,,12.03,0.01,,12.15,0.025,0.023,0.0,0.0,VI,0.023,0.023,101.42833,0.025,12.065,HII-region
942,20.078,17.375,16.47,15.75,16.24,14.657,14.408,14.186,1.3950000000000018,1.228294117647055,1.46090697674419,1.2377674418604747,-0.22313953488371552,umag_gmag_rmag_imag | umag_gmag_imag_Hamag,J053717.33+284855.5,28.815442,0.028,0.005,0.01,,13.88,0.039,,14.408,0.048,0.049,0.01,0.01,VI,0.049,0.034,84.322233,0.048,14.186,HII-region
943,18.773,17.143,16.08,15.29,15.82,14.151,13.844,13.639,0.1948333333333343,-0.037058823529400486,0.2865116279069735,0.1292790697674393,-0.1572325581395344,umag_gmag_imag_Hamag,J053727.81+285045.5,28.845988,0.029,0.005,0.0,,13.438,0.017,,13.844,0.034,0.037,0.0,0.01,VI,0.037,0.026,84.365906,0.034,13.639,HII-region
947,20.338,17.88,16.57,15.75,16.17,14.354,13.744,13.518,0.968333333333335,-0.10670588235293099,1.3933488372093006,1.7363720930232494,0.34302325581394877,umag_gmag_imag_Hamag,J055504.29+212156.8,21.365795,0.027,0.006,0.0,,13.391,0.052,,13.744,0.033,0.041,0.01,0.01,VI,0.041,0.029,88.767884,0.033,13.518,HII-region
954,15.074,14.837,13.31,13.12,13.21,12.658,12.526,12.482,-0.1081666666666688,-0.40417647058823314,0.00886046511627514,1.3286511627906894,1.3197906976744143,umag_gmag_rmag_imag | umag_gmag_imag_Hamag | gmag_rmag_imag_Hamag,J064433.29+094604.5,9.7679444,0.024,0.01,0.0,,12.447,0.004,,12.526,0.024,0.032,0.0,0.0,II,0.032,0.026,101.13872,0.024,12.482,unknown
962,16.526,15.552,15.04,14.59,14.55,13.874,13.65,13.406,0.15650000000000175,-2.1677647058823437,1.0753953488372072,1.6794883720930196,0.6040930232558124,umag_gmag_rmag_Hamag | gmag_rmag_imag_Hamag,J052831.74+271146.5,27.19626,0.026,0.003,0.0,,13.154,0.006,,13.65,0.031,0.032,0.0,0.0,I,0.032,0.026,82.132272,0.031,13.406,unknown
963,16.652,15.242,14.21,13.41,13.64,12.544,12.243,12.1,-0.04333333333333411,-2.244705882352944,0.8269767441860458,1.329441860465115,0.5024651162790691,umag_gmag_rmag_imag | umag_gmag_rmag_Hamag,J053513.09+295912.3,29.986758,0.023,0.004,0.0,,11.31,0.007,,12.243,0.022,0.02,0.0,0.0,I,0.02,0.021,83.80458,0.022,12.1,unknown
964,15.339,14.841,13.58,13.09,13.14,12.911,12.76,12.653,-0.3921666666666658,-2.323176470588232,0.3712558139534877,1.517139534883718,1.1458837209302302,umag_gmag_rmag_imag | umag_gmag_rmag_Hamag | umag_gmag_imag_Hamag | gmag_rmag_imag_Hamag,J060414.76+240402.4,24.067343,0.024,0.004,0.0,Star,11.549,0.005,,12.76,0.025,0.023,0.0,0.0,I,0.023,0.021,91.06154,0.025,12.653,unknown
965,15.331,14.196,13.33,12.74,12.54,11.808,11.481,11.187,0.06316666666666704,-3.9302941176470663,1.6419767441860489,2.9684418604651204,1.3264651162790717,umag_gmag_rmag_imag | umag_gmag_rmag_Hamag | umag_gmag_imag_Hamag | umag_rmag_imag_Hamag | gmag_rmag_imag_Hamag,J041750.14+532526.1,53.423931,0.023,0.002,0.0,,10.772,0.004,unclassify,11.481,0.029,0.023,0.0,0.0,I,0.023,0.024,64.458939,0.029,11.187,unknown
966,15.043,13.173,12.35,11.87,11.51,10.997,10.706,10.406,0.9979999999999987,-3.515882352941178,2.7825581395348813,4.434395348837205,1.6518372093023244,umag_gmag_rmag_Hamag | umag_gmag_imag_Hamag | umag_rmag_imag_Hamag | gmag_rmag_imag_Hamag,J041336.90+524434.5,52.742943,0.023,0.001,0.0,Emission-line Star,10.146,0.007,double-peak,10.706,0.027,0.021,0.0,0.0,I,0.021,0.023,63.40378,0.027,10.406,unknown
967,17.746,16.079,14.94,14.12,14.37,12.916,12.603,12.25,0.17733333333333112,-1.9877058823529463,1.03327906976744,1.5966976744186046,0.5634186046511642,umag_gmag_rmag_Hamag,J060250.30+235942.2,23.995056,0.024,0.004,0.0,,11.959,0.011,unclassify,12.603,0.026,0.021,0.0,0.0,I,0.021,0.021,90.709624,0.026,12.25,unknown
968,19.195,17.486,16.82,16.29,16.42,15.049,14.378,13.813,0.7461666666666644,-0.8557058823529333,1.379465116279063,1.7461627906976624,0.3666976744185993,umag_gmag_imag_Hamag | umag_rmag_imag_Hamag,J054649.95+220630.2,22.108395,0.027,0.005,0.0,,13.416,0.027,,14.378,0.049,0.044,0.01,0.01,I,0.044,0.038,86.708152,0.049,13.813,unknown
969,17.746,16.079,14.94,14.12,14.37,12.916,12.603,12.25,0.17733333333333112,-1.9877058823529463,1.03327906976744,1.5966976744186046,0.5634186046511642,umag_gmag_rmag_Hamag,J060250.30+235942.2,23.995056,0.024,0.004,0.0,,11.959,0.011,,12.603,0.026,0.021,0.0,0.0,I,0.021,0.021,90.709624,0.026,12.25,unknown
970,17.548,15.865,14.49,13.43,13.78,12.396,12.003,11.798,-0.24266666666666903,-2.869352941176479,0.795790697674418,1.3649767441860474,0.5691860465116292,umag_gmag_rmag_imag | umag_gmag_rmag_Hamag | gmag_rmag_imag_Hamag,J060028.33+225621.9,22.939422,0.027,0.003,0.0,,10.575,0.011,,12.003,0.03,0.023,0.0,0.0,I,0.023,0.023,90.118083,0.03,11.798,unknown
971,17.137,15.607,14.89,14.11,14.45,13.036,12.706,12.489,0.11299999999999932,-1.2911764705882431,0.6681395348837229,0.602348837209304,-0.06579069767441914,umag_gmag_rmag_imag | umag_gmag_rmag_Hamag,J055941.63+240412.0,24.070006,0.023,0.003,0.0,,11.659,0.009,unclassify,12.706,0.022,0.023,0.0,0.0,I,0.023,0.021,89.923496,0.022,12.489,unknown
972,16.325,14.951,13.95,13.41,13.45,12.496,12.103,11.803,0.39300000000000057,-1.8318823529411787,1.2726046511627918,2.181511627906981,0.9089069767441893,umag_gmag_rmag_Hamag | umag_rmag_imag_Hamag | gmag_rmag_imag_Hamag,J054553.52+293645.9,29.612765,0.023,0.005,0.0,,11.452,0.007,,12.103,0.022,0.02,0.0,0.0,III,0.02,0.022,86.473039,0.022,11.803,unknown
973,14.988,13.902,12.83,12.34,12.1,11.789,11.513,11.247,0.19583333333333341,-3.594588235294122,1.6943720930232562,3.3189302325581393,1.6245581395348831,umag_gmag_rmag_Hamag | umag_gmag_imag_Hamag | umag_rmag_imag_Hamag | gmag_rmag_imag_Hamag,J041120.62+531404.3,53.234539,0.023,0.003,0.0,,10.508,0.007,,11.513,0.057,0.043,0.0,0.0,III,0.043,0.05,62.83595,0.057,11.247,unknown
974,16.325,14.951,13.95,13.41,13.45,12.496,12.103,11.803,0.39300000000000057,-1.8318823529411787,1.2726046511627918,2.181511627906981,0.9089069767441893,umag_gmag_rmag_Hamag | umag_rmag_imag_Hamag | gmag_rmag_imag_Hamag,J054553.52+293645.9,29.612765,0.023,0.005,0.0,,11.452,0.007,,12.103,0.022,0.02,0.0,0.0,III,0.02,0.022,86.473039,0.022,11.803,unknown
979,14.643,15.53,12.91,12.67,12.55,12.461,12.419,12.437,-1.322999999999999,-3.195235294117643,-0.582813953488373,2.3134651162790663,2.896279069767439,umag_gmag_rmag_imag | umag_gmag_rmag_Hamag | umag_gmag_imag_Hamag | umag_rmag_imag_Hamag | gmag_rmag_imag_Hamag,J064917.48+100119.6,10.022122,,0.013,0.0,Star in Cluster,,0.007,,,,,0.0,0.0,II,0.026,0.022,102.32287,0.031,,unknown
1004,15.246,14.369,13.9,13.47,13.67,12.784,12.554,12.399,0.09583333333333477,-0.5977058823529438,0.37002325581395623,0.3785581395348878,0.00853488372093153,umag_gmag_rmag_imag | umag_gmag_imag_Hamag,J061623.85+241808.4,24.302346,0.023,0.003,0.0,Infra-Red source,10.821,0.004,,12.554,0.024,0.03,0.0,0.0,II,0.03,0.021,94.099402,0.024,12.399,unknown
1005,17.083,15.953,15.29,14.83,14.87,14.134,13.759,13.527,0.2943333333333342,-1.5629411764705896,1.028604651162792,1.5995116279069803,0.5709069767441883,umag_gmag_rmag_Hamag | gmag_rmag_imag_Hamag,J055055.59+221936.7,22.326887,0.027,0.004,0.0,,13.476,0.008,,13.759,0.042,0.035,0.0,0.0,II,0.035,0.036,87.731648,0.042,13.527,unknown
