,umag,gmag,rmag,imag,Hamag,Jmag,Hmag,Kmag,umag_gmag_rmag_imag,umag_gmag_rmag_Hamag,umag_gmag_imag_Hamag,umag_rmag_imag_Hamag,gmag_rmag_imag_Hamag,outlier_columns,vsini,DEJ2000,e_gmag,Mass,e_y-Ha,e_rmag,e_logg,WHa06,clean,y-Ha,Rad,e_Mass,e_umag,e_Teff,e_vsini,b-y,MG,ymag,e_imag,Cluster,e_Hamag,e_ymag,e_Kmag,e_b-y,Teff,logg,Vc,WHa05,e_Jmag,RAJ2000,loggP,e_Rad,WHa07,SB?,e_Hmag,Code
132,13.58,13.72,13.41,13.12,13.03,12.826,12.691,12.654,-0.6668333333333355,-2.5764705882353005,0.0881395348837199,0.6053488372093013,0.5172093023255815,umag_gmag_rmag_Hamag,,-20.6948333,0.0,,0.057,0.0,,,True,0.582,,,0.0,,,0.284,530,13.537,0.0,NGC 2421,0.0,0.014,0.027,0.021,,,,,0.024,114.0628333,,,,,0.026,Be?
165,19.95,16.73,14.29,12.98,13.77,10.709,9.637,9.278,0.8401666666666685,-0.11411764705882321,1.2174418604651183,1.8386046511627971,0.6211627906976787,umag_gmag_rmag_imag | umag_gmag_imag_Hamag | umag_rmag_imag_Hamag,,-20.7111389,0.0,,0.069,0.0,,,True,1.544,,,0.08,,,1.788,571,15.265,0.0,NGC 2421,0.0,0.038,0.021,0.07,,,,,0.023,114.0834583,,,,,0.022,O
235,18.9,16.0,13.75,12.54,13.2,10.597,9.569,9.236,0.7018333333333309,-0.6264705882353012,1.2269767441860455,1.9574418604651163,0.7304651162790703,umag_gmag_rmag_imag | umag_gmag_imag_Hamag | umag_rmag_imag_Hamag,,-20.6499444,0.0,,0.064,0.0,,,False,1.464,,,0.03,,,1.53,410,14.757,0.01,NGC 2421,0.0,0.031,0.019,0.054,,,,,0.024,114.1735,,,,,0.024,O
240,19.72,18.86,17.5,17.09,17.17,16.239,15.786,16.631,0.11516666666666597,-1.2558823529411667,0.6572093023255763,1.8330232558139437,1.1758139534883674,umag_rmag_imag_Hamag | gmag_rmag_imag_Hamag,,-25.4831667,0.01,,0.115,0.05,,,True,0.512,,,0.02,,,0.485,822,17.701,0.05,Haffner 16,0.02,0.087,,0.118,,,,,0.094,117.4814167,,,,,0.126,O
241,19.3,18.77,17.22,16.76,16.94,15.85,15.614,14.906,-0.3056666666666604,-1.2652941176470427,0.07372093023256021,1.209302325581399,1.1355813953488387,gmag_rmag_imag_Hamag,,-25.5083611,0.01,,0.109,0.01,,,True,0.667,,,0.02,,,0.488,961,17.618,0.01,Haffner 16,0.01,0.084,,0.114,,,,,0.084,117.4816667,,,,,0.093,O
242,15.93,15.41,13.99,13.64,13.73,13.068,12.772,12.692,-0.1158333333333329,-1.1470588235294115,0.2918604651162791,1.5046511627906982,1.212790697674419,gmag_rmag_imag_Hamag,,-25.5463333,0.0,,0.046,0.0,,,False,0.534,,,0.0,,,0.413,1164,14.336,0.0,Haffner 16,0.0,0.018,0.03,0.026,,,,,0.022,117.4816667,,,,,0.025,O
244,20.57,18.84,16.59,15.79,16.21,14.277,13.518,13.183,0.2766666666666662,-0.706470588235288,0.665348837209299,1.948372093023249,1.28302325581395,umag_rmag_imag_Hamag | gmag_rmag_imag_Hamag,,-25.4613333,0.01,,0.093,0.01,,,False,1.1,,,0.05,,,0.971,696,17.29,0.01,Haffner 16,0.01,0.074,,0.112,,,,,0.04,117.4819583,,,,,0.042,O
245,17.07,16.52,15.26,14.96,15.08,14.39,14.19,14.154,0.00500000000000278,-0.6041176470588214,0.24581395348837493,1.2295348837209348,0.9837209302325598,gmag_rmag_imag_Hamag,,-25.4803333,0.0,,0.052,0.0,,,False,0.374,,,0.01,,,0.315,808,15.521,0.01,Haffner 16,0.01,0.027,0.068,0.037,,,,,0.029,117.4855,,,,,0.039,O
246,18.31,17.57,16.0,15.58,15.69,14.856,14.385,14.508,-0.02300000000000124,-1.2476470588235349,0.46116279069767446,1.777906976744188,1.3167441860465132,umag_rmag_imag_Hamag | gmag_rmag_imag_Hamag,,-25.5208333,0.0,,0.062,0.0,,,False,0.671,,,0.01,,,0.466,1012,16.404,0.01,Haffner 16,0.01,0.04,0.095,0.054,,,,,0.039,117.4856667,,,,,0.045,O
247,18.51,18.06,16.61,16.21,16.32,15.485,15.404,15.278,-0.27666666666666107,-1.4094117647058746,0.17116279069767887,1.3679069767441914,1.1967441860465122,gmag_rmag_imag_Hamag,,-25.4431944,0.01,,0.074,0.01,,,False,0.605,,,0.01,,,0.43,564,16.96,0.02,Haffner 16,0.01,0.051,0.177,0.068,,,,,0.059,117.4874583,,,,,0.09,O
248,17.02,16.53,15.14,14.78,14.88,14.237,13.948,13.793,-0.1640000000000036,-1.1770588235294126,0.23651162790697172,1.3962790697674343,1.1597674418604624,gmag_rmag_imag_Hamag,,-25.5393333,0.0,,0.051,0.0,,,True,0.41,,,0.01,,,0.397,1123,15.254,0.0,Haffner 16,0.0,0.025,0.078,0.035,,,,,0.022,117.4882917,,,,,0.067,O
249,16.87,16.35,15.0,14.66,14.77,14.093,13.875,13.89,-0.09766666666666668,-0.9547058823529448,0.2411627906976756,1.3379069767441902,1.0967441860465144,gmag_rmag_imag_Hamag,,-25.5051667,0.0,,0.051,0.0,,,False,0.452,,,0.0,,,0.388,949,15.305,0.01,Haffner 16,0.01,0.025,0.069,0.035,,,,,0.033,117.4883333,,,,,0.047,O
250,19.28,17.81,15.85,15.22,15.46,14.004,13.419,13.244,0.32550000000000456,-1.0305882352941085,0.8616279069767464,2.2690697674418616,1.407441860465115,umag_rmag_imag_Hamag | gmag_rmag_imag_Hamag,,-25.4918056,0.01,,0.063,0.01,,,False,0.947,,,0.02,,,0.795,871,16.461,0.01,Haffner 16,0.01,0.042,0.037,0.062,,,,,0.027,117.492875,,,,,0.025,O
251,17.75,17.11,15.83,15.49,15.61,14.927,14.537,15.024,0.022333333333334315,-0.7705882352941216,0.3358139534883748,1.3395348837209342,1.0037209302325594,gmag_rmag_imag_Hamag,,-25.5515278,0.0,,0.059,0.0,,,True,0.404,,,0.01,,,0.334,1182,16.118,0.01,Haffner 16,0.01,0.035,,0.047,,,,,0.045,117.49325,,,,,,O
252,18.51,18.02,16.62,16.24,16.38,15.647,15.502,15.344,-0.2003333333333358,-1.048823529411776,0.13511627906976814,1.212790697674417,1.0776744186046487,gmag_rmag_imag_Hamag,,-25.49625,0.01,,0.073,0.01,,,False,0.492,,,0.01,,,0.409,889,16.898,0.01,Haffner 16,0.01,0.049,0.188,0.066,,,,,0.325,117.493625,,,,,0.459,O
253,17.6,17.02,15.75,15.44,15.56,14.897,14.784,14.861,0.016833333333334366,-0.6382352941176423,0.27581395348837157,1.2695348837209273,0.9937209302325556,gmag_rmag_imag_Hamag,,-25.521,0.0,,0.059,0.01,,,True,0.387,,,0.01,,,0.326,1014,15.997,0.01,Haffner 16,0.01,0.034,0.14,0.045,,,,,0.057,117.4937083,,,,,0.075,O
255,17.88,17.38,15.93,15.51,15.66,14.81,14.557,14.437,-0.2629999999999997,-1.231176470588233,0.1197674418604644,1.2244186046511607,1.1046511627906963,gmag_rmag_imag_Hamag,,-25.4798333,0.0,,0.061,0.01,,,False,0.584,,,0.01,,,0.467,804,16.289,0.01,Haffner 16,0.01,0.038,0.096,0.052,,,,,0.038,117.495125,,,,,0.048,O
256,20.66,18.69,16.47,15.72,16.01,14.595,13.883,13.67,0.6075000000000024,-0.9794117647058673,1.2348837209302295,2.787209302325579,1.5523255813953494,umag_gmag_rmag_imag | umag_gmag_imag_Hamag | umag_rmag_imag_Hamag | gmag_rmag_imag_Hamag,,-25.5177222,0.01,,0.089,0.01,,,False,1.169,,,0.04,,,0.886,1004,17.186,0.01,Haffner 16,0.01,0.07,0.043,0.103,,,,,0.021,117.4952917,,,,,0.022,O
257,18.81,18.19,16.6,16.12,16.3,15.296,14.89,15.032,-0.2520000000000031,-1.3035294117647136,0.16372093023255652,1.3393023255813945,1.1755813953488379,gmag_rmag_imag_Hamag,,-25.4939167,0.01,,0.075,0.01,,,False,0.872,,,0.01,,,0.468,881,17.129,0.01,Haffner 16,0.01,0.054,0.142,0.073,,,,,0.039,117.4960417,,,,,0.062,O
258,20.61,19.05,17.15,16.65,16.78,15.775,15.238,15.082,0.6516666666666656,-0.8123529411764561,1.230465116279062,2.8311627906976633,1.600697674418601,umag_gmag_rmag_imag | umag_gmag_imag_Hamag | umag_rmag_imag_Hamag | gmag_rmag_imag_Hamag,,-25.4742222,0.01,,0.111,0.01,,,False,0.903,,,0.04,,,0.55,781,17.713,0.01,Haffner 16,0.01,0.088,0.156,0.12,,,,,0.067,117.49875,,,,,0.072,O
259,18.21,17.71,16.29,15.93,16.04,15.39,15.048,14.876,-0.1539999999999988,-1.1029411764705888,0.22116279069767603,1.387906976744191,1.1667441860465146,gmag_rmag_imag_Hamag,,-25.4741667,0.01,,0.068,0.01,,,False,0.537,,,0.01,,,0.447,779,16.633,0.01,Haffner 16,0.01,0.045,0.142,0.06,,,,,0.061,117.500375,,,,,0.057,O
260,18.81,18.25,16.73,16.31,16.47,15.758,15.213,15.204,-0.20300000000000418,-1.1070588235294236,0.15441860465116136,1.3060465116279052,1.1516279069767437,gmag_rmag_imag_Hamag,,-25.4651111,0.01,,0.091,0.01,,,False,0.657,,,0.01,,,0.493,720,17.151,0.01,Haffner 16,0.01,0.068,0.185,0.093,,,,,0.067,117.5017083,,,,,0.08,O
262,15.73,15.26,14.1,13.85,13.91,13.486,13.312,13.194,0.015833333333334088,-0.7482352941176436,0.3179069767441855,1.3397674418604637,1.0218604651162781,gmag_rmag_imag_Hamag,,-25.5320556,0.0,,0.045,0.0,,,False,0.318,,,0.0,,,0.264,1076,14.319,0.01,Haffner 16,0.0,0.017,0.031,0.024,,,,,0.021,117.5039167,,,,,0.022,O
263,18.98,18.27,16.67,16.21,16.37,15.369,14.901,14.894,-0.12566666666666715,-1.2135294117647102,0.3044186046511635,1.5360465116279056,1.231627906976742,gmag_rmag_imag_Hamag,,-25.4478056,0.01,,0.072,0.01,,,False,0.7,,,0.01,,,0.537,599,16.895,0.02,Haffner 16,0.01,0.05,0.131,0.069,,,,,0.057,117.50725,,,,,0.074,O
264,19.2,17.83,15.89,15.29,15.53,14.183,13.611,13.462,0.2799999999999987,-0.9382352941176544,0.761627906976745,2.149069767441859,1.3874418604651138,umag_rmag_imag_Hamag | gmag_rmag_imag_Hamag,,-25.5144722,0.01,,0.063,0.0,,,False,0.904,,,0.02,,,0.74,991,16.505,0.01,Haffner 16,0.01,0.042,0.039,0.06,,,,,0.022,117.5096667,,,,,0.022,O
265,19.01,18.45,17.0,16.59,16.75,15.848,15.48,15.474,-0.18483333333333118,-1.0429411764705865,0.15441860465116491,1.2360465116279085,1.0816279069767434,gmag_rmag_imag_Hamag,,-25.4685,0.01,,0.093,0.01,,,False,0.559,,,0.02,,,0.504,738,17.185,0.01,Haffner 16,0.01,0.069,0.23,0.093,,,,,0.081,117.50975,,,,,0.136,O
267,20.23,18.37,16.16,15.41,15.76,13.997,13.349,12.911,0.49749999999999983,-0.7047058823529451,0.9727906976744194,2.3769767441860497,1.40418604651163,umag_gmag_rmag_imag | umag_gmag_imag_Hamag | umag_rmag_imag_Hamag | gmag_rmag_imag_Hamag,,-25.4629167,0.01,,0.082,0.01,,,False,1.103,,,0.04,,,0.962,707,16.895,0.01,Haffner 16,0.01,0.063,,0.096,,,,,0.039,117.510625,,,,,0.047,O
268,19.08,18.47,16.86,16.42,16.58,15.631,15.224,15.17,-0.18933333333332958,-1.1852941176470673,0.20441860465117107,1.4460465116279229,1.2416279069767517,gmag_rmag_imag_Hamag,,-25.4466389,0.01,,0.097,0.01,,,False,0.704,,,0.01,,,0.617,593,17.336,0.02,Haffner 16,0.01,0.074,0.168,0.103,,,,,0.062,117.511125,,,,,0.077,O
269,18.71,17.99,16.59,16.22,16.39,15.558,15.294,15.286,0.04783333333333406,-0.5623529411764641,0.28906976744185875,1.2976744186046445,1.0086046511627855,gmag_rmag_imag_Hamag,,-25.4653889,0.01,,0.086,0.01,,,False,0.48,,,0.01,,,0.413,721,16.909,0.02,Haffner 16,0.01,0.061,0.186,0.082,,,,,0.066,117.5115417,,,,,0.088,O
271,18.82,18.29,16.82,16.41,16.55,15.747,15.355,15.887,-0.21483333333333232,-1.201176470588232,0.1751162790697673,1.3227906976744164,1.147674418604649,gmag_rmag_imag_Hamag,,-25.4760278,0.01,,0.092,0.01,,,False,0.578,,,0.01,,,0.504,792,17.149,0.01,Haffner 16,0.01,0.068,,0.093,,,,,0.069,117.5155417,,,,,0.088,O
272,19.17,18.47,16.88,16.41,16.6,15.553,15.263,15.088,-0.15383333333332816,-1.095294117647041,0.21837209302325566,1.3709302325581367,1.152558139534881,gmag_rmag_imag_Hamag,,-25.5000556,0.01,,0.096,0.01,,,False,0.683,,,0.01,,,0.528,924,17.259,0.01,Haffner 16,0.01,0.072,0.153,0.098,,,,,0.068,117.5166667,,,,,0.072,O
273,19.16,18.38,16.78,16.34,16.49,15.584,15.208,14.916,-0.019333333333334313,-1.0794117647058992,0.39976744186047003,1.654418604651169,1.254651162790699,gmag_rmag_imag_Hamag,,-25.5257778,0.01,,0.094,0.01,,,True,0.649,,,0.02,,,0.547,1044,17.191,0.01,Haffner 16,0.01,0.07,0.124,0.096,,,,,0.054,117.51675,,,,,0.061,O
274,17.7,17.15,15.69,15.29,15.41,14.6,14.35,14.152,-0.17666666666666642,-1.2452941176470547,0.24581395348837043,1.4295348837209256,1.183720930232555,gmag_rmag_imag_Hamag,,-25.5113611,0.0,,0.059,0.0,,,False,0.593,,,0.01,,,0.467,972,16.053,0.01,Haffner 16,0.01,0.035,0.072,0.048,,,,,0.027,117.5181667,,,,,0.033,O
275,17.76,17.06,15.73,15.38,15.53,14.759,14.558,14.362,0.06416666666667037,-0.582352941176475,0.31976744186047174,1.3044186046511712,0.9846511627906994,gmag_rmag_imag_Hamag,,-25.5373889,0.0,,0.059,0.0,,,True,0.404,,,0.01,,,0.37,1107,16.017,0.01,Haffner 16,0.01,0.034,0.088,0.045,,,,,0.038,117.5187917,,,,,0.049,O
276,19.67,18.21,16.09,15.35,15.7,13.974,13.287,13.165,0.11566666666666747,-1.0405882352941211,0.5727906976744208,1.8869767441860512,1.3141860465116302,umag_rmag_imag_Hamag | gmag_rmag_imag_Hamag,,-25.4638611,0.01,,0.079,0.01,,,False,1.057,,,0.02,,,0.91,713,16.786,0.01,Haffner 16,0.01,0.06,0.039,0.091,,,,,0.024,117.5194167,,,,,0.025,O
277,18.17,17.62,16.1,15.68,15.84,14.942,14.607,14.257,-0.2130000000000022,-1.1170588235294217,0.14441860465116335,1.2960465116279072,1.1516279069767437,gmag_rmag_imag_Hamag,,-25.4740833,0.01,,0.064,0.01,,,False,0.611,,,0.01,,,0.506,778,16.457,0.01,Haffner 16,0.01,0.041,0.071,0.057,,,,,0.036,117.521,,,,,0.042,O
278,17.21,16.7,15.24,14.85,14.97,14.136,13.876,13.736,-0.19849999999999934,-1.2211764705882315,0.20581395348837128,1.3895348837209265,1.183720930232555,gmag_rmag_imag_Hamag,,-25.4799444,0.0,,0.053,0.0,,,False,0.587,,,0.01,,,0.455,806,15.591,0.01,Haffner 16,0.01,0.028,0.044,0.039,,,,,0.026,117.521,,,,,0.033,O
279,18.63,17.8,16.24,15.77,15.97,14.993,14.578,14.518,-0.023833333333332707,-0.9011764705882235,0.3230232558139493,1.4225581395348796,1.0995348837209302,gmag_rmag_imag_Hamag,,-25.4496389,0.01,,0.067,0.01,,,False,0.666,,,0.01,,,0.51,611,16.673,0.01,Haffner 16,0.01,0.045,0.086,0.062,,,,,0.035,117.5213333,,,,,0.027,O
280,18.56,17.71,15.94,15.39,15.62,14.417,13.891,13.864,-0.14916666666666656,-1.2017647058823577,0.2669767441860481,1.5074418604651227,1.2404651162790745,gmag_rmag_imag_Hamag,,-25.4723056,0.0,,0.063,0.01,,,False,0.803,,,0.01,,,0.649,766,16.456,0.01,Haffner 16,0.01,0.041,0.058,0.059,,,,,0.038,117.5218333,,,,,0.031,O
281,17.89,17.41,16.07,15.73,15.83,15.173,14.902,14.662,-0.13766666666666583,-1.058823529411766,0.2265116279069782,1.336279069767444,1.109767441860466,gmag_rmag_imag_Hamag,,-25.4982222,0.0,,0.063,0.0,,,False,0.487,,,0.01,,,0.384,907,16.361,0.01,Haffner 16,0.01,0.04,0.105,0.053,,,,,0.04,117.523,,,,,0.061,O
282,18.69,18.15,16.71,16.29,16.42,15.47,15.181,15.012,-0.2230000000000002,-1.3194117647058747,0.21046511627906617,1.3511627906976629,1.1406976744185966,gmag_rmag_imag_Hamag,,-25.4958889,0.01,,0.076,0.01,,,False,0.639,,,0.01,,,0.479,888,17.039,0.01,Haffner 16,0.01,0.053,0.147,0.072,,,,,0.044,117.5247917,,,,,0.074,O
283,18.38,17.89,16.37,15.93,16.08,15.227,15.003,14.708,-0.309333333333337,-1.3694117647059019,0.10976744186046733,1.284418604651168,1.1746511627907008,gmag_rmag_imag_Hamag,,-25.46175,0.01,,0.069,0.01,,,False,0.674,,,0.01,,,0.468,699,16.783,0.01,Haffner 16,0.01,0.047,0.112,0.064,,,,,0.051,117.529,,,,,0.088,O
284,17.49,16.83,15.37,14.98,15.07,14.379,13.977,14.007,-0.048499999999997434,-1.2635294117646996,0.4318604651162797,1.684651162790698,1.252790697674418,gmag_rmag_imag_Hamag,,-25.5409444,0.0,,0.054,0.0,,,False,0.636,,,0.01,,,0.449,1133,15.726,0.01,Haffner 16,0.01,0.029,0.06,0.04,,,,,0.026,117.5314583,,,,,0.022,O
288,19.77,18.86,17.12,16.57,16.78,15.66,15.285,15.183,-0.08916666666666762,-1.2699999999999996,0.37767441860464945,1.634186046511623,1.2565116279069735,gmag_rmag_imag_Hamag,,-25.4841667,0.01,,0.108,0.01,,,True,0.829,,,0.03,,,0.599,830,17.65,0.01,Haffner 16,0.01,0.085,0.168,0.118,,,,,0.065,117.5425,,,,,0.09,O
291,17.29,16.84,15.42,15.02,15.14,14.479,14.088,14.105,-0.27666666666666784,-1.345294117647056,0.145813953488369,1.289534883720925,1.143720930232556,gmag_rmag_imag_Hamag,,-25.4686111,0.0,,0.055,0.0,,,False,0.563,,,0.01,,,0.417,739,15.743,0.01,Haffner 16,0.0,0.03,0.075,0.041,,,,,0.036,117.5445,,,,,0.047,O
292,19.22,18.53,17.03,16.59,16.75,15.902,15.65,15.322,-0.10933333333333772,-1.105294117647069,0.28441860465116037,1.4160465116279046,1.131627906976744,gmag_rmag_imag_Hamag,,-25.4843056,0.01,,0.103,0.01,,,True,0.65,,,0.02,,,0.413,831,17.459,0.01,Haffner 16,0.01,0.078,0.2,0.104,,,,,0.059,117.54475,,,,,0.095,O
293,18.16,17.41,15.8,15.33,15.48,14.612,14.157,14.093,-0.10383333333333433,-1.3017647058823556,0.3697674418604644,1.6344186046511608,1.2646511627906964,gmag_rmag_imag_Hamag,,-25.4914444,0.0,,0.06,0.0,,,True,0.713,,,0.01,,,0.52,868,16.219,0.01,Haffner 16,0.01,0.037,0.069,0.052,,,,,0.035,117.5449167,,,,,0.038,O
294,17.53,16.91,15.34,14.86,15.02,14.09,13.677,13.748,-0.25199999999999956,-1.4317647058823546,0.21441860465116364,1.4160465116279082,1.2016279069767444,gmag_rmag_imag_Hamag,,-25.4925,0.0,,0.055,0.0,,,True,0.694,,,0.01,,,0.541,877,15.752,0.0,Haffner 16,0.0,0.031,0.069,0.044,,,,,0.047,117.54575,,,,,0.066,O
295,18.58,18.07,16.58,16.16,16.29,15.586,15.073,15.121,-0.25299999999999845,-1.3494117647058794,0.18046511627907047,1.3711627906976798,1.190697674418609,gmag_rmag_imag_Hamag,,-25.5243333,0.01,,0.074,0.01,,,True,0.601,,,0.01,,,0.478,1039,16.963,0.01,Haffner 16,0.01,0.051,0.165,0.069,,,,,0.069,117.546,,,,,0.088,O
296,17.48,16.93,15.44,14.99,15.14,14.322,13.916,13.833,-0.26749999999999774,-1.373529411764699,0.1697674418604651,1.3144186046511623,1.1446511627906972,gmag_rmag_imag_Hamag,,-25.5193889,0.0,,0.055,0.0,,,True,0.636,,,0.01,,,0.47,1009,15.821,0.0,Haffner 16,0.01,0.031,0.044,0.043,,,,,0.023,117.5463333,,,,,0.022,O
298,18.02,17.44,15.95,15.53,15.64,14.818,14.55,14.386,-0.18300000000000138,-1.4076470588235235,0.30116279069766977,1.5379069767441809,1.236744186046511,gmag_rmag_imag_Hamag,,-25.4616111,0.01,,0.062,0.0,,,True,0.643,,,0.01,,,0.486,698,16.313,0.01,Haffner 16,0.01,0.039,0.09,0.053,,,,,0.039,117.54775,,,,,0.057,O
299,15.29,14.92,13.66,13.33,13.42,12.918,12.662,12.639,-0.22950000000000081,-1.1688235294117673,0.14186046511627876,1.1946511627906977,1.0527906976744188,gmag_rmag_imag_Hamag,,-25.5086111,0.0,,0.044,0.0,,,True,0.452,,,0.0,,,0.333,962,13.92,0.0,Haffner 16,0.0,0.015,0.026,0.022,,,,,0.028,117.5480417,,,,,0.022,O
302,18.39,17.82,16.26,15.76,15.95,14.948,14.604,14.707,-0.33833333333333604,-1.4176470588235444,0.0883720930232576,1.2109302325581415,1.1225581395348838,gmag_rmag_imag_Hamag,,-25.4561944,0.01,,0.067,0.01,,,False,0.682,,,0.01,,,0.508,663,16.66,0.01,Haffner 16,0.01,0.045,0.112,0.062,,,,,0.039,117.5518333,,,,,0.057,O
303,18.43,17.88,16.37,15.92,16.08,15.176,14.882,14.591,-0.26750000000000107,-1.3094117647058996,0.14441860465116785,1.286046511627914,1.141627906976746,gmag_rmag_imag_Hamag,,-25.4505833,0.01,,0.069,0.01,,,False,0.621,,,0.01,,,0.506,625,16.745,0.01,Haffner 16,0.01,0.047,0.096,0.064,,,,,0.054,117.5521667,,,,,0.072,O
304,18.52,18.0,16.59,16.19,16.32,15.365,15.046,14.837,-0.20666666666666433,-1.2111764705882335,0.19046511627907203,1.3011627906976795,1.1106976744186072,gmag_rmag_imag_Hamag,,-25.4450278,0.01,,0.072,0.01,,,False,0.602,,,0.01,,,0.46,578,16.868,0.02,Haffner 16,0.01,0.049,0.132,0.067,,,,,0.059,117.5529167,,,,,0.122,O
306,18.57,17.94,16.41,15.93,16.14,15.073,14.731,14.621,-0.24200000000000155,-1.101176470588234,0.09767441860464832,1.1441860465116245,1.0465116279069762,gmag_rmag_imag_Hamag,,-25.4526667,0.01,,0.069,0.01,,,False,0.648,,,0.01,,,0.555,641,16.72,0.01,Haffner 16,0.01,0.046,0.106,0.064,,,,,0.049,117.5535417,,,,,0.053,O
307,17.44,16.79,15.32,14.94,15.04,14.336,13.997,13.889,-0.040333333333332444,-1.1452941176470646,0.3965116279069799,1.6362790697674447,1.239767441860465,gmag_rmag_imag_Hamag,,-25.4882778,0.0,,0.053,0.0,,,True,0.676,,,0.01,,,0.477,850,15.625,0.0,Haffner 16,0.0,0.029,0.063,0.04,,,,,0.04,117.5539583,,,,,0.049,O
308,18.28,17.29,15.65,15.19,15.32,14.455,13.958,13.901,0.154333333333334,-1.1258823529411757,0.66046511627907,2.0011627906976717,1.3406976744186019,umag_rmag_imag_Hamag | gmag_rmag_imag_Hamag,,-25.4397778,0.0,,0.058,0.01,,,False,0.748,,,0.01,,,0.552,550,16.091,0.01,Haffner 16,0.01,0.035,0.063,0.049,,,,,0.036,117.5550417,,,,,0.027,O
309,14.03,13.7,12.41,12.1,12.17,11.592,11.345,11.296,-0.2331666666666674,-1.2088235294117664,0.15255813953488315,1.2813953488372074,1.1288372093023242,gmag_rmag_imag_Hamag,,-25.4761944,0.0,,0.043,0.0,,,False,0.487,,,0.0,,,0.338,794,12.699,0.0,Haffner 16,0.0,0.012,0.023,0.018,,,,,0.023,117.555375,,,,,0.023,O
310,18.11,17.19,15.56,15.11,15.24,14.381,13.918,13.874,0.10249999999999637,-1.1317647058823574,0.5904651162790662,1.9211627906976698,1.3306976744186039,umag_rmag_imag_Hamag | gmag_rmag_imag_Hamag,,-25.5276111,0.0,,0.057,0.0,,,True,0.74,,,0.01,,,0.537,1054,15.993,0.0,Haffner 16,0.01,0.034,0.056,0.047,,,,,0.036,117.5560833,,,,,0.041,O
311,17.98,17.13,15.52,15.06,15.2,14.297,13.839,13.654,0.01433333333333664,-1.2017647058823542,0.4951162790697721,1.7827906976744257,1.2876744186046536,umag_rmag_imag_Hamag | gmag_rmag_imag_Hamag,,-25.4498056,0.01,,0.057,0.01,,,False,0.742,,,0.01,,,0.515,615,15.953,0.01,Haffner 16,0.01,0.033,0.052,0.047,,,,,0.032,117.5564167,,,,,0.029,O
312,17.43,16.99,15.65,15.29,15.42,14.79,14.625,14.575,-0.21400000000000075,-1.0347058823529431,0.11046511627906924,1.1511627906976702,1.0406976744186012,gmag_rmag_imag_Hamag,,-25.5351389,0.0,,0.057,0.0,,,True,0.481,,,0.01,,,0.396,1089,15.919,0.0,Haffner 16,0.01,0.032,0.093,0.044,,,,,0.044,117.558375,,,,,0.065,O
313,18.08,17.42,16.02,15.61,15.79,14.886,14.68,14.384,-0.08483333333333687,-0.8147058823529478,0.20372093023255566,1.189302325581396,0.9855813953488402,gmag_rmag_imag_Hamag,,-25.4493611,0.0,,0.062,0.0,,,False,0.505,,,0.01,,,0.462,609,16.339,0.01,Haffner 16,0.01,0.038,0.08,0.052,,,,,0.039,117.5610833,,,,,0.058,O
316,18.82,17.64,15.76,15.15,15.42,14.115,13.569,13.436,0.0718333333333343,-1.0,0.4955813953488384,1.7539534883720964,1.258372093023258,gmag_rmag_imag_Hamag,,-25.476,0.0,,0.06,0.0,,,True,0.912,,,0.01,,,0.721,791,16.327,0.0,Haffner 16,0.01,0.039,0.048,0.057,,,,,0.023,117.5620417,,,,,0.029,O
317,19.85,18.89,17.16,16.63,16.83,15.692,15.331,15.127,-0.0028333333333343536,-1.1558823529411884,0.4530232558139564,1.722558139534889,1.2695348837209326,gmag_rmag_imag_Hamag,,-25.4663333,0.01,,0.108,0.01,,,True,0.789,,,0.03,,,0.646,725,17.629,0.01,Haffner 16,0.01,0.085,0.163,0.119,,,,,0.066,117.5630833,,,,,0.099,O
318,17.17,16.72,15.37,14.99,15.13,14.441,14.187,14.221,-0.2403333333333285,-1.0888235294117523,0.095116279069769,1.1227906976744189,1.0276744186046498,gmag_rmag_imag_Hamag,,-25.5073611,0.0,,0.054,0.0,,,True,0.503,,,0.01,,,0.428,956,15.657,0.0,Haffner 16,0.0,0.03,0.07,0.041,,,,,0.03,117.5635833,,,,,0.039,O
320,16.89,16.39,15.11,14.78,14.9,14.259,14.083,14.011,-0.09950000000000003,-0.8464705882352885,0.19581395348836972,1.199534883720927,1.0037209302325572,gmag_rmag_imag_Hamag,,-25.4863611,0.0,,0.05,0.0,,,True,0.245,,,0.0,,,0.357,842,15.119,0.0,Haffner 16,0.0,0.023,0.07,0.032,,,,,0.044,117.5646667,,,,,0.057,O
323,16.26,15.97,14.86,14.61,14.58,14.206,14.087,14.098,-0.16416666666666563,-1.5052941176470545,0.36604651162790625,1.5451162790697663,1.1790697674418602,gmag_rmag_imag_Hamag,,-25.4926667,0.0,,0.05,0.0,,,True,0.454,,,0.0,,,0.286,878,15.04,0.0,Haffner 16,0.0,0.023,0.067,0.031,,,,,0.024,117.5667917,,,,,0.031,O
324,16.95,16.53,15.19,14.83,14.95,14.335,13.99,14.068,-0.23400000000000065,-1.1188235294117683,0.11581395348837237,1.179534883720934,1.0637209302325616,gmag_rmag_imag_Hamag,,-25.4882222,0.0,,0.052,0.0,,,False,0.501,,,0.0,,,0.398,849,15.489,0.0,Haffner 16,0.0,0.027,0.071,0.037,,,,,0.036,117.5669167,,,,,0.042,O
328,17.65,17.19,15.77,15.36,15.5,14.805,14.438,14.455,-0.28483333333333616,-1.2711764705882358,0.10511627906976345,1.2027906976744154,1.0976744186046519,gmag_rmag_imag_Hamag,,-25.4866667,0.0,,0.059,0.0,,,True,0.541,,,0.01,,,0.499,844,16.093,0.0,Haffner 16,0.01,0.035,0.11,0.049,,,,,0.049,117.5688333,,,,,0.057,O
329,19.47,18.76,17.13,16.62,16.84,15.771,15.352,15.345,-0.2164999999999988,-1.1494117647058801,0.15232558139534935,1.2758139534883781,1.1234883720930287,gmag_rmag_imag_Hamag,,-25.4744722,0.01,,0.107,0.01,,,True,0.763,,,0.02,,,0.591,782,17.59,0.01,Haffner 16,0.01,0.083,0.208,0.115,,,,,0.073,117.569,,,,,0.095,O
331,14.73,14.41,13.21,12.94,13.0,12.558,12.346,12.302,-0.17050000000000204,-1.0264705882352998,0.16790697674418514,1.2297674418604625,1.0618604651162773,gmag_rmag_imag_Hamag,,-25.4808056,0.0,,0.043,0.0,,,False,0.422,,,0.0,,,0.287,810,13.458,0.0,Haffner 16,0.0,0.014,0.024,0.021,,,,,0.024,117.5701667,,,,,0.023,O
332,17.8,17.3,16.01,15.67,15.8,15.073,14.867,15.156,-0.11766666666666947,-0.8464705882353001,0.17046511627906796,1.16116279069767,0.9906976744186022,gmag_rmag_imag_Hamag,,-25.45275,0.0,,0.061,0.01,,,False,0.428,,,0.01,,,0.393,643,16.264,0.01,Haffner 16,0.01,0.037,0.169,0.05,,,,,0.043,117.5702083,,,,,0.055,O
333,18.97,18.29,16.67,16.16,16.34,15.205,14.831,14.648,-0.24650000000000294,-1.4358823529411895,0.2237209302325588,1.4293023255813944,1.2055813953488355,gmag_rmag_imag_Hamag,,-25.4567222,0.01,,0.072,0.01,,,False,0.727,,,0.02,,,0.583,667,16.912,0.01,Haffner 16,0.02,0.05,0.097,0.07,,,,,0.046,117.5704167,,,,,0.053,O
334,19.56,18.42,16.71,16.19,16.38,15.198,14.73,14.657,0.19533333333333136,-0.9758823529411922,0.6583720930232588,1.930930232558149,1.27255813953489,umag_rmag_imag_Hamag | gmag_rmag_imag_Hamag,,-25.4855,0.01,,0.072,0.01,,,True,0.809,,,0.02,,,0.579,840,16.939,0.01,Haffner 16,0.01,0.051,0.116,0.071,,,,,0.057,117.5705,,,,,0.079,O
335,19.34,18.15,16.45,15.98,16.1,15.25,14.712,14.585,0.3361666666666703,-1.0541176470588094,0.885813953488371,2.3095348837209264,1.4237209302325553,umag_rmag_imag_Hamag | gmag_rmag_imag_Hamag,,-25.4575556,0.01,,0.071,0.01,,,True,0.757,,,0.02,,,0.581,671,16.844,0.01,Haffner 16,0.01,0.049,0.099,0.068,,,,,0.079,117.571125,,,,,0.089,O
337,18.05,17.59,16.22,15.85,15.98,15.197,14.901,14.967,-0.21216666666666417,-1.0788235294117543,0.13046511627906882,1.2011627906976727,1.070697674418604,gmag_rmag_imag_Hamag,,-25.4611389,0.0,,0.066,0.0,,,False,0.495,,,0.01,,,0.42,694,16.536,0.01,Haffner 16,0.01,0.042,0.136,0.057,,,,,0.052,117.5722917,,,,,0.083,O
338,18.91,18.43,16.93,16.52,16.65,15.832,15.586,15.5,-0.26483333333333303,-1.3152941176470663,0.15046511627907289,1.3511627906976802,1.200697674418607,gmag_rmag_imag_Hamag,,-25.4665,0.01,,0.099,0.01,,,True,0.693,,,0.01,,,0.395,728,17.432,0.01,Haffner 16,0.01,0.075,0.226,0.1,,,,,0.065,117.5727917,,,,,0.097,O
341,16.94,16.54,15.16,14.79,14.9,14.237,13.883,13.995,-0.2721666666666662,-1.267058823529409,0.1211627906976736,1.2479069767441817,1.126744186046508,gmag_rmag_imag_Hamag,,-25.4717222,0.0,,0.052,0.0,,,True,0.537,,,0.01,,,0.393,761,15.468,0.01,Haffner 16,0.01,0.027,0.055,0.037,,,,,0.029,117.5757917,,,,,0.029,O
342,18.44,18.0,16.59,16.2,16.33,15.606,15.285,14.682,-0.26849999999999963,-1.227058823529421,0.11046511627907374,1.2211627906976812,1.1106976744186072,gmag_rmag_imag_Hamag,,-25.4541111,0.01,,0.074,0.01,,,True,0.584,,,0.01,,,0.436,649,16.952,0.01,Haffner 16,0.01,0.051,,0.068,,,,,0.07,117.576625,,,,,0.108,O
343,17.85,17.39,16.0,15.61,15.76,14.106,14.639,14.617,-0.24850000000000005,-1.0788235294117656,0.07976744186046525,1.1244186046511628,1.0446511627906976,gmag_rmag_imag_Hamag,,-25.4573889,0.0,,0.059,0.0,,,False,0.435,,,0.01,,,0.316,669,16.012,0.01,Haffner 16,0.01,0.034,0.107,0.045,,,,,,117.5772083,,,,,0.075,O
344,18.08,16.79,14.84,14.19,14.47,13.041,12.449,12.339,0.10916666666666552,-1.0823529411764672,0.5802325581395315,1.885581395348831,1.3053488372092994,umag_rmag_imag_Hamag | gmag_rmag_imag_Hamag,,-25.5277222,0.0,,0.052,0.0,,,True,0.945,,,0.01,,,0.786,1055,15.448,0.0,Haffner 16,0.0,0.029,0.026,0.044,,,,,0.024,117.5774167,,,,,0.023,O
346,17.92,17.45,16.03,15.64,15.75,15.014,14.714,14.571,-0.2384999999999985,-1.3252941176470643,0.19116279069767844,1.3579069767441898,1.166744186046511,gmag_rmag_imag_Hamag,,-25.5128611,0.0,,0.063,0.0,,,True,0.572,,,0.01,,,0.457,984,16.365,0.0,Haffner 16,0.01,0.04,0.106,0.054,,,,,0.046,117.57875,,,,,0.058,O
347,18.54,18.0,16.49,16.04,16.2,15.299,14.977,14.641,-0.2774999999999993,-1.3194117647058783,0.1344186046511618,1.2760465116279076,1.1416279069767457,gmag_rmag_imag_Hamag,,-25.4580278,0.01,,0.072,0.01,,,True,0.686,,,0.01,,,0.478,676,16.893,0.01,Haffner 16,0.01,0.05,0.115,0.068,,,,,0.09,117.5792917,,,,,0.097,O
349,17.78,17.33,15.88,15.47,15.6,14.837,14.53,14.573,-0.2948333333333306,-1.3452941176470639,0.1204651162790753,1.2711627906976801,1.1506976744186046,gmag_rmag_imag_Hamag,,-25.5395833,0.0,,0.061,0.0,,,True,0.594,,,0.01,,,0.467,1126,16.231,0.01,Haffner 16,0.01,0.037,0.094,0.051,,,,,0.029,117.579625,,,,,0.052,O
350,17.34,16.93,15.57,15.2,15.32,14.597,14.404,14.369,-0.2621666666666682,-1.1929411764705886,0.10581395348836986,1.1895348837209254,1.0837209302325554,gmag_rmag_imag_Hamag,,-25.4521389,0.0,,0.056,0.0,,,False,0.519,,,0.01,,,0.408,634,15.844,0.01,Haffner 16,0.01,0.032,0.107,0.043,,,,,0.115,117.5804583,,,,,0.119,O
351,19.23,18.56,17.01,16.52,16.73,15.886,15.33,15.397,-0.2201666666666684,-1.125294117647065,0.13767441860465102,1.2041860465116232,1.0665116279069722,gmag_rmag_imag_Hamag,,-25.4633611,0.01,,0.103,0.01,,,True,0.639,,,0.02,,,0.532,710,17.436,0.01,Haffner 16,0.01,0.078,0.206,0.106,,,,,0.08,117.5805833,,,,,0.09,O
353,17.47,17.03,15.64,15.24,15.37,14.622,14.411,14.298,-0.2866666666666694,-1.2911764705882467,0.11046511627907019,1.201162790697678,1.0906976744186077,gmag_rmag_imag_Hamag,,-25.4556667,0.0,,0.057,0.0,,,False,0.57,,,0.01,,,0.442,661,15.961,0.01,Haffner 16,0.01,0.033,0.094,0.045,,,,,0.065,117.5822083,,,,,0.091,O
355,18.39,17.82,16.36,15.93,16.11,15.24,15.041,14.955,-0.21116666666666561,-1.0329411764705885,0.11372093023255936,1.1593023255813983,1.0455813953488389,gmag_rmag_imag_Hamag,,-25.5214444,0.0,,0.068,0.0,,,True,0.585,,,0.01,,,0.478,1018,16.708,0.01,Haffner 16,0.01,0.045,0.161,0.062,,,,,0.06,117.5823333,,,,,0.074,O
356,18.19,17.77,16.38,16.01,16.12,15.393,15.153,15.198,-0.2521666666666601,-1.2470588235293978,0.14116279069767773,1.2779069767441915,1.1367441860465135,gmag_rmag_imag_Hamag,,-25.5281944,0.0,,0.069,0.01,,,True,0.515,,,0.01,,,0.459,1057,16.689,0.01,Haffner 16,0.01,0.045,0.182,0.062,,,,,0.047,117.5826667,,,,,0.08,O
357,18.76,18.15,16.58,16.11,16.25,15.294,14.921,14.718,-0.24383333333332802,-1.5058823529411631,0.25511627906976914,1.5027906976744196,1.2476744186046504,gmag_rmag_imag_Hamag,,-25.46375,0.01,,0.086,0.01,,,True,0.692,,,0.01,,,0.567,712,17.007,0.01,Haffner 16,0.01,0.064,0.11,0.089,,,,,0.037,117.583,,,,,0.071,O
360,17.96,17.53,16.21,15.84,15.96,15.356,15.111,15.051,-0.24216666666666864,-1.172941176470589,0.12581395348836943,1.1695348837209258,1.0437209302325563,gmag_rmag_imag_Hamag,,-25.4576667,0.0,,0.065,0.0,,,False,0.476,,,0.01,,,0.399,673,16.499,0.01,Haffner 16,0.01,0.041,0.144,0.056,,,,,0.059,117.5840833,,,,,0.08,O
365,14.82,14.34,12.97,12.62,12.69,12.045,11.752,11.712,-0.15583333333333538,-1.3152941176470663,0.30255813953488353,1.5113953488372078,1.2088372093023243,gmag_rmag_imag_Hamag,,-25.5351667,0.0,,0.043,0.0,,,False,0.56,,,0.0,,,0.392,1090,13.292,0.0,Haffner 16,0.0,0.014,0.026,0.021,,,,,0.026,117.5862917,,,,,0.027,O
366,18.02,17.38,15.86,15.45,15.55,14.697,14.494,14.255,-0.10483333333333289,-1.3476470588235212,0.38651162790697385,1.6762790697674355,1.2897674418604614,gmag_rmag_imag_Hamag,,-25.5366389,0.0,,0.059,0.0,,,True,0.712,,,0.01,,,0.483,1102,16.178,0.0,Haffner 16,0.01,0.036,0.082,0.05,,,,,0.062,117.5865,,,,,0.072,O
367,18.44,17.92,16.44,16.02,16.14,15.371,15.046,14.915,-0.24300000000000332,-1.4035294117647115,0.2158139534883693,1.4195348837209258,1.2037209302325564,gmag_rmag_imag_Hamag,,-25.5305556,0.01,,0.107,0.01,,,True,0.621,,,0.01,,,0.478,1067,16.799,0.01,Haffner 16,0.01,0.081,0.143,0.11,,,,,0.047,117.5866667,,,,,0.056,O
368,16.93,16.52,15.15,14.81,14.87,14.257,13.784,13.664,-0.2076666666666661,-1.3852941176470666,0.2579069767441895,1.489767441860471,1.2318604651162812,gmag_rmag_imag_Hamag,,-25.4454444,0.0,,0.052,0.01,,,False,0.544,,,0.0,,,0.407,584,15.459,0.01,Haffner 16,0.01,0.027,,0.037,,,,,0.045,117.5874167,,,,,,O
369,18.24,17.7,16.44,16.11,16.22,15.546,14.09,14.074,-0.059500000000004105,-0.8705882352941345,0.2611627906976752,1.2679069767441864,1.006744186046511,gmag_rmag_imag_Hamag,,-25.4444167,0.0,,0.067,0.01,,,False,0.394,,,0.01,,,0.355,573,16.548,0.01,Haffner 16,0.01,0.043,,0.057,,,,,0.059,117.5874583,,,,,,O
371,18.2,17.76,16.4,16.03,16.13,15.44,15.181,14.954,-0.23216666666666408,-1.2911764705882354,0.18651162790698,1.3162790697674531,1.129767441860473,gmag_rmag_imag_Hamag,,-25.5079444,0.0,,0.069,0.0,,,True,0.533,,,0.01,,,0.418,959,16.727,0.01,Haffner 16,0.01,0.045,0.132,0.061,,,,,0.051,117.589,,,,,0.085,O
372,17.85,17.27,15.76,15.34,15.47,14.668,14.264,14.29,-0.18299999999999783,-1.2794117647058756,0.2504651162790698,1.4611627906976725,1.2106976744186029,gmag_rmag_imag_Hamag,,-25.4948056,0.0,,0.059,0.0,,,True,0.663,,,0.01,,,0.481,885,16.163,0.0,Haffner 16,0.01,0.036,0.081,0.05,,,,,0.037,117.589125,,,,,0.047,O
374,17.96,17.54,16.18,15.82,15.94,15.208,14.944,14.862,-0.2339999999999971,-1.1188235294117648,0.11581395348837592,1.1995348837209354,1.0837209302325594,gmag_rmag_imag_Hamag,,-25.4505556,0.0,,0.065,0.01,,,False,0.515,,,0.01,,,0.386,624,16.455,0.01,Haffner 16,0.01,0.041,0.124,0.055,,,,,0.069,117.5906667,,,,,0.078,O
375,18.4,17.75,16.23,15.76,15.97,15.05,14.696,14.627,-0.20383333333333575,-1.0170588235294125,0.11767441860464789,1.1541860465116225,1.0365116279069746,gmag_rmag_imag_Hamag,,-25.5394167,0.01,,0.066,0.0,,,True,0.635,,,0.01,,,0.492,1125,16.649,0.01,Haffner 16,0.01,0.043,0.096,0.059,,,,,0.043,117.59075,,,,,0.056,O
376,17.52,17.04,15.81,15.51,15.59,14.983,14.855,14.835,-0.06500000000000072,-0.9305882352941217,0.2772093023255817,1.3230232558139525,1.0458139534883706,gmag_rmag_imag_Hamag,,-25.5116389,0.0,,0.059,0.0,,,True,0.387,,,0.01,,,0.341,975,16.049,0.0,Haffner 16,0.01,0.034,0.124,0.045,,,,,0.04,117.5910833,,,,,0.072,O
377,16.95,16.48,15.14,14.78,14.89,14.203,13.988,13.953,-0.18400000000000316,-1.13294117647059,0.19116279069767034,1.2779069767441793,1.0867441860465088,gmag_rmag_imag_Hamag,,-25.523,0.0,,0.052,0.0,,,True,0.505,,,0.01,,,0.409,1027,15.441,0.0,Haffner 16,0.0,0.027,0.056,0.037,,,,,0.028,117.5917917,,,,,0.033,O
379,17.79,17.33,16.02,15.68,15.79,15.284,15.081,15.119,-0.1576666666666654,-1.0147058823529436,0.18116279069767688,1.2379069767441888,1.0567441860465117,gmag_rmag_imag_Hamag,,-25.4416389,0.0,,0.062,0.01,,,False,0.443,,,0.01,,,0.38,557,16.298,0.01,Haffner 16,0.01,0.038,0.149,0.051,,,,,0.046,117.592125,,,,,0.067,O
380,18.62,17.94,16.34,15.86,16.0,15.23,14.581,14.388,-0.19200000000000084,-1.5,0.32511627906976587,1.6027906976744175,1.2776744186046516,gmag_rmag_imag_Hamag,,-25.4548333,0.01,,0.069,0.01,,,True,0.702,,,0.01,,,0.55,652,16.74,0.01,Haffner 16,0.01,0.047,0.093,0.065,,,,,0.046,117.5923333,,,,,0.038,O
382,18.37,17.69,16.18,15.72,15.89,14.975,14.629,14.425,-0.15566666666666507,-1.1794117647058777,0.2490697674418606,1.3676744186046532,1.1186046511627925,gmag_rmag_imag_Hamag,,-25.5182222,0.0,,0.066,0.0,,,True,0.623,,,0.01,,,0.524,1008,16.563,0.0,Haffner 16,0.01,0.043,0.093,0.059,,,,,0.041,117.5936667,,,,,0.044,O
385,18.83,18.06,16.42,15.96,16.12,15.108,14.746,14.704,-0.06566666666666843,-1.1535294117647115,0.3644186046511622,1.6360465116279035,1.271627906976741,gmag_rmag_imag_Hamag,,-25.4581389,0.01,,0.07,0.01,,,True,0.752,,,0.02,,,0.566,677,16.829,0.01,Haffner 16,0.01,0.048,0.124,0.067,,,,,0.045,117.594,,,,,0.061,O
386,18.43,17.32,15.56,15.03,15.22,14.099,13.579,13.472,0.14716666666666423,-1.0700000000000003,0.6283720930232523,1.9509302325581332,1.3225581395348809,umag_rmag_imag_Hamag | gmag_rmag_imag_Hamag,,-25.4463056,0.0,,0.058,0.0,,,False,0.838,,,0.01,,,0.65,589,16.059,0.01,Haffner 16,0.0,0.035,0.054,0.051,,,,,0.051,117.5945833,,,,,0.056,O
387,19.19,18.3,16.67,16.22,16.35,15.346,14.937,14.915,0.07249999999999557,-1.161764705882355,0.560465116279064,1.891162790697662,1.3306976744185979,umag_rmag_imag_Hamag | gmag_rmag_imag_Hamag,,-25.44775,0.01,,0.089,0.01,,,False,0.782,,,0.02,,,0.535,597,17.085,0.01,Haffner 16,0.01,0.067,0.138,0.092,,,,,0.064,117.5947917,,,,,0.077,O
388,17.5,16.99,15.59,15.22,15.35,14.573,14.282,14.2,-0.16216666666666346,-1.028823529411765,0.18046511627907402,1.28116279069768,1.1006976744186057,gmag_rmag_imag_Hamag,,-25.4563056,0.0,,0.057,0.01,,,False,0.548,,,0.01,,,0.424,664,15.93,0.01,Haffner 16,0.01,0.033,0.079,0.045,,,,,0.035,117.5952083,,,,,0.045,O
389,19.22,18.66,17.22,16.83,16.99,16.368,15.912,14.76,-0.14850000000000219,-0.9147058823529457,0.15441860465116136,1.226046511627907,1.0716279069767454,gmag_rmag_imag_Hamag,,-25.4721944,0.01,,0.108,0.01,,,True,0.58,,,0.02,,,0.475,765,17.55,0.01,Haffner 16,0.01,0.082,,0.11,,,,,0.1,117.5954167,,,,,0.134,O
390,18.18,16.91,15.13,14.63,14.78,13.737,13.237,13.08,0.36166666666666647,-0.9741176470588337,0.8897674418604684,2.324418604651169,1.4346511627907006,umag_rmag_imag_Hamag | gmag_rmag_imag_Hamag,,-25.4995556,0.0,,0.053,0.0,,,True,0.824,,,0.01,,,0.593,919,15.63,0.0,Haffner 16,0.0,0.03,0.033,0.043,,,,,0.022,117.5955,,,,,0.022,O
392,18.94,18.41,16.93,16.47,16.64,15.765,15.494,15.324,-0.30566666666666686,-1.3294117647058763,0.09906976744185747,1.187674418604645,1.0886046511627874,gmag_rmag_imag_Hamag,,-25.44075,0.01,,0.096,0.01,,,True,0.627,,,0.01,,,0.541,554,17.326,0.01,Haffner 16,0.01,0.072,0.174,0.1,,,,,0.064,117.5974583,,,,,0.083,O
394,18.93,18.41,16.93,16.48,16.63,15.757,15.561,15.738,-0.2974999999999989,-1.4035294117647115,0.13976744186046847,1.27441860465117,1.1346511627907017,gmag_rmag_imag_Hamag,,-25.4936111,0.01,,0.097,0.01,,,True,0.68,,,0.01,,,0.522,880,17.376,0.01,Haffner 16,0.01,0.073,0.286,0.101,,,,,0.057,117.5984167,,,,,0.106,O
395,18.34,17.73,16.45,16.1,16.22,15.541,15.363,15.16,-0.025833333333329822,-0.864705882352945,0.30581395348837814,1.3095348837209435,1.0037209302325654,gmag_rmag_imag_Hamag,,-25.5195,0.0,,0.07,0.01,,,True,0.43,,,0.01,,,0.358,1010,16.743,0.01,Haffner 16,0.01,0.046,0.176,0.061,,,,,0.043,117.5985,,,,,0.07,O
396,18.25,17.8,16.4,16.03,16.14,15.236,15.028,15.009,-0.22216666666666252,-1.2170588235294002,0.17116279069767532,1.3179069767441907,1.146744186046515,gmag_rmag_imag_Hamag,,-25.4551111,0.01,,0.069,0.01,,,True,0.521,,,0.01,,,0.452,657,16.739,0.01,Haffner 16,0.01,0.046,0.128,0.062,,,,,0.046,117.598625,,,,,0.057,O
399,17.24,16.75,15.39,15.04,15.14,14.469,14.243,14.282,-0.14583333333333737,-1.1129411764705903,0.23651162790697172,1.3662790697674332,1.1297674418604613,gmag_rmag_imag_Hamag,,-25.482,0.0,,0.054,0.0,,,True,0.519,,,0.0,,,0.417,817,15.713,0.01,Haffner 16,0.0,0.029,0.075,0.04,,,,,0.03,117.6009167,,,,,0.042,O
400,17.82,17.35,16.04,15.7,15.8,15.138,14.888,14.894,-0.1476666666666674,-1.0688235294117563,0.21651162790697215,1.2962790697674365,1.0797674418604641,gmag_rmag_imag_Hamag,,-25.4536944,0.0,,0.062,0.0,,,False,0.453,,,0.01,,,0.402,647,16.308,0.01,Haffner 16,0.01,0.038,0.131,0.052,,,,,0.047,117.6010833,,,,,0.049,O
401,16.36,15.88,14.45,14.07,14.18,13.468,13.208,13.126,-0.2103333333333327,-1.2511764705882344,0.20116279069767468,1.3779069767441894,1.1767441860465144,gmag_rmag_imag_Hamag,,-25.4578889,0.0,,0.047,0.0,,,False,0.569,,,0.0,,,0.439,675,14.815,0.01,Haffner 16,0.0,0.021,0.033,0.03,,,,,0.022,117.6013333,,,,,0.025,O
402,18.65,18.01,16.47,16.03,16.17,15.299,15.045,14.843,-0.159333333333332,-1.2835294117646914,0.28511627906976317,1.502790697674416,1.2176744186046529,gmag_rmag_imag_Hamag,,-25.5461944,0.0,,0.071,0.01,,,True,0.631,,,0.01,,,0.519,1163,16.828,0.01,Haffner 16,0.01,0.048,0.126,0.066,,,,,0.041,117.6015833,,,,,0.051,O
403,18.26,17.81,16.38,15.99,16.11,15.337,15.102,15.286,-0.25849999999999473,-1.2811764705882303,0.14581395348837706,1.2995348837209368,1.1537209302325597,gmag_rmag_imag_Hamag,,-25.4963889,0.0,,0.069,0.0,,,True,0.574,,,0.01,,,0.472,891,16.726,0.01,Haffner 16,0.01,0.046,0.192,0.063,,,,,0.05,117.6019167,,,,,0.085,O
404,16.65,16.08,14.77,14.45,14.54,13.941,13.687,13.682,-0.011333333333333417,-0.9047058823529441,0.3418604651162798,1.4446511627906977,1.1027906976744177,gmag_rmag_imag_Hamag,,-25.45225,0.0,,0.05,0.0,,,False,0.454,,,0.0,,,0.362,635,15.068,0.01,Haffner 16,0.01,0.023,0.05,0.032,,,,,0.035,117.6045417,,,,,0.042,O
405,18.66,18.05,16.71,16.37,16.5,15.75,15.434,15.104,-0.0076666666666668215,-0.7364705882353006,0.2804651162790719,1.321162790697679,1.040697674418607,gmag_rmag_imag_Hamag,,-25.4738056,0.0,,0.077,0.01,,,True,0.477,,,0.01,,,0.356,775,17.048,0.01,Haffner 16,0.01,0.053,,0.07,,,,,0.064,117.604625,,,,,0.094,O
407,16.8,15.9,14.17,13.65,13.83,12.741,12.269,12.183,-0.0446666666666653,-1.2799999999999994,0.44372093023255943,1.759302325581398,1.3155813953488384,gmag_rmag_imag_Hamag,,-25.5325833,0.0,,0.047,0.0,,,False,0.793,,,0.0,,,0.625,1081,14.674,0.0,Haffner 16,0.0,0.021,0.024,0.032,,,,,0.022,117.605125,,,,,0.023,O
408,17.33,16.78,15.59,15.32,15.4,14.884,14.676,14.739,0.059499999999998054,-0.668235294117647,0.34720930232557845,1.3530232558139519,1.0058139534883732,gmag_rmag_imag_Hamag,,-25.4494167,0.0,,0.056,0.0,,,False,0.332,,,0.01,,,0.301,610,15.818,0.01,Haffner 16,0.01,0.031,0.112,0.041,,,,,0.039,117.6059167,,,,,0.055,O
409,18.45,17.61,16.02,15.61,15.71,14.877,14.543,14.177,0.0951666666666664,-1.147647058823522,0.5865116279069731,1.946279069767435,1.3597674418604617,umag_rmag_imag_Hamag | gmag_rmag_imag_Hamag,,-25.5041111,0.0,,0.063,0.0,,,True,0.693,,,0.01,,,0.562,942,16.427,0.0,Haffner 16,0.01,0.041,0.072,0.057,,,,,0.043,117.6074583,,,,,0.056,O
410,18.51,17.9,16.34,15.91,16.03,15.219,14.909,14.674,-0.17116666666666291,-1.3776470588235188,0.3058139534883727,1.5895348837209275,1.2837209302325547,gmag_rmag_imag_Hamag,,-25.4915278,0.0,,0.069,0.01,,,True,0.688,,,0.01,,,0.517,869,16.772,0.0,Haffner 16,0.01,0.047,0.105,0.064,,,,,0.04,117.6080833,,,,,0.051,O
411,19.53,18.78,17.14,16.62,16.81,15.858,15.308,15.365,-0.19466666666666566,-1.3658823529411892,0.2683720930232618,1.4709302325581517,1.2025581395348897,gmag_rmag_imag_Hamag,,-25.4498333,0.01,,0.107,0.01,,,True,0.744,,,0.03,,,0.583,616,17.605,0.01,Haffner 16,0.01,0.084,0.211,0.116,,,,,0.072,117.6089167,,,,,0.088,O
412,18.2,17.73,16.39,16.02,16.12,15.491,15.29,15.083,-0.2021666666666695,-1.2611764705882342,0.21651162790697215,1.326279069767434,1.1097674418604617,gmag_rmag_imag_Hamag,,-25.4972778,0.0,,0.069,0.01,,,True,0.528,,,0.01,,,0.388,900,16.706,0.01,Haffner 16,0.01,0.045,0.14,0.061,,,,,0.052,117.6090417,,,,,0.094,O
413,18.67,18.11,16.67,16.26,16.39,15.546,15.318,15.217,-0.18483333333333118,-1.2352941176470644,0.23046511627907473,1.3711627906976798,1.1406976744186048,gmag_rmag_imag_Hamag,,-25.5374167,0.01,,0.076,0.01,,,True,0.565,,,0.01,,,0.446,1109,17.049,0.01,Haffner 16,0.01,0.053,0.164,0.072,,,,,0.057,117.6095833,,,,,0.078,O
414,18.1,17.39,16.13,15.79,15.9,15.256,15.113,14.709,0.0923333333333346,-0.7647058823529322,0.4311627906976723,1.437906976744183,1.0067441860465105,gmag_rmag_imag_Hamag,,-25.4440278,0.0,,0.064,0.01,,,False,0.421,,,0.01,,,0.34,571,16.383,0.01,Haffner 16,0.01,0.04,0.125,0.053,,,,,0.039,117.6100417,,,,,0.063,O
417,19.85,18.73,16.99,16.51,16.67,15.681,15.174,15.018,0.24800000000000688,-0.9317647058823315,0.7144186046511636,2.08604651162791,1.371627906976746,umag_rmag_imag_Hamag | gmag_rmag_imag_Hamag,,-25.4517778,0.01,,0.101,0.01,,,True,0.833,,,0.02,,,0.575,633,17.48,0.01,Haffner 16,0.01,0.079,0.146,0.109,,,,,0.133,117.612625,,,,,0.101,O
419,17.9,17.4,16.03,15.67,15.79,15.061,14.864,14.997,-0.15400000000000202,-1.038823529411778,0.19581395348837421,1.2895348837209317,1.0937209302325575,gmag_rmag_imag_Hamag,,-25.4393889,0.0,,0.063,0.01,,,False,0.52,,,0.01,,,0.409,547,16.358,0.01,Haffner 16,0.01,0.039,0.137,0.052,,,,,0.046,117.6134583,,,,,0.079,O
420,18.66,18.15,16.72,16.3,16.44,15.689,15.16,14.951,-0.2529999999999949,-1.2852941176470423,0.15511627906976772,1.2627906976744177,1.1076744186046499,gmag_rmag_imag_Hamag,,-25.5232222,0.01,,0.075,0.01,,,True,0.601,,,0.01,,,0.462,1029,17.01,0.01,Haffner 16,0.01,0.052,0.143,0.071,,,,,0.067,117.613875,,,,,0.085,O
421,17.54,16.72,15.16,14.74,14.85,14.022,13.711,13.59,0.057000000000000606,-1.167647058823533,0.5411627906976764,1.8479069767441882,1.3067441860465117,umag_rmag_imag_Hamag | gmag_rmag_imag_Hamag,,-25.5338056,0.0,,0.053,0.0,,,True,0.679,,,0.01,,,0.54,1083,15.535,0.0,Haffner 16,0.0,0.029,0.054,0.04,,,,,0.036,117.6149167,,,,,0.049,O
422,17.42,16.56,15.01,14.6,14.7,13.949,13.603,13.522,0.11516666666666953,-1.1276470588235303,0.6065116279069808,1.9262790697674457,1.319767441860465,umag_rmag_imag_Hamag | gmag_rmag_imag_Hamag,,-25.5048889,0.0,,0.052,0.0,,,True,0.674,,,0.01,,,0.519,947,15.411,0.0,Haffner 16,0.0,0.027,0.044,0.038,,,,,0.03,117.6151667,,,,,0.025,O
424,19.71,18.46,16.65,16.09,16.28,15.096,14.486,14.403,0.23266666666666924,-1.1223529411764548,0.7683720930232528,2.1409302325581363,1.3725581395348834,umag_rmag_imag_Hamag | gmag_rmag_imag_Hamag,,-25.4421667,0.01,,0.092,0.01,,,False,0.903,,,0.02,,,0.714,558,17.216,0.01,Haffner 16,0.01,0.071,0.076,0.101,,,,,0.045,117.6162917,,,,,0.049,O
425,15.98,15.44,14.01,13.65,13.73,13.074,12.781,12.691,-0.11399999999999788,-1.2552941176470545,0.3372093023255822,1.583023255813954,1.2458139534883717,gmag_rmag_imag_Hamag,,-25.5213889,0.0,,0.046,0.0,,,False,0.597,,,0.0,,,0.412,1017,14.354,0.0,Haffner 16,0.0,0.018,0.026,0.026,,,,,0.022,117.6180833,,,,,0.022,O
427,16.64,16.08,14.7,14.32,14.45,13.662,13.398,13.353,-0.13033333333332908,-1.0429411764705865,0.23046511627907473,1.311162790697681,1.080697674418606,gmag_rmag_imag_Hamag,,-25.5354167,0.0,,0.048,0.0,,,False,0.557,,,0.0,,,0.43,1093,14.94,0.0,Haffner 16,0.01,0.022,0.049,0.032,,,,,0.033,117.6190833,,,,,0.033,O
428,17.1,15.57,13.65,13.06,13.29,11.996,11.421,11.258,0.4581666666666684,-0.7782352941176542,0.9469767441860514,2.3374418604651246,1.390465116279073,umag_gmag_imag_Hamag | umag_rmag_imag_Hamag | gmag_rmag_imag_Hamag,,-25.4893611,0.0,,0.046,0.0,,,False,0.913,,,0.0,,,0.74,855,14.205,0.0,Haffner 16,0.0,0.02,0.019,0.031,,,,,0.024,117.6198333,,,,,0.023,O
430,19.06,18.34,16.72,16.25,16.41,15.502,15.084,14.827,-0.13383333333333214,-1.267647058823523,0.3144186046511615,1.5660465116279068,1.251627906976745,gmag_rmag_imag_Hamag,,-25.4671667,0.01,,0.092,0.01,,,True,0.758,,,0.02,,,0.533,731,17.199,0.01,Haffner 16,0.01,0.07,0.114,0.096,,,,,0.064,117.620875,,,,,0.073,O
431,17.7,16.19,14.19,13.55,13.83,12.367,11.785,11.663,0.34733333333333394,-0.7982352941176463,0.8002325581395349,2.155581395348841,1.3553488372093059,umag_rmag_imag_Hamag | gmag_rmag_imag_Hamag,,-25.5230556,0.0,,0.048,0.0,,,False,0.967,,,0.01,,,0.796,1028,14.806,0.0,Haffner 16,0.0,0.024,0.027,0.037,,,,,0.028,117.6214583,,,,,0.031,O
432,17.21,16.72,15.52,15.24,15.33,14.82,14.578,14.426,-0.01866666666666339,-0.7282352941176422,0.2618604651162815,1.2546511627907,0.9927906976744183,gmag_rmag_imag_Hamag,,-25.4705278,0.0,,0.055,0.0,,,True,0.371,,,0.01,,,0.314,753,15.747,0.01,Haffner 16,0.01,0.03,0.084,0.04,,,,,0.044,117.6220833,,,,,0.06,O
434,18.15,17.68,16.21,15.8,15.92,15.022,14.741,14.792,-0.2748333333333346,-1.3894117647058901,0.16581395348837308,1.359534883720932,1.1937209302325589,gmag_rmag_imag_Hamag,,-25.4968056,0.0,,0.065,0.0,,,True,0.628,,,0.01,,,0.489,896,16.527,0.01,Haffner 16,0.01,0.042,0.122,0.058,,,,,0.073,117.6239167,,,,,0.135,O
435,17.1,16.65,15.29,14.93,15.02,14.395,14.113,14.045,-0.20399999999999596,-1.2811764705882303,0.22186046511628238,1.374651162790701,1.1527906976744184,gmag_rmag_imag_Hamag,,-25.4426944,0.0,,0.054,0.0,,,False,0.548,,,0.0,,,0.395,560,15.617,0.01,Haffner 16,0.01,0.029,0.055,0.04,,,,,0.026,117.6240417,,,,,0.029,O
436,16.71,16.32,15.02,14.69,14.78,14.123,13.907,13.75,-0.20949999999999946,-1.148823529411766,0.1618604651162801,1.2546511627907,1.0927906976744197,gmag_rmag_imag_Hamag,,-25.4849444,0.0,,0.05,0.0,,,True,0.473,,,0.0,,,0.363,835,15.169,0.0,Haffner 16,0.0,0.024,0.07,0.033,,,,,0.037,117.6246667,,,,,0.051,O
437,17.28,16.49,14.92,14.49,14.6,13.744,13.335,13.311,0.008833333333336801,-1.261764705882353,0.5111627906976788,1.8279069767441904,1.3167441860465114,umag_rmag_imag_Hamag | gmag_rmag_imag_Hamag,,-25.5356944,0.0,,0.051,0.0,,,False,0.689,,,0.01,,,0.482,1095,15.325,0.0,Haffner 16,0.0,0.026,0.041,0.037,,,,,0.024,117.6251667,,,,,0.027,O
438,19.35,17.21,14.97,14.22,14.56,12.807,12.042,11.853,0.777500000000001,-0.488823529411766,1.2781395348837223,2.7353488372093047,1.4572093023255823,umag_gmag_rmag_imag | umag_gmag_imag_Hamag | umag_rmag_imag_Hamag | gmag_rmag_imag_Hamag,,-25.4733056,0.01,,0.055,0.0,,,False,1.107,,,0.02,,,0.98,773,15.703,0.0,Haffner 16,0.0,0.033,0.029,0.051,,,,,0.024,117.6254583,,,,,0.025,O
439,16.75,15.03,13.04,12.5,12.66,11.562,10.994,10.878,0.7390000000000024,-0.7164705882352878,1.3144186046511632,2.9360465116279078,1.6216279069767443,umag_gmag_rmag_imag | umag_gmag_imag_Hamag | umag_rmag_imag_Hamag | gmag_rmag_imag_Hamag,,-25.4964444,0.0,,0.044,0.0,,,False,0.951,,,0.0,,,0.662,892,13.626,0.0,Haffner 16,0.0,0.017,0.034,0.027,,,,,0.029,117.6267917,,,,,0.041,O
440,19.05,18.03,16.35,15.9,16.05,15.064,14.781,14.439,0.2024999999999978,-0.9035294117647115,0.639767441860464,1.9744186046511607,1.3346511627906967,umag_rmag_imag_Hamag | gmag_rmag_imag_Hamag,,-25.4999167,0.01,,0.069,0.0,,,True,0.759,,,0.02,,,0.601,921,16.78,0.01,Haffner 16,0.01,0.047,0.1,0.066,,,,,0.06,117.6274583,,,,,0.096,O
441,17.8,17.34,16.03,15.68,15.8,15.131,14.856,14.865,-0.17583333333333495,-1.0147058823529436,0.15581395348837057,1.1895348837209254,1.0337209302325547,gmag_rmag_imag_Hamag,,-25.4461389,0.01,,0.063,0.01,,,False,0.488,,,0.01,,,0.41,586,16.324,0.01,Haffner 16,0.01,0.039,0.14,0.052,,,,,0.039,117.6281667,,,,,0.066,O
442,16.96,16.49,15.12,14.76,14.86,14.181,13.935,13.782,-0.1839999999999964,-1.1970588235294086,0.2165116279069802,1.3562790697674454,1.1397674418604653,gmag_rmag_imag_Hamag,,-25.4449444,0.0,,0.052,0.01,,,False,0.539,,,0.0,,,0.408,577,15.453,0.01,Haffner 16,0.01,0.027,0.068,0.037,,,,,0.045,117.6290833,,,,,0.055,O
443,18.46,17.72,16.16,15.69,15.87,14.849,14.649,14.475,-0.11383333333333234,-1.119411764705887,0.28372093023256106,1.429302325581398,1.1455813953488367,gmag_rmag_imag_Hamag,,-25.5028056,0.01,,0.065,0.0,,,True,0.685,,,0.01,,,0.585,930,16.53,0.01,Haffner 16,0.01,0.043,0.08,0.059,,,,,0.03,117.6293333,,,,,0.041,O
444,16.51,15.93,14.51,14.12,14.23,13.53,13.251,13.083,-0.12849999999999906,-1.2152941176470535,0.3011627906976733,1.4679069767441824,1.1667441860465089,gmag_rmag_imag_Hamag,,-25.545,0.0,,0.048,0.0,,,False,0.566,,,0.0,,,0.445,1156,14.837,0.0,Haffner 16,0.0,0.022,,0.031,,,,,0.029,117.6296667,,,,,0.031,O
445,15.92,15.53,14.17,13.82,13.91,13.261,12.992,12.92,-0.2458333333333319,-1.2770588235294105,0.1618604651162801,1.3146511627906987,1.1527906976744184,gmag_rmag_imag_Hamag,,-25.44925,0.0,,0.046,0.0,,,False,0.52,,,0.0,,,0.396,608,14.447,0.01,Haffner 16,0.0,0.018,0.032,0.026,,,,,0.026,117.6305833,,,,,0.027,O
446,18.89,18.05,16.48,15.95,16.18,15.08,14.877,14.73,-0.12283333333333535,-1.0835294117647112,0.25697674418604555,1.297441860465115,1.0404651162790692,gmag_rmag_imag_Hamag,,-25.5103333,0.01,,0.071,0.0,,,True,0.625,,,0.01,,,0.493,969,16.881,0.01,Haffner 16,0.01,0.048,0.115,0.065,,,,,0.036,117.6319167,,,,,0.052,O
447,18.03,17.5,15.97,15.55,15.67,14.787,14.495,14.431,-0.23299999999999854,-1.39352941176471,0.22581395348837535,1.4795348837209348,1.2537209302325594,gmag_rmag_imag_Hamag,,-25.4986389,0.01,,0.059,0.0,,,True,0.67,,,0.01,,,0.475,912,16.183,0.01,Haffner 16,0.01,0.036,0.096,0.05,,,,,0.033,117.6325833,,,,,0.053,O
448,16.9,16.55,15.24,14.9,15.0,14.397,14.172,14.148,-0.2676666666666684,-1.1888235294117686,0.09651162790697565,1.1762790697674421,1.0797674418604666,gmag_rmag_imag_Hamag,,-25.4828333,0.0,,0.053,0.0,,,True,0.504,,,0.0,,,0.377,821,15.532,0.01,Haffner 16,0.0,0.028,0.066,0.038,,,,,0.037,117.633625,,,,,0.055,O
449,17.65,17.17,15.73,15.34,15.43,14.746,14.36,14.359,-0.22850000000000403,-1.4435294117647142,0.2518604651162764,1.4846511627906969,1.2327906976744203,gmag_rmag_imag_Hamag,,-25.4986111,0.0,,0.059,0.0,,,True,0.656,,,0.01,,,0.454,911,16.114,0.0,Haffner 16,0.01,0.035,0.09,0.048,,,,,0.059,117.6339583,,,,,0.075,O
450,17.83,17.44,16.14,15.8,15.88,15.253,15.078,14.779,-0.22766666666666924,-1.277058823529414,0.18720930232557834,1.3030232558139512,1.1158139534883726,gmag_rmag_imag_Hamag,,-25.4645833,0.0,,0.064,0.0,,,False,0.499,,,0.01,,,0.358,717,16.423,0.01,Haffner 16,0.01,0.04,0.123,0.053,,,,,0.047,117.6347917,,,,,0.091,O
451,18.66,17.68,15.97,15.46,15.62,14.53,14.079,14.052,0.0535000000000011,-1.264117647058833,0.5744186046511676,1.9160465116279148,1.3416279069767472,umag_rmag_imag_Hamag | gmag_rmag_imag_Hamag,,-25.4628611,0.01,,0.061,0.0,,,False,0.771,,,0.01,,,0.6,706,16.316,0.01,Haffner 16,0.01,0.039,0.066,0.055,,,,,0.047,117.635,,,,,0.061,O
452,18.73,17.11,15.09,14.44,14.72,13.218,12.634,12.463,0.43916666666666737,-0.7523529411764653,0.9102325581395333,2.2855813953488333,1.3753488372092997,umag_gmag_imag_Hamag | umag_rmag_imag_Hamag | gmag_rmag_imag_Hamag,,-25.48175,0.01,,0.054,0.0,,,False,1.007,,,0.01,,,0.812,815,15.742,0.0,Haffner 16,0.0,0.032,0.023,0.048,,,,,0.024,117.6380833,,,,,0.025,O
454,18.21,17.77,16.46,16.13,16.22,15.613,15.472,15.208,-0.15950000000000197,-1.0988235294117767,0.21186046511628082,1.3146511627906987,1.1027906976744177,gmag_rmag_imag_Hamag,,-25.4485,0.01,,0.082,0.01,,,False,0.471,,,0.01,,,0.381,605,16.758,0.01,Haffner 16,0.01,0.058,0.174,0.077,,,,,0.053,117.6391667,,,,,0.095,O
455,18.37,17.71,16.2,15.73,15.92,15.016,14.692,14.71,-0.19383333333333086,-1.1352941176470552,0.17837209302325746,1.2509302325581442,1.0725581395348867,gmag_rmag_imag_Hamag,,-25.5091111,0.0,,0.067,0.0,,,True,0.612,,,0.01,,,0.507,964,16.597,0.01,Haffner 16,0.01,0.044,0.107,0.06,,,,,0.033,117.6392917,,,,,0.048,O
456,19.7,18.64,16.93,16.43,16.6,15.64,15.071,14.932,0.15166666666666562,-1.0558823529411674,0.629069767441855,1.947674418604643,1.3186046511627878,umag_rmag_imag_Hamag | gmag_rmag_imag_Hamag,,-25.5116944,0.01,,0.098,0.01,,,True,0.774,,,0.02,,,0.375,976,17.373,0.01,Haffner 16,0.01,0.075,0.132,0.1,,,,,0.072,117.639625,,,,,0.063,O
457,17.89,17.41,15.94,15.53,15.67,14.873,14.476,14.475,-0.26483333333333303,-1.2511764705882327,0.12511627906976658,1.2727906976744174,1.1476744186046508,gmag_rmag_imag_Hamag,,-25.4547778,0.01,,0.061,0.0,,,False,0.741,,,0.01,,,0.477,651,16.302,0.01,Haffner 16,0.01,0.039,0.083,0.053,,,,,0.032,117.6403333,,,,,0.044,O
458,18.57,18.1,16.64,16.22,16.37,15.578,15.191,15.676,-0.29300000000000403,-1.2611764705882342,0.08976744186045876,1.2044186046511527,1.1146511627906939,gmag_rmag_imag_Hamag,,-25.4658056,0.01,,0.075,0.01,,,True,0.591,,,0.01,,,0.513,724,16.995,0.01,Haffner 16,0.01,0.052,,0.071,,,,,0.068,117.6413333,,,,,0.061,O
459,18.03,16.33,14.27,13.6,13.89,12.388,11.783,11.626,0.48283333333333656,-0.7364705882352856,0.9648837209302334,2.3572093023255793,1.3923255813953457,umag_gmag_rmag_imag | umag_gmag_imag_Hamag | umag_rmag_imag_Hamag | gmag_rmag_imag_Hamag,,-25.5273333,0.0,,0.049,0.0,,,False,1.009,,,0.01,,,0.854,1053,14.921,0.0,Haffner 16,0.0,0.025,0.026,0.039,,,,,0.022,117.6424583,,,,,0.023,O
460,18.84,18.08,16.47,15.98,16.16,15.275,14.813,14.862,-0.130166666666662,-1.2276470588235202,0.30372093023256064,1.4993023255813982,1.1955813953488375,gmag_rmag_imag_Hamag,,-25.5203889,0.01,,0.072,0.01,,,True,0.726,,,0.02,,,0.546,1011,16.919,0.01,Haffner 16,0.01,0.05,0.124,0.069,,,,,0.044,117.7078333,,,,,0.044,O
462,18.52,17.88,16.54,16.16,16.3,15.467,15.318,15.2,-0.05033333333333079,-0.8988235294117546,0.2851162790697667,1.3027906976744168,1.01767441860465,gmag_rmag_imag_Hamag,,-25.5358056,0.0,,0.069,0.01,,,True,0.476,,,0.01,,,0.392,1097,16.769,0.01,Haffner 16,0.01,0.046,0.161,0.061,,,,,0.064,117.7094583,,,,,0.103,O
463,16.7,16.28,14.88,14.47,14.59,13.808,13.617,13.419,-0.3248333333333353,-1.4394117647058908,0.11581395348837237,1.2395348837209328,1.1237209302325604,gmag_rmag_imag_Hamag,,-25.4902778,0.0,,0.048,0.0,,,False,0.456,,,0.0,,,0.44,859,14.851,0.01,Haffner 16,0.0,0.021,0.041,0.03,,,,,0.037,117.71175,,,,,0.048,O
464,16.12,15.82,14.54,14.21,14.27,13.689,13.428,13.348,-0.299499999999996,-1.4311764705882324,0.14790697674419007,1.2897674418604734,1.1418604651162831,gmag_rmag_imag_Hamag,,-25.4706389,0.0,,0.048,0.0,,,False,0.49,,,0.0,,,0.338,754,14.815,0.01,Haffner 16,0.0,0.021,0.093,0.029,,,,,0.067,117.711875,,,,,0.09,O
465,18.97,18.16,16.55,16.1,16.21,15.279,14.777,14.829,-0.007499999999999729,-1.370000000000001,0.5311627906976748,1.8879069767441874,1.3567441860465124,umag_rmag_imag_Hamag | gmag_rmag_imag_Hamag,,-25.5076111,0.01,,0.074,0.01,,,True,0.728,,,0.02,,,0.54,958,16.964,0.01,Haffner 16,0.01,0.051,0.114,0.07,,,,,0.052,117.716625,,,,,0.065,O
466,18.74,18.31,16.93,16.55,16.67,14.867,15.775,14.357,-0.26033333333333164,-1.2370588235293998,0.12581395348836943,1.2295348837209246,1.103720930232555,gmag_rmag_imag_Hamag,,-25.5028056,0.01,,0.082,0.01,,,True,0.666,,,0.01,,,0.424,931,16.83,0.01,Haffner 16,0.01,0.059,,0.08,,,,,,117.7184167,,,,,0.13,O
467,16.88,16.41,15.15,14.81,14.93,14.324,14.058,13.964,-0.1476666666666674,-0.9405882352941233,0.16581395348837308,1.149534883720933,0.9837209302325598,gmag_rmag_imag_Hamag,,-25.5110556,0.0,,0.052,0.0,,,True,0.438,,,0.0,,,0.352,971,15.442,0.0,Haffner 16,0.0,0.027,0.056,0.037,,,,,0.03,117.719625,,,,,0.03,O
468,17.3,16.85,15.52,15.14,15.28,14.571,14.387,14.246,-0.24033333333333207,-1.0888235294117672,0.09511627906977,1.102790697674426,1.007674418604656,gmag_rmag_imag_Hamag,,-25.5265278,0.0,,0.055,0.0,,,True,0.496,,,0.01,,,0.383,1050,15.828,0.0,Haffner 16,0.01,0.031,0.08,0.042,,,,,0.033,117.7200417,,,,,0.037,O
469,17.41,16.9,15.45,15.03,15.17,14.384,14.151,14.062,-0.2529999999999981,-1.2852941176470538,0.15511627906976772,1.2827906976744172,1.1276744186046495,gmag_rmag_imag_Hamag,,-25.4808889,0.0,,0.054,0.0,,,False,0.567,,,0.01,,,0.299,812,15.703,0.01,Haffner 16,0.0,0.03,0.063,0.04,,,,,0.043,117.7202917,,,,,0.043,O
470,20.62,19.0,16.91,16.25,16.49,15.197,14.309,14.071,0.42100000000000093,-1.0729411764705992,1.0116279069767495,2.5490697674418694,1.5374418604651199,umag_gmag_imag_Hamag | umag_rmag_imag_Hamag | gmag_rmag_imag_Hamag,,-25.5447778,0.01,,0.099,0.01,,,True,1.04,,,0.05,,,0.727,1154,17.462,0.01,Haffner 16,0.01,0.079,,0.112,,,,,0.062,117.722875,,,,,,O
471,15.84,15.55,14.28,13.95,14.03,13.549,13.25,13.195,-0.3095000000000009,-1.3129411764705896,0.08720930232558047,1.173023255813954,1.0858139534883733,gmag_rmag_imag_Hamag,,-25.5460278,0.0,,0.047,0.0,,,True,0.472,,,0.0,,,0.338,1162,14.551,0.0,Haffner 16,0.0,0.019,0.041,0.027,,,,,0.028,117.7240417,,,,,0.033,O
473,16.94,15.95,14.22,13.68,13.89,12.778,12.282,12.108,0.009000000000000563,-1.1258823529411757,0.4576744186046513,1.704186046511625,1.2465116279069737,gmag_rmag_imag_Hamag,,-25.5161389,0.0,,0.047,0.0,,,False,0.783,,,0.0,,,0.619,1003,14.706,0.0,Haffner 16,0.0,0.022,0.026,0.033,,,,,0.024,117.7257917,,,,,0.024,O
474,16.19,15.74,14.54,14.25,14.34,13.859,13.695,13.589,-0.07683333333333053,-0.8323529411764654,0.2218604651162806,1.2146511627907008,0.9927906976744201,gmag_rmag_imag_Hamag,,-25.5284167,0.0,,0.047,0.0,,,True,0.316,,,0.0,,,0.365,1059,14.7,0.0,Haffner 16,0.0,0.02,0.047,0.028,,,,,0.028,117.72975,,,,,0.03,O
478,16.8,14.57,12.88,12.09,12.49,10.634,9.932,9.684,0.7948333333333324,-0.27058823529412157,1.2160465116279071,1.9851162790697667,0.7690697674418596,umag_gmag_rmag_imag | umag_gmag_imag_Hamag | umag_rmag_imag_Hamag,,-27.9105,0.0,,0.05,0.0,,,True,1.228,,,0.01,,,1.034,204,13.725,0.0,NGC 2483,0.0,0.033,0.021,0.053,,,,,0.022,118.8237083,,,,,0.022,O
490,16.43,14.41,12.76,12.0,12.41,10.567,9.868,9.651,0.6393333333333338,-0.2241176470588222,0.9806976744186044,1.686744186046512,0.7060465116279075,umag_gmag_rmag_imag | umag_gmag_imag_Hamag,,-27.8379444,0.0,,0.048,0.0,,,False,1.197,,,0.01,,,1.026,76,13.586,0.0,NGC 2483,0.0,0.031,0.023,0.05,,,,,0.023,118.92725,,,,,0.022,O
747,15.27,14.78,13.73,13.09,13.12,12.208,11.761,11.482,-0.6726666666666672,-3.421176470588244,0.4139534883720949,1.394883720930235,0.9809302325581399,umag_gmag_rmag_Hamag | gmag_rmag_imag_Hamag,,-29.9745833,0.0,,0.049,0.0,,,True,1.221,,,0.01,,,0.669,43,14.484,0.0,NGC 2489,0.0,0.023,0.021,0.035,,,,,0.023,119.1856667,,,,,0.023,O
758,15.75,15.47,14.63,14.14,14.15,13.419,12.96,12.887,-0.6101666666666675,-2.7976470588235336,0.2546511627906976,1.0716279069767445,0.8169767441860468,umag_gmag_rmag_Hamag,,-44.859,0.0,,0.073,0.0,,,False,0.633,,,0.01,,,0.54,14,14.949,0.0,NGC 2659,0.0,0.041,0.034,0.061,,,,,0.026,130.5457917,,,,,0.028,O
760,17.25,15.25,13.48,12.53,12.88,10.849,10.027,9.779,0.2741666666666651,-1.8470588235294105,1.1127906976744155,2.07697674418604,0.9641860465116247,umag_gmag_imag_Hamag | umag_rmag_imag_Hamag,,-44.9106111,0.01,,0.053,0.0,,,False,1.228,,,0.01,,,1.23,57,14.238,0.0,NGC 2659,0.0,0.034,0.019,0.058,,,,,0.024,130.55925,,,,,0.022,O
762,15.85,15.66,14.83,14.33,14.4,13.656,13.298,13.162,-0.7183333333333336,-2.567058823529411,0.012558139534882579,0.6813953488372078,0.6688372093023252,umag_gmag_rmag_Hamag,,-45.00475,0.01,,0.074,0.0,,,True,0.521,,,0.01,,,0.642,199,15.022,0.0,NGC 2659,0.0,0.041,0.039,0.064,,,,,0.036,130.5719167,,,,,0.043,O
763,14.55,14.24,13.39,12.88,12.94,12.145,11.772,11.677,-0.6164999999999988,-2.5752941176470663,0.15790697674418985,0.8697674418604716,0.7118604651162818,umag_gmag_rmag_Hamag,,-44.9563611,0.0,,0.048,0.0,,,True,0.654,,,0.0,,,0.543,126,13.743,0.0,NGC 2659,0.0,0.024,0.019,0.036,,,,,0.023,130.5797083,,,,,0.024,O
771,15.47,14.05,12.7,11.98,12.15,10.801,10.166,10.002,0.11200000000000232,-2.1064705882352883,0.9890697674418608,1.9476744186046533,0.9586046511627925,umag_gmag_imag_Hamag | umag_rmag_imag_Hamag,,-44.971,0.0,,0.045,0.0,,,False,0.997,,,0.01,,,0.887,153,13.271,0.0,NGC 2659,0.0,0.024,0.019,0.038,,,,,0.023,130.5959167,,,,,0.022,O
780,17.61,15.17,13.34,12.33,12.7,10.499,9.712,9.433,0.6051666666666671,-1.6635294117647117,1.5020930232558158,2.480232558139539,0.9781395348837233,umag_gmag_rmag_imag | umag_gmag_imag_Hamag | umag_rmag_imag_Hamag | gmag_rmag_imag_Hamag,,-45.0085,0.01,,0.051,0.01,,,False,1.302,,,0.01,,,1.278,204,14.109,0.0,NGC 2659,0.0,0.033,0.019,0.057,,,,,0.022,130.6245417,,,,,0.022,O
815,17.71,15.42,13.55,12.59,13.07,10.895,10.129,9.912,0.5459999999999998,-0.787647058823532,1.073255813953489,1.8381395348837204,0.7648837209302315,umag_gmag_rmag_imag | umag_gmag_imag_Hamag | umag_rmag_imag_Hamag,,-44.9015278,0.01,,0.057,0.0,,,False,1.289,,,0.02,,,1.201,44,14.386,0.0,NGC 2659,0.0,0.036,0.021,0.062,,,,,0.023,130.7160833,,,,,0.022,O
876,17.98,17.1,15.96,15.42,15.93,14.374,14.108,13.858,-0.10100000000000242,0.6876470588235211,-0.41279069767441845,-0.4469767441860446,-0.034186046511626156,umag_gmag_rmag_Hamag,,-53.9213056,0.01,,0.095,0.01,,,False,0.604,,,0.02,,,0.653,656,16.503,0.02,Ruprecht 79,0.01,0.055,0.063,0.081,,,,,0.035,145.09475,,,,,0.031,O
885,17.63,16.9,15.79,15.3,15.76,14.232,13.912,13.701,-0.16016666666666313,0.5376470588235338,-0.43604651162790353,-0.38511627906976154,0.05093023255814155,umag_gmag_rmag_Hamag,,-53.76825,0.0,,0.092,0.0,,,False,0.553,,,0.01,,,0.665,140,16.336,0.01,Ruprecht 79,0.01,0.052,0.047,0.076,,,,,0.029,145.1052917,,,,,0.041,O
899,19.54,16.54,14.13,13.09,13.82,11.019,10.052,9.689,1.1106666666666654,1.0123529411764667,1.14953488372093,1.8788372093023242,0.7293023255813937,umag_gmag_rmag_imag | umag_gmag_rmag_Hamag | umag_gmag_imag_Hamag | umag_rmag_imag_Hamag,,-53.8449167,0.01,,0.075,0.0,,,False,1.459,,,0.05,,,1.435,382,15.246,0.0,Ruprecht 79,0.0,0.046,0.019,0.073,,,,,0.024,145.1184167,,,,,0.025,O
901,18.87,16.6,14.53,13.65,14.27,11.833,11.027,10.748,0.6713333333333351,0.6029411764705885,0.6983720930232582,1.3409302325581467,0.6425581395348883,umag_gmag_rmag_imag | umag_gmag_rmag_Hamag,,-53.791,0.0,,0.075,0.0,,,True,1.292,,,0.03,,,1.241,188,15.514,0.0,Ruprecht 79,0.0,0.045,0.021,0.072,,,,,0.023,145.1237083,,,,,0.022,O
906,20.11,16.77,14.16,12.97,13.82,10.665,9.66,9.27,1.1781666666666681,1.1600000000000001,1.185348837209304,1.838372093023259,0.6530232558139548,umag_gmag_rmag_imag | umag_gmag_rmag_Hamag | umag_gmag_imag_Hamag | umag_rmag_imag_Hamag,,-53.9203611,0.01,,0.077,0.0,,,True,1.634,,,0.08,,,1.616,649,15.421,0.0,Ruprecht 79,0.0,0.05,0.023,0.083,,,,,0.022,145.1267083,,,,,0.022,O
908,17.47,16.7,15.69,15.24,15.65,14.341,14.01,13.839,-0.047499999999998876,0.5135294117647109,-0.26930232558139555,-0.20325581395348857,0.06604651162790698,umag_gmag_rmag_Hamag,,-53.8809444,0.0,,0.089,0.0,,,True,0.532,,,0.01,,,0.566,530,16.191,0.0,Ruprecht 79,0.01,0.049,0.083,0.07,,,,,0.061,145.1282917,,,,,0.078,O
915,17.55,15.45,13.65,12.81,13.36,11.235,10.524,10.258,0.5740000000000021,0.24058823529411244,0.7058139534883769,1.2395348837209372,0.5337209302325603,umag_gmag_rmag_imag,,-53.7468611,0.01,,0.066,0.01,,,False,1.169,,,0.01,,,1.067,89,14.497,0.01,Ruprecht 79,0.0,0.034,0.019,0.052,,,,,0.022,145.1380833,,,,,0.022,O
916,15.43,15.03,14.41,14.16,14.43,13.609,13.527,13.349,-0.0541666666666662,0.5282352941176447,-0.284418604651161,-0.2860465116279045,-0.0016279069767436427,umag_gmag_rmag_Hamag,,-53.8296667,0.0,,0.068,0.0,,,False,0.308,,,0.0,,,0.32,328,14.739,0.01,Ruprecht 79,0.0,0.028,0.038,0.039,,,,,0.022,145.1382917,,,,,0.022,B
922,17.05,16.74,15.01,14.18,14.56,12.556,11.993,11.534,-1.1978333333333309,-2.575294117647053,-0.6532558139534876,0.20186046511627742,0.8551162790697647,umag_gmag_rmag_Hamag,,-53.7678333,0.0,,0.076,0.0,,,False,1.499,,,0.01,,,0.999,137,15.899,0.01,Ruprecht 79,0.01,0.046,0.021,0.071,,,,,0.022,145.1452917,,,,,0.022,O
934,17.65,16.87,15.86,15.4,15.82,14.393,14.092,13.857,-0.0556666666666672,0.5235294117647089,-0.28465116279069935,-0.2416279069767433,0.04302325581395572,umag_gmag_rmag_Hamag,,-53.8623889,0.01,,0.092,0.01,,,False,0.52,,,0.01,,,0.562,448,16.351,0.01,Ruprecht 79,0.01,0.051,0.055,0.074,,,,,0.03,145.156125,,,,,0.023,O
939,15.76,14.28,12.91,12.4,12.73,11.386,10.8,10.628,0.5535000000000011,0.3258823529411783,0.6434883720930239,1.2537209302325585,0.6102325581395344,umag_gmag_rmag_imag,,-53.7883889,0.0,,0.061,0.0,,,True,0.891,,,0.0,,,0.744,184,13.551,0.0,Ruprecht 79,0.0,0.024,0.029,0.035,,,,,0.024,145.1602083,,,,,0.027,O
943,19.79,16.82,14.37,13.28,14.08,11.127,10.145,9.784,0.9898333333333329,1.1105882352941214,0.9420930232558122,1.5502325581395335,0.6081395348837213,umag_gmag_rmag_imag | umag_gmag_rmag_Hamag | umag_gmag_imag_Hamag,,-53.8363889,0.01,,0.077,0.0,,,True,1.507,,,0.06,,,1.496,351,15.55,0.0,Ruprecht 79,0.0,0.049,0.019,0.081,,,,,0.023,145.16325,,,,,0.022,O
994,15.86,15.41,14.67,14.35,14.67,13.632,13.44,13.342,-0.1313333333333344,0.4499999999999993,-0.36116279069767543,-0.3579069767441869,0.0032558139534882846,umag_gmag_rmag_Hamag,,-53.8030833,0.0,,0.07,0.0,,,True,0.375,,,0.01,,,0.415,224,14.98,0.0,Ruprecht 79,0.01,0.03,0.052,0.042,,,,,0.033,145.2143333,,,,,0.097,B
1011,18.3,17.54,16.59,16.13,16.55,15.144,14.886,14.909,-0.07566666666666644,0.5035294117647129,-0.3046511627906998,-0.3216279069767505,-0.016976744186050663,umag_gmag_rmag_Hamag,,-53.8479722,0.01,,0.122,0.01,,,True,0.492,,,0.02,,,0.844,394,16.42,0.01,Ruprecht 79,0.01,0.074,0.139,0.116,,,,,0.062,145.2305,,,,,0.083,O
1094,17.75,15.5,13.59,12.65,13.28,11.02,10.242,9.969,0.5423333333333347,0.2623529411764667,0.6530232558139568,1.1125581395348907,0.45953488372093343,umag_gmag_rmag_imag,,-53.8039167,0.0,,0.067,0.01,,,False,1.236,,,0.02,,,1.149,229,14.489,0.0,Ruprecht 79,0.01,0.035,0.019,0.054,,,,,0.022,145.3820417,,,,,0.022,O
1095,18.3,16.24,14.4,13.57,14.1,11.965,11.197,10.948,0.5521666666666691,0.13647058823529123,0.7165116279069814,1.3362790697674467,0.6197674418604653,umag_gmag_rmag_imag,,-53.9314722,0.0,,0.072,0.0,,,True,1.182,,,0.02,,,1.16,687,15.261,0.01,Ruprecht 79,0.0,0.041,0.019,0.065,,,,,0.026,145.3825417,,,,,0.022,O
1104,18.31,16.42,14.64,13.86,14.38,12.254,11.544,11.281,0.4729999999999952,0.22294117647058598,0.5718604651162733,1.154651162790691,0.5827906976744173,umag_gmag_rmag_imag,,-53.8104167,0.01,,0.075,0.0,,,False,1.13,,,0.02,,,1.123,254,15.455,0.01,Ruprecht 79,0.0,0.043,0.024,0.067,,,,,0.033,145.3940417,,,,,0.025,O
1125,17.91,15.83,14.15,13.37,13.74,11.831,11.08,10.872,0.6629999999999983,-0.5488235294117665,1.142093023255812,1.970232558139531,0.8281395348837188,umag_gmag_rmag_imag | umag_gmag_imag_Hamag | umag_rmag_imag_Hamag,,-57.6515278,0.01,,0.095,0.01,,,False,1.094,,,0.01,,,1.136,232,14.872,0.01,IC 2581,0.0,0.067,0.023,0.11,,,,,0.024,156.7074167,,,,,0.024,O
1149,17.64,15.49,13.57,12.66,13.13,10.965,10.131,9.837,0.4968333333333339,-0.6711764705882328,0.9586046511627899,1.7965116279069755,0.8379069767441851,umag_gmag_rmag_imag | umag_gmag_imag_Hamag | umag_rmag_imag_Hamag,,-57.6180556,0.0,,0.085,0.0,,,False,1.291,,,0.01,,,1.088,172,14.461,0.01,IC 2581,0.0,0.061,0.021,0.096,,,,,0.024,156.7845833,,,,,0.024,O
1252,17.86,15.93,14.19,13.4,13.78,11.8,11.102,10.887,0.494833333333335,-0.6988235294117668,0.9667441860465144,1.8318604651162849,0.8651162790697704,umag_gmag_rmag_imag | umag_gmag_imag_Hamag | umag_rmag_imag_Hamag,,-57.6155278,0.0,,0.1,0.01,,,False,1.157,,,0.02,,,1.061,167,15.01,0.0,IC 2581,0.01,0.071,0.024,0.116,,,,,0.028,156.9608333,,,,,0.029,O
1260,16.08,14.36,12.83,12.11,12.41,10.708,10.037,9.838,0.4119999999999979,-0.9729411764705898,0.9595348837209277,1.7988372093023213,0.8393023255813934,umag_gmag_imag_Hamag | umag_rmag_imag_Hamag,,-57.7216389,0.0,,0.07,0.0,,,False,1.05,,,0.01,,,0.94,344,13.505,0.0,IC 2581,0.0,0.045,0.019,0.069,,,,,0.022,156.9720833,,,,,0.021,O
1272,16.87,14.44,12.51,11.62,12.13,9.924,9.015,8.747,0.8131666666666675,-0.0064705882352869,1.1372093023255796,1.8930232558139486,0.7558139534883688,umag_gmag_rmag_imag | umag_gmag_imag_Hamag | umag_rmag_imag_Hamag,,-57.6604167,0.01,,0.073,0.0,,,False,1.286,,,0.01,,,1.168,246,13.404,0.0,IC 2581,0.0,0.051,0.021,0.08,,,,,0.023,157.0076667,,,,,0.022,O
1285,17.73,15.4,13.58,12.79,13.21,11.21,10.457,10.182,0.894833333333332,-0.04235294117646626,1.2653488372092987,2.118372093023249,0.8530232558139503,umag_gmag_rmag_imag | umag_gmag_imag_Hamag | umag_rmag_imag_Hamag,,-57.7066944,0.01,,0.083,0.0,,,False,1.145,,,0.01,,,1.061,319,14.317,0.0,IC 2581,0.0,0.056,0.021,0.089,,,,,0.023,157.0310833,,,,,0.026,O
1293,17.6,15.44,13.74,13.03,13.4,11.529,10.841,10.613,0.8701666666666674,-0.019999999999997797,1.2220930232558138,2.0702325581395327,0.8481395348837184,umag_gmag_rmag_imag | umag_gmag_imag_Hamag | umag_rmag_imag_Hamag,,-57.65625,0.0,,0.086,0.0,,,False,1.162,,,0.01,,,0.982,244,14.539,0.0,IC 2581,0.0,0.058,0.021,0.092,,,,,0.024,157.05975,,,,,0.024,O
1322,19.15,17.01,15.27,14.36,14.9,12.924,12.245,12.072,0.48683333333333056,-0.23235294117646932,0.7711627906976697,1.267906976744182,0.49674418604651227,umag_gmag_rmag_imag,,-5.7690833,0.0,,0.091,0.0,,,False,1.212,,,0.05,,,1.149,19,16.092,0.0,Basel 1,0.01,0.061,0.026,0.097,,,,,0.023,282.0160833,,,,,0.024,O
1361,20.0,17.24,15.21,14.13,14.81,12.442,11.679,11.377,0.7980000000000018,0.19529411764705706,1.036279069767445,1.5006976744186074,0.4644186046511618,umag_gmag_rmag_imag | umag_gmag_imag_Hamag,,-5.9196389,0.01,,0.093,0.0,,,True,1.427,,,0.08,,,1.383,560,16.187,0.0,Basel 1,0.0,0.067,0.111,0.112,,,,,0.031,282.0470833,,,,,0.034,O
1373,20.13,17.32,15.25,14.13,14.84,12.348,11.549,11.273,0.7753333333333341,0.18117647058823216,1.0102325581395368,1.4455813953488428,0.4353488372093055,umag_gmag_rmag_imag | umag_gmag_imag_Hamag,,-5.9595,0.01,,0.095,0.0,,,True,1.447,,,0.11,,,1.443,716,16.234,0.0,Basel 1,0.0,0.069,0.025,0.114,,,,,0.025,282.0516667,,,,,0.025,O
1377,20.55,17.32,14.98,13.68,14.52,11.657,10.721,10.406,0.8683333333333332,0.2805882352941116,1.1006976744186066,1.5067441860465154,0.40604651162790817,umag_gmag_rmag_imag | umag_gmag_imag_Hamag,,-5.9115278,0.0,,0.09,0.0,,,True,1.647,,,0.14,,,1.559,525,16.117,0.0,Basel 1,0.0,0.069,0.025,0.117,,,,,0.025,282.0523333,,,,,0.027,O
1388,18.95,16.55,14.69,13.66,14.31,12.038,11.283,11.053,0.5288333333333335,-0.036470588235289814,0.7523255813953473,1.115813953488372,0.3634883720930244,umag_gmag_rmag_imag,,-5.8481389,0.0,,0.081,0.0,,,True,1.341,,,0.04,,,1.337,269,15.632,0.0,Basel 1,0.0,0.059,0.023,0.094,,,,,0.026,282.0576667,,,,,0.024,O
1395,19.78,16.67,14.23,12.84,13.77,10.572,9.561,9.217,0.5848333333333322,0.1605882352941106,0.752558139534885,1.0513953488372145,0.2988372093023286,umag_gmag_rmag_imag,,-5.9135833,0.01,,0.073,0.01,,,False,1.616,,,0.08,,,1.567,531,15.182,0.0,Basel 1,0.01,0.058,0.021,0.095,,,,,0.025,282.0593333,,,,,0.027,O
1405,19.27,16.12,13.86,12.6,13.4,10.574,9.658,9.369,0.8609999999999998,0.2005882352941213,1.122093023255812,1.5402325581395337,0.4181395348837218,umag_gmag_rmag_imag | umag_gmag_imag_Hamag,,-5.7722222,0.0,,0.071,0.0,,,False,1.628,,,0.05,,,1.533,30,14.998,0.0,Basel 1,0.0,0.056,0.019,0.09,,,,,0.023,282.067375,,,,,0.021,O
1426,20.25,17.09,14.74,13.37,14.22,11.565,10.658,10.35,0.6711666666666658,-0.17411764705882193,1.0053488372092998,1.3983720930232515,0.3930232558139508,umag_gmag_rmag_imag | umag_gmag_imag_Hamag,,-5.9570556,0.01,,0.087,0.0,,,True,1.66,,,0.1,,,1.654,710,15.965,0.01,Basel 1,0.01,0.068,0.019,0.114,,,,,0.024,282.0842917,,,,,0.022,O
1427,19.87,17.09,15.19,14.02,14.76,12.454,11.626,11.371,0.6545000000000019,0.022941176470590463,0.9041860465116294,1.1004651162790724,0.19627906976744258,umag_gmag_rmag_imag,,-5.9766944,0.01,,0.094,0.01,,,False,1.387,,,0.06,,,1.358,787,16.205,0.02,Basel 1,0.02,0.067,0.033,0.111,,,,,0.035,282.0844583,,,,,0.034,O
1434,20.22,17.12,15.0,13.71,14.55,11.923,11.04,10.713,0.7565,0.21470588235294263,0.970697674418604,1.156744186046514,0.1860465116279093,umag_gmag_rmag_imag | umag_gmag_imag_Hamag,,-5.9857222,0.01,,0.089,0.01,,,False,1.506,,,0.09,,,1.428,820,16.071,0.02,Basel 1,0.02,0.066,0.021,0.111,,,,,0.025,282.090375,,,,,0.026,O
1435,20.22,17.12,15.0,13.71,14.55,11.923,11.04,10.713,0.7565,0.21470588235294263,0.970697674418604,1.156744186046514,0.1860465116279093,umag_gmag_rmag_imag | umag_gmag_imag_Hamag,,-5.9857222,0.01,,0.089,0.01,,,False,1.507,,,0.09,,,1.438,821,16.072,0.02,Basel 1,0.02,0.066,0.021,0.111,,,,,0.025,282.090375,,,,,0.026,O
1483,20.47,16.94,14.48,13.04,13.98,10.856,9.8,9.46,0.9139999999999957,0.32411764705882007,1.1472093023255767,1.4430232558139489,0.29581395348837125,umag_gmag_rmag_imag | umag_gmag_imag_Hamag,,-5.8846667,0.01,,0.082,0.0,,,True,1.717,,,0.13,,,1.643,420,15.681,0.0,Basel 1,0.0,0.064,0.019,0.106,,,,,0.023,282.1187917,,,,,0.021,O
1500,18.3,15.73,13.94,12.81,13.51,11.331,10.514,10.287,0.5171666666666694,-0.1870588235294104,0.7955813953488402,0.9739534883720999,0.1783720930232593,umag_gmag_rmag_imag,,-5.9716111,0.0,,0.065,0.01,,,False,1.371,,,0.02,,,1.26,769,14.91,0.01,Basel 1,0.01,0.05,0.021,0.079,,,,,0.022,282.1286667,,,,,0.021,O
1523,19.14,16.12,13.92,12.6,13.42,10.915,10.032,9.744,0.6219999999999994,-0.18588235294117794,0.9413953488372093,1.2534883720930248,0.31209302325581545,umag_gmag_rmag_imag | umag_gmag_imag_Hamag,,-5.9776944,0.01,,0.07,0.01,,,False,1.539,,,0.03,,,1.39,791,15.036,0.01,Basel 1,0.02,0.054,0.022,0.086,,,,,0.023,282.149625,,,,,0.023,O
1533,20.84,17.27,14.97,13.54,14.47,11.57,10.644,10.342,0.9721666666666651,0.36411764705882277,1.2125581395348815,1.3713953488372042,0.15883720930232226,umag_gmag_rmag_imag | umag_gmag_imag_Hamag,,-5.8865278,0.01,,0.088,0.01,,,False,1.662,,,0.15,,,1.419,427,16.097,0.02,Basel 1,0.01,0.066,0.025,0.108,,,,,0.026,282.1530417,,,,,0.026,O
1539,20.73,17.59,15.46,14.16,15.01,12.216,11.319,11.07,0.7783333333333333,0.2547058823529338,0.9853488372093047,1.1583720930232593,0.1730232558139544,umag_gmag_rmag_imag | umag_gmag_imag_Hamag,,-5.85425,0.01,,0.092,0.01,,,False,1.567,,,0.13,,,1.506,296,16.327,0.02,Basel 1,0.01,0.07,0.023,0.119,,,,,0.028,282.156125,,,,,0.023,O
1567,13.72,13.68,12.87,12.34,12.41,11.59,11.43,11.262,-0.922833333333331,-2.9094117647058764,-0.137441860465116,0.5113953488372096,0.6488372093023256,umag_gmag_rmag_Hamag,,-8.29317,0.0,,,0.0,,-18.49,True,,,,0.0,,,,221,,0.0,NGC 6664,0.0,,0.046,,,,,,0.021,279.09921,,,-18.68,,0.035,Be
1570,16.64,14.45,12.64,11.76,12.22,10.061,9.265,8.993,0.5913333333333335,-0.5029411764705873,1.0239534883720927,1.7748837209302297,0.7509302325581368,umag_gmag_rmag_imag | umag_gmag_imag_Hamag,,-58.2875,0.0,,0.064,0.0,,,False,1.408,,,0.01,,,1.126,121,13.644,0.0,NGC 3293,0.0,0.055,0.019,0.076,,,,,0.022,158.856375,,,,,0.023,O
1600,15.68,13.97,12.54,11.87,12.21,10.631,10.067,9.891,0.4928333333333328,-0.40588235294116703,0.8481395348837163,1.495348837209296,0.6472093023255795,umag_gmag_rmag_imag,,-63.3524167,0.0,,0.079,0.0,,,False,1.158,,,0.01,,,0.852,40,13.233,0.0,IC 2944,0.0,0.054,0.023,0.081,,,,,0.022,174.5758333,,,,,0.023,O
1660,16.19,14.41,12.91,12.13,12.44,10.933,10.292,10.1,0.36300000000000265,-1.2335294117647098,0.9941860465116327,1.780465116279078,0.7862790697674452,umag_gmag_imag_Hamag | umag_rmag_imag_Hamag,,-61.3225833,0.0,,0.057,0.0,,,False,1.068,,,0.01,,,0.945,291,13.608,0.0,NGC 4103,0.0,0.035,0.023,0.055,,,,,0.023,181.809375,,,,,0.026,O
1686,17.69,15.16,13.42,12.51,12.98,11.087,10.322,10.063,0.8768333333333347,-0.29117647058823204,1.3386046511627907,1.9965116279069766,0.6579069767441854,umag_gmag_rmag_imag | umag_gmag_imag_Hamag | umag_rmag_imag_Hamag,,-60.5431944,0.0,,0.065,0.0,,,False,1.248,,,0.01,,,1.135,177,14.29,0.01,Trumpler 20,0.0,0.02,0.02,0.034,,,,,0.024,189.73475,,,,,0.022,O
1755,18.75,15.98,14.03,12.94,13.57,11.181,10.305,10.047,0.7898333333333336,-0.17941176470587772,1.173023255813952,1.6725581395348823,0.49953488372093036,umag_gmag_rmag_imag | umag_gmag_imag_Hamag,,-60.5689722,0.01,,0.069,0.0,,,False,1.428,,,0.03,,,1.346,304,15.023,0.01,Trumpler 20,0.01,0.026,0.023,0.044,,,,,0.024,189.7749167,,,,,0.024,O
1759,19.22,16.22,14.09,12.94,13.6,11.078,10.178,9.861,0.9108333333333332,-0.14176470588235546,1.326976744186047,1.9374418604651167,0.6104651162790693,umag_gmag_rmag_imag | umag_gmag_imag_Hamag | umag_rmag_imag_Hamag,,-60.6076944,0.01,,0.07,0.0,,,False,1.515,,,0.04,,,1.479,531,15.172,0.01,Trumpler 20,0.0,0.028,0.021,0.048,,,,,0.024,189.7774167,,,,,0.022,O
1766,20.02,16.89,14.78,13.59,14.29,11.671,10.74,10.41,0.9681666666666673,-0.011764705882356452,1.355581395348839,1.853953488372099,0.4983720930232596,umag_gmag_rmag_imag | umag_gmag_imag_Hamag | umag_rmag_imag_Hamag,,-60.5327778,0.01,,0.076,0.0,,,False,1.584,,,0.07,,,1.526,140,15.898,0.01,Trumpler 20,0.01,0.035,0.021,0.06,,,,,0.024,189.7830417,,,,,0.024,O
1818,19.45,17.09,15.29,14.31,14.86,12.692,11.917,11.643,0.579666666666669,-0.39705882352941124,0.965813953488375,1.499534883720937,0.5337209302325621,umag_gmag_rmag_imag | umag_gmag_imag_Hamag,,-60.55175,0.01,,0.08,0.0,,,False,1.36,,,0.05,,,1.231,213,16.201,0.0,Trumpler 20,0.01,0.037,0.023,0.06,,,,,0.026,189.821625,,,,,0.03,O
1819,18.95,16.56,14.79,13.83,14.37,12.244,11.493,11.241,0.6460000000000028,-0.30294117647058805,1.021162790697678,1.547906976744192,0.5267441860465139,umag_gmag_rmag_imag | umag_gmag_imag_Hamag,,-60.5135833,0.01,,0.088,0.0,,,False,1.294,,,0.04,,,1.142,81,15.709,0.0,Trumpler 20,0.01,0.044,0.021,0.07,,,,,0.024,189.8230417,,,,,0.024,O
1832,17.2,15.1,13.51,12.64,13.12,11.317,10.54,10.321,0.5195000000000014,-0.40058823529412235,0.8832558139534921,1.3681395348837282,0.48488372093023613,umag_gmag_rmag_imag,,-60.5528611,0.0,,0.065,0.0,,,False,1.175,,,0.01,,,1.039,216,14.312,0.0,Trumpler 20,0.0,0.019,0.021,0.031,,,,,0.026,189.8289167,,,,,0.022,O
1836,20.73,17.62,15.27,13.97,14.77,11.809,10.792,10.536,0.7483333333333353,-0.09588235294117808,1.0820930232558172,1.5902325581395433,0.5081395348837259,umag_gmag_rmag_imag | umag_gmag_imag_Hamag,,-60.6961944,0.02,,0.101,0.0,,,False,1.689,,,0.13,,,1.628,1080,16.493,0.0,Trumpler 20,0.01,0.061,0.023,0.106,,,,,0.024,189.8312917,,,,,0.021,O
1874,17.87,15.84,14.34,13.54,13.96,12.302,11.642,11.398,0.5766666666666669,-0.40647058823528726,0.9653488372092998,1.4983720930232498,0.53302325581395,umag_gmag_rmag_imag | umag_gmag_imag_Hamag,,-60.5734722,0.01,,0.071,0.0,,,True,1.121,,,0.02,,,0.967,318,15.086,0.0,Trumpler 20,0.0,0.025,0.023,0.039,,,,,0.026,189.856375,,,,,0.024,O
1890,19.72,17.24,15.38,14.35,14.94,12.616,11.765,11.53,0.6088333333333322,-0.34117647058824385,0.9844186046511643,1.4860465116279076,0.5016279069767429,umag_gmag_rmag_imag | umag_gmag_imag_Hamag,,-60.5597222,0.01,,0.082,0.0,,,True,1.377,,,0.05,,,1.233,257,16.264,0.0,Trumpler 20,0.0,0.039,0.026,0.063,,,,,0.035,189.8651667,,,,,0.047,O
1932,16.85,14.81,13.3,12.49,12.91,11.225,10.551,10.336,0.5685000000000004,-0.4605882352941211,0.975348837209304,1.5183720930232583,0.5430232558139539,umag_gmag_rmag_imag | umag_gmag_imag_Hamag,,-60.6343889,0.01,,0.065,0.0,,,False,1.114,,,0.01,,,1.014,720,14.033,0.0,Trumpler 20,0.0,0.018,0.021,0.03,,,,,0.026,189.8910833,,,,,0.022,O
1947,18.31,16.09,14.47,13.58,14.06,12.101,11.447,11.167,0.6031666666666649,-0.4088235294117677,1.0032558139534868,1.5181395348837183,0.5148837209302315,umag_gmag_rmag_imag | umag_gmag_imag_Hamag,,-60.5267778,0.01,,0.071,0.0,,,False,1.23,,,0.02,,,1.097,126,15.28,0.0,Trumpler 20,0.01,0.027,0.028,0.043,,,,,0.032,189.8995,,,,,0.032,O
1967,20.71,16.97,14.51,12.96,13.92,10.553,9.426,9.08,0.9241666666666712,-0.042941176470586484,1.3065116279069824,1.5562790697674505,0.24976744186046762,umag_gmag_rmag_imag | umag_gmag_imag_Hamag,,-60.6114722,0.01,,0.075,0.0,,,False,1.873,,,0.12,,,1.777,558,15.812,0.0,Trumpler 20,0.0,0.035,0.02,0.064,,,,,0.023,189.910875,,,,,0.022,O
1991,19.16,16.82,15.09,14.11,14.73,12.489,11.746,11.511,0.5596666666666661,0.03176470588235558,0.768372093023254,1.070930232558137,0.30255813953488264,umag_gmag_rmag_imag,,-60.5572222,0.01,,0.078,0.0,,,True,1.303,,,0.04,,,1.254,242,15.969,0.0,Trumpler 20,0.0,0.035,0.029,0.057,,,,,0.03,189.9239583,,,,,0.032,O
1994,18.69,15.6,13.52,12.09,13.01,10.053,9.082,8.692,0.49216666666666953,-0.17999999999999794,0.7579069767441888,0.71976744186047,-0.038139534883719683,umag_gmag_rmag_imag,,-60.6311667,0.01,,0.067,0.01,,,False,1.655,,,0.03,,,1.482,692,14.603,0.01,Trumpler 20,0.0,0.024,0.018,0.042,,,,,0.024,189.9250417,,,,,0.025,O
1997,19.41,16.57,14.63,13.54,14.23,11.75,10.903,10.624,0.8598333333333308,0.27529411764705536,1.090930232558137,1.4423255813953442,0.3513953488372068,umag_gmag_rmag_imag | umag_gmag_imag_Hamag,,-60.6078056,0.01,,0.074,0.0,,,True,1.451,,,0.04,,,1.392,534,15.67,0.0,Trumpler 20,0.0,0.031,0.021,0.052,,,,,0.023,189.926875,,,,,0.022,O
2050,20.43,17.18,14.91,13.56,14.45,11.4,10.383,10.056,0.7975000000000012,0.30058823529411116,0.9939534883720973,1.2148837209302403,0.22093023255814304,umag_gmag_rmag_imag | umag_gmag_imag_Hamag,,-60.5982778,0.01,,0.077,0.0,,,True,1.678,,,0.09,,,1.577,482,16.068,0.0,Trumpler 20,0.0,0.037,0.023,0.065,,,,,0.024,189.9505,,,,,0.023,O
2057,18.62,15.92,14.02,12.97,13.64,11.314,10.442,10.178,0.7925000000000035,0.2635294117647127,1.0016279069767462,1.3590697674418641,0.3574418604651177,umag_gmag_rmag_imag | umag_gmag_imag_Hamag,,-60.6282778,0.01,,0.069,0.0,,,False,1.395,,,0.03,,,1.298,674,14.975,0.0,Trumpler 20,0.0,0.025,0.021,0.043,,,,,0.023,189.9517917,,,,,0.022,O
2069,18.54,15.98,14.09,13.0,13.7,11.306,10.367,10.086,0.5798333333333328,0.059411764705876724,0.7855813953488386,1.063953488372098,0.27837209302325894,umag_gmag_rmag_imag,,-60.6095,0.0,,0.069,0.0,,,True,1.403,,,0.03,,,1.259,545,15.013,0.0,Trumpler 20,0.0,0.025,0.02,0.043,,,,,0.024,189.9577083,,,,,0.022,O
2095,19.8,17.31,15.54,14.53,15.16,12.88,12.085,11.79,0.6551666666666696,0.0535294117647136,0.8930232558139544,1.2125581395348832,0.31953488372092886,umag_gmag_rmag_imag,,-60.4999167,0.01,,0.084,0.01,,,False,1.344,,,0.06,,,1.187,35,16.439,0.01,Trumpler 20,0.0,0.041,0.021,0.065,,,,,0.023,189.9745833,,,,,0.026,O
2160,16.75,14.61,13.0,12.12,12.69,10.737,9.971,9.745,0.5413333333333328,0.15235294117646725,0.695116279069768,0.992790697674419,0.2976744186046507,umag_gmag_rmag_imag,,-60.6156944,0.0,,0.064,0.0,,,True,1.183,,,0.01,,,1.08,591,13.797,0.0,Trumpler 20,0.0,0.017,0.018,0.029,,,,,0.023,190.01875,,,,,0.023,O
2163,20.27,16.75,14.24,12.35,13.66,9.725,8.603,8.161,0.08649999999999958,-0.19882352941176684,0.1993023255813955,-0.30674418604651077,-0.5060465116279067,gmag_rmag_imag_Hamag,,-60.5746389,0.01,,0.072,0.01,,,False,2.015,,,0.08,,,1.919,326,15.619,0.0,Trumpler 20,0.0,0.034,0.029,0.064,,,,,0.023,190.0200417,,,,,0.018,O
2166,19.45,17.08,15.27,14.27,14.93,12.665,11.877,11.666,0.5533333333333348,0.19000000000000128,0.6969767441860479,0.9874418604651174,0.290465116279069,umag_gmag_rmag_imag,,-60.5995556,0.01,,0.081,0.0,,,True,1.302,,,0.04,,,1.26,490,16.192,0.0,Trumpler 20,0.0,0.037,0.023,0.061,,,,,0.026,190.021625,,,,,0.025,O
2172,19.55,16.79,14.79,13.65,14.39,11.803,10.974,10.712,0.6890000000000045,0.1952941176470686,0.8841860465116298,1.1804651162790725,0.2962790697674422,umag_gmag_rmag_imag,,-60.549,0.0,,0.076,0.0,,,True,1.47,,,0.05,,,1.37,204,15.795,0.0,Trumpler 20,0.0,0.033,,0.056,,,,,0.029,190.024625,,,,,,O
2181,16.56,14.46,12.88,12.01,12.57,10.653,9.913,9.704,0.5194999999999965,0.11235294117646455,0.6804651162790671,0.9711627906976714,0.2906976744186043,umag_gmag_rmag_imag,,-60.5956667,0.01,,0.064,0.0,,,False,1.158,,,0.01,,,1.059,468,13.646,0.0,Trumpler 20,0.0,0.017,0.02,0.029,,,,,0.024,190.0314583,,,,,0.025,O
2214,19.09,16.5,14.46,13.32,14.08,11.487,10.606,10.324,0.5189999999999992,0.15352941176469992,0.6634883720930247,0.9537209302325604,0.2902325581395355,umag_gmag_rmag_imag,,-60.6886389,0.01,,0.072,0.01,,,False,1.485,,,0.04,,,1.478,1046,15.518,0.01,Trumpler 20,0.0,0.03,0.02,0.052,,,,,0.023,190.0587917,,,,,0.025,O
2216,18.84,16.46,14.67,13.66,14.31,11.998,11.185,10.935,0.5451666666666666,0.07176470588235473,0.7323255813953478,1.0258139534883721,0.29348837209302414,umag_gmag_rmag_imag,,-60.5396389,0.01,,0.073,0.01,,,False,1.334,,,0.03,,,1.269,168,15.58,0.0,Trumpler 20,0.0,0.03,0.023,0.05,,,,,0.026,190.06225,,,,,0.026,O
2226,17.47,15.46,13.95,13.13,13.64,11.858,11.156,10.98,0.5203333333333344,0.022352941176476238,0.7172093023255806,1.0530232558139554,0.33581395348837484,umag_gmag_rmag_imag,,-60.5868333,0.01,,0.068,0.0,,,False,1.122,,,0.01,,,1.014,408,14.696,0.0,Trumpler 20,0.0,0.022,0.021,0.036,,,,,0.024,190.0672083,,,,,0.023,O
2315,17.16,14.87,13.05,12.12,12.67,10.588,9.835,9.656,0.6004999999999987,-0.14647058823529902,0.895813953488372,1.4495348837209279,0.5537209302325556,umag_gmag_rmag_imag,,-60.6412222,0.01,,0.065,0.0,,,False,1.271,,,0.01,,,1.161,776,13.944,0.0,Trumpler 20,0.0,0.018,0.025,0.031,,,,,0.026,190.1572083,,,,,0.025,O
2330,17.25,14.86,13.03,12.06,12.62,10.495,9.734,9.491,0.6278333333333364,-0.238823529411766,0.9704651162790743,1.511162790697683,0.5406976744186083,umag_gmag_rmag_imag | umag_gmag_imag_Hamag,,-60.5758889,0.01,,0.064,0.0,,,False,1.296,,,0.01,,,1.139,336,13.905,0.01,Trumpler 20,0.0,0.018,0.025,0.031,,,,,0.025,190.1719167,,,,,0.025,O
2414,17.17,15.25,13.59,12.76,13.14,11.315,10.618,10.413,0.41216666666666857,-0.9652941176470535,0.9567441860465118,1.7418604651162783,0.7851162790697662,umag_gmag_imag_Hamag,,-47.3856667,0.01,,0.071,0.0,,,False,1.184,,,0.01,,,0.968,32,14.377,0.0,NGC 6200,0.0,0.046,0.032,0.074,,,,,0.035,250.9525417,,,,,0.036,O
2424,17.37,15.08,13.23,12.35,12.82,10.788,10.098,9.838,0.6913333333333331,-0.33882352941176563,1.0986046511627905,1.8665116279069758,0.7679069767441848,umag_gmag_rmag_imag | umag_gmag_imag_Hamag | umag_rmag_imag_Hamag,,-47.5531111,0.01,,0.065,0.0,,,False,1.249,,,0.01,,,1.132,272,14.074,0.0,NGC 6200,0.0,0.041,0.041,0.069,,,,,0.048,250.9847917,,,,,0.044,O
2437,17.55,14.91,12.91,11.91,12.47,10.235,9.362,9.122,0.8233333333333344,-0.1811764705882326,1.2204651162790698,1.931162790697674,0.7106976744186042,umag_gmag_rmag_imag | umag_gmag_imag_Hamag | umag_rmag_imag_Hamag,,-47.5444444,0.0,,0.061,0.0,,,False,1.392,,,0.01,,,1.233,257,13.932,0.0,NGC 6200,0.0,0.039,0.023,0.067,,,,,0.024,251.0463333,,,,,0.024,O
2462,17.46,15.07,13.2,12.26,12.79,10.673,9.899,9.663,0.6823333333333352,-0.238823529411766,1.0465116279069797,1.696279069767448,0.6497674418604682,umag_gmag_rmag_imag | umag_gmag_imag_Hamag,,-47.5660278,0.0,,0.065,0.0,,,False,1.296,,,0.01,,,1.198,291,14.139,0.0,NGC 6200,0.0,0.042,0.026,0.072,,,,,0.024,251.127875,,,,,0.027,O
2465,17.44,15.0,13.08,12.11,12.67,10.49,9.653,9.388,0.677833333333334,-0.18882352941176528,1.0204651162790705,1.6511627906976747,0.6306976744186041,umag_gmag_rmag_imag | umag_gmag_imag_Hamag,,-47.5692778,0.0,,0.062,0.0,,,False,1.358,,,0.02,,,1.212,294,14.073,0.0,NGC 6200,0.0,0.04,0.022,0.068,,,,,0.023,251.139,,,,,0.025,O
2467,16.65,14.61,12.91,12.07,12.53,10.647,9.998,9.768,0.5139999999999998,-0.3964705882353008,0.8739534883720952,1.514883720930237,0.6409302325581414,umag_gmag_rmag_imag,,-47.5728333,0.0,,0.06,0.0,,,False,1.221,,,0.01,,,1.061,301,13.791,0.0,NGC 6200,0.0,0.036,0.033,0.059,,,,,0.023,251.1425417,,,,,0.027,O
2578,17.92,15.51,13.62,12.61,13.24,11.031,10.241,10.017,0.5751666666666695,-0.026470588235286474,0.8130232558139543,1.2525581395348842,0.43953488372092986,umag_gmag_rmag_imag,,-44.7543056,0.0,,0.057,0.0,,,True,1.332,,,0.02,,,1.214,112,14.568,0.0,NGC 6249,0.0,0.04,0.023,0.069,,,,,0.026,254.3607083,,,,,0.026,O
2611,17.59,15.43,13.65,12.74,13.21,11.198,10.398,10.206,0.5068333333333337,-0.661176470588233,0.9686046511627897,1.6665116279069747,0.6979069767441846,umag_gmag_rmag_imag | umag_gmag_imag_Hamag,,-44.8811944,0.0,,0.059,0.0,,,False,1.266,,,0.02,,,1.179,288,14.494,0.0,NGC 6249,0.0,0.041,0.03,0.069,,,,,0.027,254.4808333,,,,,0.03,O
2644,18.17,15.58,13.6,12.6,13.14,10.856,9.99,9.748,0.7733333333333354,-0.35941176470587566,1.2211627906976743,1.957906976744185,0.7367441860465107,umag_gmag_rmag_imag | umag_gmag_imag_Hamag | umag_rmag_imag_Hamag,,-44.8594167,0.0,,0.06,0.0,,,False,1.396,,,0.02,,,1.28,261,14.553,0.0,NGC 6249,0.0,0.043,0.027,0.074,,,,,0.029,254.5360417,,,,,0.027,O
2661,18.26,15.52,13.27,12.22,12.79,10.289,9.34,9.07,0.8325000000000045,-0.33764705882353097,1.295116279069774,2.2327906976744294,0.9376744186046553,umag_gmag_rmag_imag | umag_gmag_imag_Hamag | umag_rmag_imag_Hamag,,-44.7259722,0.0,,0.057,0.0,,,False,1.523,,,0.02,,,1.402,76,14.378,0.0,NGC 6249,0.0,0.04,0.02,0.07,,,,,0.024,254.576,,,,,0.023,O
2678,15.84,14.97,13.1,11.84,12.66,9.967,9.502,9.238,-1.4189999999999996,-1.951176470588234,-1.208604651162791,-1.2265116279069757,-0.01790697674418462,umag_gmag_rmag_imag,,-33.4319444,0.0,,0.092,0.0,,,True,1.375,,,0.01,,,1.315,13,14.052,0.0,Trumpler 27,0.0,0.04,0.023,0.064,,,,,0.021,264.0842917,,,,,0.024,O
2682,13.79,13.96,12.97,12.23,12.69,11.351,11.155,10.995,-1.514333333333335,-1.9652941176470684,-1.3360465116279057,-1.4051162790697629,-0.06906976744185767,umag_gmag_rmag_imag,,-33.52575,0.0,,0.088,0.0,,,True,0.746,,,0.0,,,0.692,46,13.417,0.0,Trumpler 27,0.0,0.03,0.04,0.042,,,,,0.04,264.1198333,,,,,0.042,B
2683,18.88,15.78,13.35,12.23,12.9,9.957,8.99,8.636,1.065333333333335,0.2147058823529444,1.4016279069767448,2.289069767441862,0.8874418604651171,umag_gmag_rmag_imag | umag_gmag_imag_Hamag | umag_rmag_imag_Hamag,,-32.4676667,0.0,,0.081,0.0,,,False,1.575,,,0.04,,,1.562,92,14.621,0.0,Trumpler 28,0.0,0.054,0.026,0.105,,,,,0.023,264.1210417,,,,,0.029,O
2694,18.26,15.73,13.59,12.64,13.18,10.654,9.801,9.485,0.8041666666666696,-0.09882352941176542,1.1611627906976785,2.0579069767441935,0.8967441860465148,umag_gmag_rmag_imag | umag_gmag_imag_Hamag | umag_rmag_imag_Hamag,,-32.5113889,0.0,,0.069,0.0,,,False,1.403,,,0.02,,,1.373,150,14.725,0.01,Trumpler 28,0.0,0.041,0.026,0.072,,,,,0.024,264.1623333,,,,,0.029,O
2695,17.42,15.16,13.19,12.34,12.81,10.562,9.72,9.483,0.715833333333336,-0.17647058823528683,1.0686046511627911,1.9565116279069774,0.8879069767441858,umag_gmag_rmag_imag | umag_gmag_imag_Hamag | umag_rmag_imag_Hamag,,-32.5255556,0.0,,0.061,0.0,,,False,1.276,,,0.01,,,1.246,163,14.181,0.0,Trumpler 28,0.0,0.031,0.028,0.055,,,,,0.026,264.1659583,,,,,0.027,O
2698,17.19,15.07,13.17,12.34,12.79,10.609,9.839,9.6,0.6121666666666679,-0.31647058823529894,0.9793023255813986,1.8432558139534945,0.8639534883720956,umag_gmag_rmag_imag | umag_gmag_imag_Hamag | umag_rmag_imag_Hamag,,-32.4467778,0.0,,0.062,0.0,,,False,1.278,,,0.01,,,1.204,66,14.235,0.0,Trumpler 28,0.0,0.032,0.025,0.057,,,,,0.02,264.1769583,,,,,0.025,O
2710,18.4,16.08,14.03,13.11,13.62,11.035,10.257,9.974,0.6486666666666676,-0.3088235294117663,1.0272093023255828,1.903023255813955,0.8758139534883722,umag_gmag_rmag_imag | umag_gmag_imag_Hamag | umag_rmag_imag_Hamag,,-32.4868889,0.0,,0.072,0.0,,,True,1.291,,,0.03,,,1.252,121,14.883,0.0,Trumpler 28,0.0,0.043,0.055,0.075,,,,,0.036,264.2200417,,,,,0.055,O
2717,16.92,14.88,12.99,12.16,12.61,10.454,9.641,9.436,0.5321666666666678,-0.396470588235299,0.8993023255813986,1.7532558139534946,0.8539534883720958,umag_gmag_rmag_imag,,-32.5377222,0.0,,0.06,0.0,,,False,1.241,,,0.01,,,1.185,173,13.998,0.0,Trumpler 28,0.0,0.029,0.038,0.052,,,,,0.024,264.2342083,,,,,0.031,O
2718,20.66,16.88,14.0,12.59,13.46,9.7,8.521,8.118,1.2185000000000015,0.31764705882353494,1.5746511627906976,2.451627906976742,0.8769767441860443,umag_gmag_rmag_imag | umag_gmag_imag_Hamag | umag_rmag_imag_Hamag,,-32.4439722,0.01,,0.098,0.0,,,False,1.66,,,0.13,,,0.907,62,15.233,0.01,Trumpler 28,0.0,0.071,0.031,0.111,,,,,0.03,264.2351667,,,,,0.034,O
2750,18.6,15.82,13.67,12.5,13.21,10.497,9.607,9.329,0.6545000000000019,-0.16941176470587616,0.9802325581395348,1.4955813953488368,0.5153488372093016,umag_gmag_rmag_imag | umag_gmag_imag_Hamag,,-32.5528056,0.0,,0.068,0.0,,,True,1.501,,,0.03,,,1.439,186,14.762,0.0,Trumpler 28,0.0,0.04,0.023,0.074,,,,,0.023,264.3190417,,,,,0.025,O
2812,18.55,16.05,13.98,12.87,13.52,11.015,10.198,9.954,0.4834999999999985,-0.44941176470588884,0.8523255813953488,1.4258139534883725,0.5734883720930235,umag_gmag_rmag_imag,,-8.2495833,0.0,,0.066,0.0,,,True,1.53,,,0.03,,,1.412,165,15.03,0.0,NGC 6664,0.0,0.046,0.025,0.069,,,,,0.025,279.0612917,,,,,0.023,O
2820,13.72,13.68,12.87,12.34,12.41,11.59,11.43,11.262,-0.922833333333331,-2.9094117647058764,-0.137441860465116,0.5113953488372096,0.6488372093023256,umag_gmag_rmag_Hamag,,-8.2931667,0.0,,0.046,0.0,,,True,0.958,,,0.0,,,0.549,221,13.277,0.0,NGC 6664,0.0,0.024,0.046,0.033,,,,,0.021,279.0992083,,,,,0.035,Be
2859,19.31,16.92,14.88,13.85,14.42,12.005,11.196,10.867,0.5188333333333288,-0.5594117647058918,0.9451162790697645,1.672790697674417,0.7276744186046522,umag_gmag_rmag_imag | umag_gmag_imag_Hamag,,-8.48825,0.0,,0.063,0.0,,,True,0.636,,,0.05,,,0.612,403,15.006,0.01,Trumpler 34,0.0,0.039,0.041,0.057,,,,,0.05,279.8824167,,,,,0.058,O
2869,19.59,17.14,14.97,13.89,14.51,11.951,11.127,10.861,0.48799999999999955,-0.49941176470588955,0.8783720930232579,1.6209302325581443,0.7425581395348861,umag_gmag_rmag_imag,,-8.5675278,0.0,,0.085,0.0,,,True,1.454,,,0.05,,,1.292,621,16.232,0.0,Trumpler 34,0.0,0.066,0.024,0.109,,,,,0.024,279.890375,,,,,0.022,O
2872,19.24,16.8,14.8,13.81,14.34,12.062,11.264,11.013,0.6414999999999977,-0.5094117647058911,1.0965116279069769,1.876279069767444,0.7797674418604672,umag_gmag_rmag_imag | umag_gmag_imag_Hamag | umag_rmag_imag_Hamag,,-8.4705,0.0,,0.078,0.0,,,True,0.934,,,0.05,,,0.857,340,15.896,0.0,Trumpler 34,0.0,0.055,0.019,0.081,,,,,0.024,279.8924167,,,,,0.023,O
2891,18.66,16.67,14.44,13.48,14.0,11.774,10.969,10.755,0.24600000000000066,-0.8311764705882347,0.6718604651162792,1.704651162790702,1.0327906976744223,gmag_rmag_imag_Hamag,,-8.4453611,0.0,,0.069,0.0,,,True,1.718,,,0.03,,,1.658,279,14.633,0.0,Trumpler 34,0.0,0.056,0.026,0.09,,,,,0.024,279.8985833,,,,,0.033,O
2910,20.13,17.26,14.78,13.5,14.32,11.329,10.407,10.079,0.5446666666666657,-0.07941176470587985,0.7913953488372072,1.3834883720930238,0.5920930232558166,umag_gmag_rmag_imag,,-8.536,0.0,,0.045,0.0,,,True,0.521,,,0.08,,,0.474,539,11.731,0.0,Trumpler 34,0.0,0.025,0.021,0.038,,,,,0.023,279.9084167,,,,,0.022,B
2912,19.98,17.47,15.25,14.15,14.79,12.161,11.322,11.063,0.5116666666666694,-0.4394117647058873,0.8876744186046566,1.634186046511636,0.7465116279069792,umag_gmag_rmag_imag,,-8.4347778,0.01,,0.069,0.0,,,True,0.707,,,0.06,,,0.745,241,15.531,0.0,Trumpler 34,0.0,0.046,0.046,0.069,,,,,0.035,279.909875,,,,,0.052,O
2915,18.88,16.42,14.37,13.36,13.92,11.574,10.76,10.485,0.6251666666666649,-0.42529411764705793,1.0404651162790666,1.8011627906976733,0.7606976744186067,umag_gmag_rmag_imag | umag_gmag_imag_Hamag | umag_rmag_imag_Hamag,,-8.5643333,0.0,,0.078,0.0,,,True,0.948,,,0.03,,,0.824,614,15.905,0.0,Trumpler 34,0.0,0.055,0.024,0.081,,,,,0.026,279.9139167,,,,,0.029,O
2931,18.77,16.05,13.8,12.67,13.33,10.726,9.823,9.504,0.6671666666666645,-0.29352941176471203,1.0469767441860458,1.7774418604651165,0.7304651162790703,umag_gmag_rmag_imag | umag_gmag_imag_Hamag | umag_rmag_imag_Hamag,,-8.5613333,0.0,,0.108,0.0,,,True,1.251,,,0.03,,,0.767,608,17.008,0.0,Trumpler 34,0.0,0.081,0.019,0.116,,,,,0.023,279.9271667,,,,,0.025,O
2976,20.08,17.0,14.5,13.27,14.03,11.232,10.133,9.818,0.8454999999999981,0.0664705882352874,1.1534883720930231,1.9037209302325597,0.7502325581395364,umag_gmag_rmag_imag | umag_gmag_imag_Hamag | umag_rmag_imag_Hamag,,-8.4094167,0.0,,0.075,0.0,,,True,0.601,,,0.08,,,0.646,155,15.589,0.0,Trumpler 34,0.0,0.048,0.038,0.072,,,,,,280.0000417,,,,,0.033,O
2977,19.96,17.25,15.09,14.03,14.64,12.154,11.312,11.026,0.7843333333333338,-0.17529411764705438,1.1637209302325566,1.9193023255813921,0.7555813953488353,umag_gmag_rmag_imag | umag_gmag_imag_Hamag | umag_rmag_imag_Hamag,,-8.40425,0.01,,0.064,0.0,,,True,1.236,,,0.06,,,1.073,136,14.888,0.01,Trumpler 34,0.0,0.046,0.025,0.072,,,,,0.025,280.0013333,,,,,0.024,O
2979,19.18,16.75,14.65,13.61,14.21,11.726,10.922,10.667,0.5406666666666651,-0.39117647058823346,0.9090697674418573,1.6276744186046455,0.7186046511627877,umag_gmag_rmag_imag | umag_gmag_imag_Hamag,,-8.3508889,0.0,,0.075,0.0,,,True,1.437,,,0.04,,,1.274,17,15.705,0.0,Trumpler 34,0.0,0.057,0.029,0.089,,,,,0.033,280.0162083,,,,,0.031,O
2983,18.91,16.49,14.46,13.4,14.07,11.605,10.804,10.534,0.4943333333333346,-0.08058823529412029,0.7216279069767468,1.209069767441862,0.48744186046511495,umag_gmag_rmag_imag,,-8.4230556,0.0,,0.103,0.0,,,False,1.077,,,0.03,,,1.102,198,16.829,0.01,Trumpler 34,0.0,0.073,0.029,0.117,,,,,0.077,280.035375,,,,,0.028,O
2997,19.57,16.86,14.6,13.48,14.14,11.419,10.53,10.245,0.6753333333333362,-0.23941176470587644,1.0369767441860478,1.7774418604651183,0.7404651162790701,umag_gmag_rmag_imag | umag_gmag_imag_Hamag | umag_rmag_imag_Hamag,,-8.3432778,0.0,,0.079,0.0,,,True,1.579,,,0.04,,,1.595,3,15.744,0.01,Trumpler 34,0.0,0.063,0.023,0.103,,,,,0.026,280.0552083,,,,,0.024,O
3015,20.29,16.89,14.1,12.64,13.6,10.106,9.07,8.703,0.7476666666666678,0.19411764705882106,0.966511627906979,1.5462790697674489,0.5797674418604695,umag_gmag_rmag_imag | umag_gmag_imag_Hamag,,-8.5098889,0.0,,0.047,0.0,,,True,0.588,,,0.11,,,0.525,463,12.547,0.0,Trumpler 34,0.0,0.027,0.02,0.04,,,,,0.024,280.0740417,,,,,0.023,B
3016,19.67,17.12,14.95,13.81,14.52,11.88,11.063,10.759,0.47900000000000365,-0.20705882352940996,0.7502325581395388,1.2855813953488462,0.5353488372093069,umag_gmag_rmag_imag,,-8.5018889,0.0,,0.1,0.0,,,True,1.01,,,0.07,,,0.942,446,16.67,0.0,Trumpler 34,0.0,0.072,0.022,0.112,,,,,0.024,280.074125,,,,,0.023,O
3027,20.69,17.51,14.94,13.62,14.48,11.284,10.356,10.017,0.7819999999999996,0.23058823529412242,0.9999999999999978,1.589999999999998,0.5900000000000003,umag_gmag_rmag_imag | umag_gmag_imag_Hamag,,-8.5266389,0.01,,0.065,0.0,,,True,0.785,,,0.13,,,0.718,512,15.072,0.0,Trumpler 34,0.0,0.042,0.023,0.062,,,,,0.026,280.0847083,,,,,0.024,O
3028,20.14,16.66,14.01,12.48,13.43,9.984,8.943,8.58,0.7005000000000021,-0.238823529411766,1.0718604651162824,1.5346511627907047,0.4627906976744218,umag_gmag_rmag_imag | umag_gmag_imag_Hamag,,-8.38975,0.01,,0.078,0.0,,,False,1.176,,,0.07,,,1.08,97,15.855,0.01,Trumpler 34,0.0,0.057,0.023,0.09,,,,,0.024,280.0848333,,,,,0.023,O
3055,17.56,15.13,13.18,12.17,12.79,10.504,9.673,9.403,0.5951666666666655,-0.07058823529412406,0.8583720930232566,1.380930232558144,0.5225581395348873,umag_gmag_rmag_imag,,-5.8768889,0.0,,0.061,0.0,,,True,1.354,,,0.01,,,1.263,392,14.132,0.0,Basel 1,0.0,0.047,0.021,0.072,,,,,0.023,281.9564583,,,,,0.026,O
3132,18.73,15.96,13.87,12.64,13.42,11.073,10.269,9.939,0.5355000000000025,-0.11529411764705566,0.7927906976744208,1.0869767441860532,0.29418604651163194,umag_gmag_rmag_imag,,-5.8954444,0.01,,0.07,0.01,,,False,1.464,,,0.03,,,1.397,458,14.955,0.02,Basel 1,0.01,0.053,0.021,0.084,,,,,0.023,281.999875,,,,,0.024,O
