,umag,gmag,rmag,imag,Hamag,Jmag,Hmag,Kmag,umag_gmag_rmag,umag_gmag_imag,umag_gmag_Hamag,umag_rmag_imag,umag_rmag_Hamag,umag_imag_Hamag,gmag_rmag_imag,gmag_rmag_Hamag,gmag_imag_Hamag,rmag_imag_Hamag,Jmag_Hmag_Kmag,outlier_columns,chi2,DEJ2000,logTeff,Rv,r2mag,RAJ2000,mu,A0,VPHAS-OB1,goodOB,EM,SUB,LUM
1,20.634,18.906,16.35,14.889,15.928,12.405,11.696,11.343,0.5219220779220808,-0.8325438596491206,0.21116822429906823,2.506877192982453,3.873831775700933,7.046177570093461,1.7101578947368385,2.3607757009345764,4.7889672897196265,1.7523084112149558,0.4090653594771241,umag_gmag_rmag | umag_gmag_Hamag | umag_rmag_imag | umag_rmag_Hamag,5.04,-56.706351,4.317,3.356,16.361,152.450956,11.6,7.655,9,1,0,0,1
9,20.672,19.842,17.938,16.871,17.568,15.048,14.225,13.983,-0.0684242424242405,-1.0637953216374247,-0.32825233644859475,1.4361286549707621,2.3743738317757055,4.673878504672903,1.2862631578947368,1.7328317757009357,3.4888644859813107,1.2624205607476644,0.6173790849673214,Jmag_Hmag_Kmag,5.36,-57.294752,4.332,3.719,17.937,151.989085,14.5,6.172,26,1,0,0,0
10,18.352,18.583,17.251,16.526,16.92,15.128,14.684,14.429,-0.8595194805194772,-1.542187134502921,-1.0780420560747626,0.21912865497075784,0.7792803738317753,2.319420560747666,0.9122631578947333,1.1788738317756984,2.3497383177570095,0.8354672897196281,0.22733333333333505,umag_gmag_imag,2.68,-57.547096,4.624,4.062,17.244,151.654351,18.21,4.903,27,1,0,1,0
13,19.931,18.143,15.261,13.63,14.75,10.746,9.936,9.459,0.42809523809523786,-1.0887076023391806,0.059789719626168525,2.686093567251466,4.173327102803741,7.703616822429906,1.9377368421052656,2.6456028037383197,5.34514953271028,1.9450186915887833,0.40470588235294147,umag_gmag_rmag | umag_gmag_Hamag | umag_rmag_imag | umag_rmag_Hamag | umag_imag_Hamag | gmag_rmag_imag | gmag_rmag_Hamag | gmag_imag_Hamag | rmag_imag_Hamag,1.65,-57.230152,4.457,3.476,15.275,152.188854,10.91,8.973,36,1,0,0,1
36,19.507,17.831,15.192,13.665,14.714,10.926,10.098,9.693,0.4307575757575781,-0.979520467836255,0.08836915887850738,2.4575964912280703,3.85040186915888,7.155700934579443,1.7549473684210515,2.417869158878504,4.945397196261683,1.8211121495327116,0.483882352941175,umag_gmag_rmag | umag_gmag_Hamag | umag_rmag_imag | umag_rmag_Hamag,4.23,-57.689588,4.329,3.576,15.202,152.067236,9.96,8.321,98,1,0,0,1
40,17.566,15.969,13.405,11.925,12.928,9.317,8.56,8.115,0.3871471861471858,-0.9807543859649117,0.04807943925233693,2.360766081871347,3.697373831775702,6.897093457943924,1.707157894736843,2.3433317757009355,4.789219626168223,1.7612149532710268,0.3788954248366008,umag_gmag_rmag | umag_gmag_Hamag,1.57,-57.545887,4.324,3.538,13.394,152.325021,8.41,7.995,109,1,0,0,1
46,17.929,16.214,13.487,11.917,12.97,9.144,8.367,7.875,0.42823376623376697,-1.0240233918128645,0.0626822429906555,2.532292397660817,3.9394953271028026,7.330710280373831,1.8180526315789458,2.4878271028037373,5.079369158878504,1.8652336448598137,0.3589607843137241,umag_gmag_rmag | umag_gmag_Hamag | umag_rmag_imag | umag_rmag_Hamag | umag_imag_Hamag | gmag_rmag_imag,2.09,-57.463467,4.366,3.528,13.506,152.598693,8.49,8.524,130,1,0,0,1
50,20.353,19.78,18.223,17.351,17.936,15.984,15.276,15.27,-0.16168831168831221,-0.9753099415204685,-0.36623364485981313,1.0693216374269034,1.851046728971966,3.73461682242991,1.0521578947368444,1.4242289719626195,2.863649532710283,1.0360186915887852,0.7029019607843137,Jmag_Hmag_Kmag,5.12,-57.183747,4.297,3.543,18.222,153.058283,15.52,4.892,145,1,0,0,0
58,21.207,19.847,17.423,16.088,16.954,13.453,12.442,12.081,0.2162077922077903,-1.036087719298246,-0.11353738317757078,2.160140350877199,3.3281495327102855,6.203523364485981,1.6511052631578993,2.207032710280378,4.402429906542056,1.5778037383177543,0.7042679738562079,Jmag_Hmag_Kmag,6.88,-57.633054,4.324,3.941,17.42,152.560034,12.29,8.076,161,1,0,0,0
60,20.44,18.606,15.728,14.032,15.224,10.888,9.968,9.43,0.47598268398268284,-1.081590643274855,0.11139252336448524,2.6490292397660844,4.222130841121498,7.9007850467289735,1.896105263157897,2.6448411214953294,5.459644859813086,2.0302056074766353,0.46287581699346386,umag_gmag_rmag | umag_gmag_Hamag | umag_rmag_imag | umag_rmag_Hamag | umag_imag_Hamag | gmag_rmag_imag | gmag_rmag_Hamag | gmag_imag_Hamag | rmag_imag_Hamag,2.96,-57.077087,4.409,3.738,15.741,153.315795,10.3,9.512,167,1,0,0,1
62,21.237,19.676,17.182,15.762,16.732,13.176,12.459,12.102,0.3841774891774894,-0.9338888888888874,0.061485981308411874,2.327748538011698,3.6176168224299072,6.689766355140183,1.6718947368421062,2.2858224299065424,4.6347009345794365,1.6919626168224278,0.4136666666666678,umag_gmag_rmag | umag_gmag_Hamag,6.59,-57.872056,4.374,3.535,17.173,152.342042,12.8,7.858,175,1,0,0,0
80,20.842,19.447,16.74,15.134,16.253,11.989,11.004,10.483,0.11767099567099493,-1.3542222222222215,-0.23185046728971925,2.1485029239766114,3.6286542056074786,7.109364485981306,1.7772105263157916,2.4817056074766373,5.144406542056073,1.9197383177570075,0.5423202614379106,rmag_imag_Hamag,1.28,-57.736846,4.521,4.013,16.708,152.818379,12.49,9.551,226,1,0,0,0
84,19.694,19.421,18.038,17.34,17.831,15.98,15.765,15.329,-0.37958441558441547,-1.0534853801169588,-0.5368598130841122,0.8069707602339167,1.4548037383177552,2.968897196261681,0.9788947368421042,1.2872383177570081,2.4458084112149523,0.8356635514018695,-0.15545751633986932,Jmag_Hmag_Kmag,1.35,-57.316912,4.327,3.533,18.143,153.452234,16.15,4.312,238,1,0,0,0
85,20.992,19.178,16.385,14.752,15.94,11.746,10.85,10.373,0.4960909090909096,-1.0072514619883037,0.16473831775700898,2.620660818713449,4.174476635514016,7.727775700934577,1.84757894736842,2.58713551401869,5.308672897196261,1.9660841121495334,0.49070588235294177,umag_gmag_rmag | umag_gmag_Hamag | umag_rmag_imag | umag_rmag_Hamag | umag_imag_Hamag | gmag_rmag_imag | gmag_rmag_Hamag | gmag_imag_Hamag | rmag_imag_Hamag,3.51,-57.296756,4.359,3.679,16.427,153.481891,10.82,9.058,240,1,0,0,1
92,19.354,17.836,15.343,13.932,14.875,11.364,10.584,10.167,0.3416493506493521,-0.9705146198830388,0.009827102803739995,2.294695906432749,3.556121495327102,6.602953271028035,1.6761052631578937,2.2764953271028023,4.604640186915885,1.6753925233644855,0.4256862745098053,umag_gmag_rmag | umag_gmag_Hamag,0.63,-58.207384,4.299,3.606,15.333,152.333012,10.26,7.798,252,1,0,0,1
130,20.476,19.034,16.631,15.186,16.189,12.608,11.868,11.474,0.3081168831168841,-1.0108187134502913,-0.00708878504672783,2.0873391812865485,3.415392523364485,6.5460934579439245,1.5664210526315776,2.19852336448598,4.593219626168223,1.7262149532710285,0.4052287581699348,umag_gmag_Hamag,4.22,-57.403109,4.335,3.669,16.642,153.664271,11.82,7.826,328,1,0,0,1
150,17.392,18.125,17.183,16.606,16.944,15.383,15.004,14.86,-1.177493506493507,-1.7012514619883035,-1.334537383177571,-0.4928479532163723,-0.023299065420561815,1.2092897196261627,0.6079473684210539,0.8314345794392521,1.7701308411214918,0.6717663551401843,0.2566470588235289,umag_gmag_rmag | umag_gmag_imag | umag_gmag_Hamag,5.66,-57.720938,4.639,4.975,17.227,153.420283,18.74,4.313,373,1,0,1,0
152,20.597,18.508,15.374,13.514,14.826,10.056,9.057,8.424,0.6101861471861503,-1.0943099415204651,0.21358878504673218,2.9605438596491225,4.690364485981309,8.72606542056075,2.0571578947368403,2.88048598130841,5.9688037383177575,2.2278504672897212,0.46115686274509615,umag_gmag_rmag | umag_gmag_Hamag | umag_rmag_imag | umag_rmag_Hamag | umag_imag_Hamag | gmag_rmag_imag | gmag_rmag_Hamag | gmag_imag_Hamag | rmag_imag_Hamag,4.29,-57.090546,4.417,3.769,15.327,154.220685,9.29,10.406,376,1,0,0,1
166,19.622,18.012,15.232,13.597,14.716,10.619,9.703,9.21,0.2982251082251073,-1.204239766081872,-0.06880373831775777,2.40122807017544,3.888467289719627,7.426364485981308,1.8334210526315804,2.5412897196261692,5.246406542056075,1.9487383177570092,0.4971111111111128,umag_rmag_imag | umag_rmag_Hamag | umag_imag_Hamag | gmag_rmag_imag | gmag_rmag_Hamag | gmag_imag_Hamag | rmag_imag_Hamag,1.85,-57.311851,4.481,3.723,15.244,154.009332,10.85,9.236,405,1,0,0,1
169,20.09,18.4,15.772,14.225,15.28,11.453,10.566,10.182,0.4499480519480541,-0.9712573099415183,0.10084112149532909,2.4362690058479526,3.8397943925233635,7.186214953271028,1.7323684210526298,2.400392523364484,4.958855140186914,1.842794392523365,0.5607254901960769,umag_gmag_rmag | umag_gmag_Hamag | umag_rmag_imag | umag_rmag_Hamag,6.91,-57.277031,4.316,3.644,15.751,154.085038,10.3,8.417,414,1,0,0,1
207,20.074,18.462,15.828,14.252,15.111,11.334,10.41,9.782,0.36911688311688495,-1.0715672514619854,-0.09481775700934314,2.328994152046788,3.549102803738321,6.897757009345796,1.7215789473684224,2.3023037383177583,4.848228971962616,1.816841121495326,0.3904052287581694,umag_gmag_rmag,7.06,-56.705074,4.301,3.915,15.865,154.998316,9.8,8.845,489,1,1,0,1
211,20.626,18.877,16.027,14.379,15.531,11.361,10.466,10.02,0.40419480519480877,-1.1181461988304062,0.04472897196262049,2.5944152046783615,4.116906542056075,7.689691588785049,1.8958947368421024,2.620542056074764,5.35392523364486,1.9709906542056093,0.5160457516339886,umag_gmag_rmag | umag_gmag_Hamag | umag_rmag_imag | umag_rmag_Hamag | umag_imag_Hamag | gmag_rmag_imag | gmag_rmag_Hamag | gmag_imag_Hamag | rmag_imag_Hamag,4.67,-57.495002,4.463,3.638,16.029,154.04713,11.45,9.257,495,1,0,0,1
223,20.154,19.727,18.227,17.362,17.912,15.973,15.291,15.367,-0.28079220779220815,-1.0805146198830424,-0.49746261682243076,0.8748362573099389,1.620831775700933,3.4807850467289745,0.9992105263157884,1.354275700934579,2.7736448598130865,1.0192056074766378,0.7465751633986937,Jmag_Hmag_Kmag,5.45,-57.229086,4.336,3.646,18.198,154.435058,15.85,4.938,519,1,0,0,0
240,18.319,18.66,17.56,16.966,17.293,15.797,15.174,15.315,-0.8600476190476207,-1.4208011695906435,-1.0372757009345808,0.036473684210529655,0.49948598130841215,1.7625140186915844,0.7561052631578975,0.9764813084112166,1.9369579439252314,0.6856822429906514,0.7428039215686285,Jmag_Hmag_Kmag,2.7,-57.806036,4.551,4.174,17.518,153.84482,18.09,4.293,555,1,0,1,0
273,20.063,19.981,18.56,17.75,18.145,16.146,15.434,15.564,-0.5885151515151557,-1.3400994152046821,-0.8531588785046765,0.517736842105265,1.0996355140186926,2.8076728971962597,0.952052631578951,1.229014018691592,2.5244813084112163,0.9207476635514005,0.8224575163398714,Jmag_Hmag_Kmag,4.39,-58.445164,4.458,4.208,18.595,153.35683,17.05,5.379,656,1,0,1,0
314,21.072,19.556,17.03,15.63,16.605,12.98,12.212,11.831,0.32407792207792063,-0.9865380116959082,0.012920560747661902,2.3390760233918106,3.628915887850465,6.663028037383175,1.715473684210526,2.329387850467289,4.6504158878504676,1.6733644859813088,0.44427450980392214,umag_gmag_Hamag,3.81,-57.711922,4.374,3.619,17.043,154.587508,12.52,8.016,736,1,0,0,0
318,20.118,19.985,18.326,17.419,17.988,15.856,15.296,14.942,-0.6498181818181821,-1.5026374269005849,-0.8841635514018698,0.6887485380116942,1.4634766355140159,3.4115794392523333,1.1338947368421044,1.50263551401869,2.988761682242989,1.0665327102803737,0.259215686274511,umag_gmag_imag,3.14,-56.884998,4.605,3.72,18.327,155.609318,18.51,5.578,746,1,0,1,0
348,19.853,19.677,17.974,17.029,17.615,15.44,14.882,14.528,-0.6275800865800842,-1.5119064327485356,-0.8742710280373815,0.7295263157894749,1.5300654205607473,3.5578691588785043,1.1558947368421046,1.5369205607476621,3.0833925233644845,1.1092990654205606,0.25721568627451036,umag_gmag_imag,3.64,-56.767621,4.612,3.693,17.979,155.977,18.15,5.69,813,1,0,1,0
355,20.965,19.586,16.803,15.177,16.298,11.861,10.934,10.344,0.06580952380952643,-1.4314152046783604,-0.2957289719626153,2.1841754385964895,3.6711588785046696,7.191869158878503,1.8416315789473656,2.5493785046728936,5.241892523364484,1.9402990654205616,0.42569281045751795,gmag_rmag_imag | gmag_rmag_Hamag | gmag_imag_Hamag | rmag_imag_Hamag,4.88,-57.727208,4.547,4.045,16.781,154.872859,12.62,9.839,826,1,0,0,0
400,20.27,18.78,15.988,14.348,15.485,11.352,10.421,9.96,0.17256277056276836,-1.3350760233918142,-0.18829439252336666,2.2871461988304116,3.793102803738318,7.345906542056071,1.8425263157894762,2.559303738317759,5.276780373831775,1.9587850467289705,0.5393006535947735,umag_imag_Hamag | gmag_rmag_imag | gmag_rmag_Hamag | gmag_imag_Hamag | rmag_imag_Hamag,2.72,-58.039751,4.565,3.746,15.995,154.803287,12.53,9.335,931,1,0,0,0
410,20.427,18.806,16.231,14.762,15.761,12.07,11.31,10.925,0.4059567099567092,-0.9567543859649135,0.07004205607476455,2.409146198830406,3.7391775700934535,6.91608411214953,1.7245263157894724,2.357570093457942,4.786247663551402,1.7490934579439261,0.43287581699346406,umag_gmag_rmag | umag_gmag_Hamag | umag_rmag_imag,5.36,-57.068088,4.324,3.552,16.227,156.014894,11.17,8.067,954,1,0,0,1
432,19.643,19.289,17.815,16.995,17.537,15.493,14.939,15.106,-0.34152380952381034,-1.1082573099415214,-0.5383738317757027,0.830573099415204,1.5577943925233617,3.326766355140184,0.999263157894737,1.3453925233644852,2.696700934579438,0.9719626168224297,0.6958954248366014,Jmag_Hmag_Kmag,4.23,-57.109951,4.344,3.71,17.831,156.062542,15.56,4.892,996,1,0,0,0
437,19.141,17.146,14.245,12.551,13.746,9.479,8.656,8.113,0.626129870129867,-0.933976608187137,0.2632242990654181,2.835461988304094,4.410990654205608,8.086542056074764,1.9202631578947391,2.6701542056074787,5.482873831775701,2.029046728971962,0.36162745098038995,umag_gmag_rmag | umag_gmag_Hamag | umag_rmag_imag | umag_rmag_Hamag | umag_imag_Hamag | gmag_rmag_imag | gmag_rmag_Hamag | gmag_imag_Hamag | rmag_imag_Hamag,4.96,-57.159384,4.315,3.589,14.247,156.036587,8.19,9.147,1006,1,0,0,1
473,20.843,18.914,15.902,14.133,15.405,11.003,10.133,9.652,0.5077532467532444,-1.1185380116959092,0.1417056074766334,2.789233918128656,4.457934579439254,8.302971962616823,1.9878421052631603,2.782079439252339,5.726084112149535,2.125635514018692,0.46130718954248484,umag_gmag_rmag | umag_gmag_Hamag | umag_rmag_imag | umag_rmag_Hamag | umag_imag_Hamag | gmag_rmag_imag | gmag_rmag_Hamag | gmag_imag_Hamag | rmag_imag_Hamag,7.51,-57.459526,4.538,3.539,15.924,156.025071,11.89,9.666,1086,1,0,0,1
490,20.841,18.896,15.737,13.901,15.135,10.505,9.571,9.035,0.45438961038961057,-1.2389473684210524,0.029350467289719795,2.870736842105264,4.518878504672898,8.485383177570094,2.096052631578948,2.880504672897197,5.911850467289721,2.181981308411215,0.47857516339869427,umag_gmag_rmag | umag_gmag_Hamag | umag_rmag_imag | umag_rmag_Hamag | umag_imag_Hamag | gmag_rmag_imag | gmag_rmag_Hamag | gmag_imag_Hamag | rmag_imag_Hamag,6.84,-57.363146,4.581,3.649,15.763,156.260877,11.71,10.317,1119,1,0,0,1
525,17.211,16.64,14.595,13.367,14.138,10.961,10.258,9.857,-0.39395670995671184,-1.5152982456140367,-0.7033831775700956,1.1222923976608172,2.171813084112147,4.809551401869155,1.3340526315789476,1.8335841121495324,3.845845794392522,1.444168224299065,0.3622810457516354,umag_gmag_imag,2.88,-57.75748,4.616,4.091,14.595,155.97991,13.22,7.49,1183,1,0,0,0
529,15.577,15.331,13.621,12.595,13.211,10.633,10.048,9.731,-0.5608831168831159,-1.4979999999999987,-0.8338130841121485,0.708,1.5574953271028031,3.753439252336447,1.1159999999999992,1.5203271028037373,3.193682242990653,1.1987102803738314,0.31565359477124083,umag_gmag_imag,1.8,-57.758334,4.604,4.06,13.625,155.984104,13.07,6.33,1189,1,0,0,0
553,15.847,15.38,13.352,12.288,13.006,9.96,9.357,8.982,-0.48993506493506633,-1.5039239766081884,-0.7421869158878518,1.2007777777777773,2.1587009345794383,4.458177570093457,1.4120000000000004,1.8679345794392528,3.6254672897196265,1.2653084112149533,0.2843725490196094,umag_gmag_imag,5.91,-57.75776,4.59,4.033,13.384,156.008515,12.07,7.056,1221,1,0,0,0
566,20.787,19.893,17.862,16.631,18.291,14.262,13.663,13.32,-0.06435064935065204,-1.185286549707604,0.07802803738317599,1.4276432748538046,3.341971962616825,6.234878504672896,1.3183157894736879,2.229462616822433,4.495364485981309,1.6964205607476617,0.30756209150326824,umag_gmag_Hamag,5.71,-57.727099,4.44,3.881,17.857,156.055561,14.69,7.141,1235,1,0,0,0
574,16.484,15.918,13.879,12.646,13.432,10.316,9.624,9.236,-0.39612554112553844,-1.5196608187134464,-0.7002336448598097,1.1052105263157936,2.170532710280377,4.822336448598131,1.3251578947368428,1.8322102803738318,3.8559906542056055,1.4533738317756997,0.36232679738562124,umag_gmag_imag,2.52,-57.72882,4.621,4.017,13.879,156.067719,12.69,7.363,1248,1,0,0,0
597,18.862,18.111,15.787,14.366,15.332,11.45,10.454,9.961,-0.3456060606060627,-1.6361637426900613,-0.6644719626168245,1.3465321637426866,2.632757009345792,5.705757009345794,1.5013157894736835,2.1135093457943923,4.462728971962618,1.6918411214953286,0.5771111111111096,umag_gmag_imag,1.94,-57.842242,4.619,4.439,15.793,156.011397,13.17,8.937,1294,1,0,0,0
601,16.038,15.685,13.793,12.618,13.367,10.435,9.745,9.386,-0.5397619047619056,-1.6019883040935674,-0.8276635514018689,0.8157602339181313,1.8309439252336475,4.3580000000000005,1.2117368421052652,1.694925233644862,3.6235000000000004,1.3849999999999991,0.38496732026143926,umag_gmag_imag,3.93,-57.790982,4.643,4.131,13.778,156.088688,13.14,7.024,1303,1,0,0,0
608,16.508,16.015,14.081,12.901,13.644,10.709,10.06,9.679,-0.4195800865800884,-1.4919473684210542,-0.7146588785046744,0.9916783625730996,2.0022523364485982,4.537485981308411,1.250842105263159,1.7318364485981323,3.666042056074767,1.3883177570093457,0.3252745098039206,umag_gmag_imag,1.85,-57.755888,4.616,3.994,14.068,156.163314,13.12,7.019,1314,1,0,0,0
661,21.142,19.509,16.863,15.299,16.368,12.359,11.504,11.037,0.38445454545454427,-1.0505672514619895,0.03314485981308257,2.376590643274854,3.7978785046728962,7.1817476635514,1.7405263157894746,2.4170046728971966,5.004257009345794,1.863719626168224,0.4582026143790865,umag_gmag_rmag | umag_gmag_Hamag,4.34,-57.632952,4.389,3.776,16.855,156.64278,11.77,8.833,1430,1,0,0,1
683,20.901,19.951,17.71,16.281,17.249,13.415,12.333,11.903,-0.1074415584415589,-1.3893567251462002,-0.4262523364485995,1.4528011695906402,2.742925233644857,5.832261682242992,1.4136842105263145,2.027733644859812,4.389214953271029,1.7004018691588807,0.7166405228758163,Jmag_Hmag_Kmag,5.6,-57.30194,4.441,4.474,17.757,157.165371,13.09,8.74,1473,1,0,0,0
746,20.687,18.803,15.954,14.313,15.465,11.109,10.16,9.627,0.539666666666667,-0.9780467836257305,0.18380373831775731,2.7369298245614044,4.257710280373832,7.816691588785046,1.898947368421053,2.6227803738317754,5.345925233644859,1.9639906542056074,0.4961241830065363,umag_gmag_rmag | umag_gmag_Hamag | umag_rmag_imag | umag_rmag_Hamag | umag_imag_Hamag | gmag_rmag_imag | gmag_rmag_Hamag | gmag_imag_Hamag | rmag_imag_Hamag,2.27,-58.268023,4.308,3.826,15.966,156.400035,9.6,9.374,1626,1,0,0,1
760,12.952,13.529,12.634,12.092,12.107,10.907,10.585,10.294,-0.999316017316017,-1.4929824561403504,-1.3012897196261684,-0.3412748538011696,-0.19422429906542182,0.8787850467289698,0.5812105263157892,0.6512009345794384,1.4481448598130826,0.546205607476635,0.07474509803921459,umag_gmag_imag | umag_gmag_Hamag,4.39,-58.357683,4.552,4.769,12.656,156.446139,13.26,4.121,1671,1,1,0,0
810,18.589,18.431,17.187,16.532,16.895,15.158,15.042,14.698,-0.42899567099567315,-1.0524736842105291,-0.6243551401869187,0.6052748538011659,1.1181869158878466,2.5115981308411195,0.8647894736842097,1.1089158878504664,2.168705607476636,0.7567757009345805,-0.17628758169934622,Jmag_Hmag_Kmag,3.74,-58.614949,4.314,3.725,17.197,156.520957,15.28,4.123,1844,1,0,0,0
813,16.797,17.203,15.869,14.971,15.488,13.032,12.375,12.033,-1.035463203463202,-1.8287368421052612,-1.279528037383176,-0.16430409356724995,0.5576822429906549,2.4734579439252333,0.8141052631578947,1.1577429906542052,2.616126168224298,1.042953271028037,0.366411764705882,umag_gmag_imag | umag_gmag_Hamag,4.22,-58.619279,4.644,5.226,15.928,156.527828,15.83,6.168,1851,1,0,1,0
829,15.683,16.426,15.718,15.166,15.268,14.186,14.001,13.905,-1.0770779220779199,-1.5461578947368393,-1.3328224299065394,-0.7064385964912275,-0.4723831775700928,0.6447383177570092,0.3884210526315776,0.49982242990654085,1.3357850467289702,0.5805981308411212,0.10343137254902005,umag_gmag_imag | umag_gmag_Hamag,4.82,-58.870896,4.628,4.762,15.509,156.321857,17.67,3.653,1900,1,0,1,0
830,16.382,17.076,16.25,15.739,16.058,14.713,14.405,14.289,-1.083757575757575,-1.54623976608187,-1.212514018691588,-0.48956725146198576,-0.054616822429905204,1.0424953271028032,0.530157894736843,0.7371775700934584,1.5740140186915879,0.6004392523364476,0.20943790849673216,umag_gmag_imag,2.29,-58.874236,4.621,4.622,16.249,156.325695,18.05,3.779,1906,1,0,1,0
889,18.719,18.905,17.551,16.818,17.211,15.415,14.805,14.437,-0.8249004329004341,-1.5163099415204675,-1.0488317757009358,0.2763976608187202,0.8375327102803769,2.3931682242990613,0.929631578947373,1.1967102803738348,2.3789953271028015,0.8431869158878467,0.2973202614379077,umag_gmag_imag,6.65,-58.399934,4.587,4.216,17.546,157.21545,17.82,5.117,2077,1,0,1,0
914,19.278,19.318,17.907,17.038,17.543,15.395,14.737,14.494,-0.7057965367965401,-1.4933333333333365,-0.9440887850467325,0.31397076023391723,1.0172056074766336,2.8724299065420533,0.9078947368421069,1.242607476635515,2.655210280373832,1.0105887850467286,0.4515294117647051,umag_gmag_imag,1.64,-56.92153,4.58,4.336,17.876,158.960864,17.6,5.64,2150,1,0,1,0
936,19.969,18.793,16.112,14.622,15.659,11.604,10.749,10.274,-0.08906060606060451,-1.4827076023391785,-0.42028971962616524,2.0446023391812918,3.4167009345794446,6.645672897196263,1.8183684210526336,2.4714345794392543,4.941481308411214,1.7807476635514006,0.45140522875816746,gmag_rmag_imag,6.32,-58.037852,4.586,3.893,16.103,157.86134,13.09,9.095,2236,1,0,0,0
939,18.935,18.162,15.864,14.58,15.452,11.955,11.174,10.718,-0.3113376623376618,-1.510263157894736,-0.6073271028037379,1.5091754385964886,2.6705514018691563,5.447037383177568,1.5546315789473664,2.1074018691588763,4.229887850467288,1.528485981308412,0.39354901960784416,umag_gmag_imag,2.3,-58.037135,4.597,4.047,15.861,157.88067,13.8,8.085,2246,1,0,0,0
1042,18.311,18.364,17.315,16.723,16.999,15.704,15.47,15.012,-0.5479826839826845,-1.099017543859651,-0.7482570093457961,0.275906432748534,0.6888598130841084,1.9336448598130849,0.706263157894735,0.9028130841121479,1.8460654205607492,0.6693831775700957,-0.15515032679738572,Jmag_Hmag_Kmag,2.37,-59.496514,4.338,3.778,17.314,156.883544,16.01,3.67,2602,1,0,0,0
1061,17.641,18.055,17.053,16.45,16.724,15.42,14.956,15.151,-0.8868051948051957,-1.4370701754385982,-1.0919392523364497,-0.14547368421053064,0.26822429906541745,1.534140186915888,0.6528947368421033,0.8497990654205594,1.8085794392523376,0.6798224299065438,0.6296862745098045,Jmag_Hmag_Kmag,4.14,-59.023455,4.605,4.011,17.003,157.58245,18.52,3.972,2687,1,0,1,0
1193,19.655,19.733,18.161,17.338,17.915,15.633,15.035,14.788,-0.8197662337662327,-1.6046374269005836,-1.0039906542056074,0.49292397660818676,1.25489719626168,3.039598130841119,1.0955263157894728,1.4581962616822413,2.823705607476634,0.9847757009345793,0.38813071895424744,umag_gmag_imag,4.73,-58.269464,4.596,4.132,,159.062661,18.09,5.678,3106,1,0,1,0
1315,20.027,19.835,18.083,17.077,17.682,15.329,14.709,14.328,-0.6347012987012997,-1.5660233918128645,-0.9046214953271035,0.7203274853801238,1.5542429906542086,3.7076635514018643,1.1695789473684255,1.56649065420561,3.2075093457943895,1.1756261682242948,0.29627450980392245,umag_gmag_imag,3.09,-59.806823,4.614,3.86,18.018,157.838131,17.91,6.1,3453,1,0,1,0
1324,13.412,13.726,12.805,12.24,12.489,11.06,10.855,10.458,-0.7485844155844161,-1.2612163742690061,-0.9440607476635514,-0.08025146198830224,0.29985981308411436,1.4838317757009358,0.5938947368421068,0.7748130841121512,1.6710046728971972,0.6348130841121492,-0.1323202614379086,Jmag_Hmag_Kmag,6.68,-59.152696,4.384,4.561,12.77,158.629996,11.67,3.936,3489,1,0,0,0
1331,19.04,18.798,16.997,15.989,16.602,13.909,13.063,12.716,-0.607822510822509,-1.5485321637426874,-0.8765233644859791,0.8168947368421058,1.65907476635514,3.818682242990652,1.217421052631578,1.6182663551401855,3.2644532710280343,1.1798691588785037,0.5511633986928095,umag_gmag_imag,6.9,-60.104237,4.561,4.393,17.02,157.54278,15.46,6.839,3505,1,0,1,0
1338,20.324,19.996,18.106,17.047,16.69,15.032,14.222,13.954,-0.5638181818181773,-1.551771929824557,-1.3558971962616775,0.9298596491228059,0.8417009345794393,2.8299158878504693,1.2768947368421018,1.2349345794392494,2.6837523364485967,0.958906542056076,0.5822875816993478,umag_gmag_imag | umag_gmag_Hamag,4.91,-58.544154,4.56,4.073,18.09,159.34289,16.69,6.737,3523,1,1,1,0
1354,20.175,19.978,18.371,17.459,18.027,15.874,15.163,15.088,-0.5612813852813874,-1.4086783625731012,-0.7967336448598139,0.6946666666666701,1.4696448598130885,3.427327102803741,1.0790000000000035,1.4478598130841163,2.9410186915887877,1.0712523364485975,0.647274509803921,Jmag_Hmag_Kmag,3.3,-58.911994,4.543,3.849,18.319,159.006162,17.69,5.63,3574,1,0,1,0
1368,20.362,18.748,16.101,14.52,15.592,11.485,10.624,10.108,0.3649826839826804,-1.081040935672518,0.006504672897193586,2.3379122807017545,3.7662710280373837,7.184504672897196,1.7316842105263182,2.4115280373831802,5.0244859813084135,1.8815607476635512,0.42256862745097934,umag_gmag_rmag | umag_gmag_Hamag,4.94,-59.653848,4.352,3.865,16.101,158.210923,10.48,8.959,3612,1,0,0,1
1489,18.851,18.816,17.633,16.834,17.37,15.784,15.06,14.956,-0.5232121212121209,-1.2283801169590636,-0.7015140186915875,0.2461169590643283,0.9623738317757028,2.688252336448599,0.7204210526315791,1.0613317757009353,2.3802429906542057,0.9492803738317755,0.6356339869281039,Jmag_Hmag_Kmag,6.81,-59.542994,4.406,3.946,17.558,159.006162,16.25,4.531,4017,1,0,1,0
1501,20.114,19.909,18.088,17.127,17.2,14.816,14.208,13.748,-0.6542597402597373,-1.5683216374268985,-1.1748177570093434,0.8570643274853778,1.1628971962616808,3.078420560747666,1.2646315789473652,1.4101962616822403,2.83623831775701,0.9814672897196284,0.2171503267973855,umag_gmag_imag,7.68,-58.709342,4.517,4.47,18.038,159.9793,15.99,6.879,4057,1,1,1,0
1517,19.534,19.25,17.862,17.085,17.234,15.492,14.878,14.961,-0.3709437229437248,-1.0960292397660822,-0.742841121495327,0.72687719298246,1.0616074766355181,2.6355981308411205,0.9381578947368453,1.097476635514022,2.2757056074766355,0.8187757009345772,0.6845228758169943,Jmag_Hmag_Kmag,5.07,-57.921999,4.301,4.132,17.852,160.891827,15.06,4.97,4122,1,1,0,0
1550,18.829,18.8,17.528,16.898,17.26,15.473,15.326,14.787,-0.5712077922077932,-1.1833859649122813,-0.7553925233644855,0.5346842105263191,1.0405140186915935,2.3843457943925266,0.9072631578947394,1.1480186915887884,2.1709626168224325,0.7314953271028033,-0.31097385620914975,Jmag_Hmag_Kmag,7.03,-59.262546,4.37,3.961,17.572,159.65436,15.93,4.419,4239,1,0,1,0
1557,17.898,17.845,16.749,16.123,16.471,14.962,14.806,14.365,-0.46416017316017233,-1.0446491228070152,-0.6468411214953255,0.3875497076023431,0.8787943925233668,2.2108130841121465,0.7335789473684226,0.9673925233644867,1.9805607476635485,0.7235700934579413,-0.21870588235293964,Jmag_Hmag_Kmag,5.87,-60.179082,4.304,3.808,16.749,158.656128,14.99,3.805,4268,1,0,0,0
1580,19.945,19.622,17.698,16.635,17.305,14.507,13.689,13.404,-0.5848614718614711,-1.5809941520467818,-0.8571542056074761,0.9539941520467852,1.8650186915887843,4.149065420560744,1.3085789473684213,1.7421915887850459,3.484803738317754,1.250850467289718,0.5758431372549015,umag_gmag_imag,6.7,-60.14041,4.582,4.151,17.702,158.786913,16.38,6.931,4345,1,0,1,0
1620,20.156,19.762,18.097,17.195,17.481,15.442,14.703,14.624,-0.3916493506493518,-1.2422748538011712,-0.7678177570093465,0.9618304093567216,1.4602710280373812,3.3191682242990654,1.1427894736842092,1.3800280373831768,2.779495327102805,0.9821869158878519,0.6718758169934658,Jmag_Hmag_Kmag,5.48,-58.953733,4.411,3.953,18.054,160.223288,15.78,5.773,4457,1,1,0,0
1624,20.529,19.718,17.376,16.012,16.917,13.487,12.795,12.455,-0.29409956709956653,-1.5513040935672509,-0.6156775700934569,1.4938654970760215,2.706869158878504,5.650364485981309,1.5523157894736825,2.1296588785046717,4.378406542056075,1.6177383177570104,0.4031111111111114,umag_gmag_imag,7.63,-58.811972,4.601,3.713,17.348,160.377555,15.6,7.845,4465,1,0,0,0
1648,20.329,19.956,18.387,17.409,17.876,15.699,14.979,14.886,-0.36735064935064776,-1.2505263157894728,-0.6864392523364464,0.7523859649122793,1.4453271028037393,3.5048411214953314,1.0027894736842087,1.3326028037383173,2.893976635514021,1.1089345794392544,0.6409803921568634,Jmag_Hmag_Kmag,5.14,-60.072012,4.444,4.044,18.28,159.059847,16.31,5.845,4542,1,0,1,0
1668,20.637,19.989,18.044,16.858,17.602,14.344,13.332,12.938,-0.2697705627705631,-1.3477836257309943,-0.5678084112149535,1.1503801169590646,2.163392523364486,4.710738317757009,1.258368421052632,1.7405233644859817,3.683785046728972,1.3945981308411213,0.6772287581699332,Jmag_Hmag_Kmag,2.11,-60.100043,4.374,4.665,18.029,159.105814,13.58,7.696,4620,1,0,0,0
1678,16.419,16.95,16.371,16.017,16.129,15.469,15.362,14.921,-0.8042077922077913,-1.1257192982456128,-0.9491728971962594,-0.38259649122806727,-0.18721495327102355,0.542261682242994,0.3740526315789485,0.46704672897196453,1.0162149532710292,0.38540186915887825,-0.2677058823529424,Jmag_Hmag_Kmag,3.9,-60.539477,4.363,4.078,16.336,158.624204,16.3,2.488,4649,1,0,1,0
1716,18.068,18.13,16.738,15.788,16.337,13.831,13.056,12.706,-0.7188311688311662,-1.5548538011695872,-0.9752570093457914,0.1744444444444475,0.9402429906542078,2.9675327102803744,0.842,1.206490654205607,2.749901869158877,1.103925233644859,0.477614379084968,umag_gmag_imag,2.32,-60.199935,4.489,4.99,16.689,159.185837,14.67,6.302,4761,1,0,1,0
1742,19.56,19.308,17.557,16.679,16.191,14.859,14.177,13.884,-0.5742294372294389,-1.4237953216374286,-1.3356308411214965,0.9350233918128656,0.6752990654205615,2.269859813084113,1.242684210526317,1.1190654205607493,2.2664205607476653,0.7411775700934582,0.43304575163398795,umag_gmag_Hamag,7.14,-59.464112,4.503,4.007,17.559,160.09682,16.1,6.036,4839,1,1,1,0
1751,19.831,19.496,18.033,17.176,17.621,15.655,15.067,15.2,-0.35533333333333117,-1.1438304093567242,-0.6200233644859803,0.7555672514619833,1.3975514018691548,3.2122897196261695,0.9668421052631537,1.2724018691588748,2.6506308411214956,0.9817663551401898,0.7010065359477109,Jmag_Hmag_Kmag,3.76,-59.550473,4.365,3.813,18.001,160.027548,15.81,5.067,4866,1,0,0,0
1770,17.949,17.003,14.708,13.392,14.228,10.689,9.669,9.233,-0.13692207792207634,-1.3557485380116945,-0.4674345794392507,1.640251461988305,2.774457943925235,5.60395327102804,1.5331052631578945,2.072943925233645,4.232140186915888,1.5503925233644869,0.6495424836601305,Jmag_Hmag_Kmag,6.97,-59.013538,4.417,4.27,14.683,160.673739,10.25,8.334,4940,1,0,0,1
1774,19.433,17.787,15.15,13.687,14.746,10.951,10.154,9.736,0.4017012987013002,-0.9674502923976593,0.0970794392523382,2.503444444444443,3.890327102803738,7.072224299065422,1.7899999999999983,2.4501028037383166,4.886827102803739,1.7599158878504686,0.4418366013071908,umag_gmag_rmag | umag_gmag_Hamag | umag_rmag_imag | umag_rmag_Hamag,1.99,-59.000602,4.317,3.583,15.168,160.701155,9.92,8.205,4951,1,0,0,1
1791,20.09,19.869,18.302,17.491,17.714,16.125,15.27,15.126,-0.5184069264069263,-1.294801169590643,-0.8766401869158882,0.8015204678362579,1.2164859813084106,2.878271028037382,1.0974736842105266,1.2949813084112147,2.5436869158878497,0.873523364485981,0.7326470588235298,Jmag_Hmag_Kmag,7.24,-58.801898,4.456,3.79,18.298,160.960948,16.97,5.252,5006,1,1,1,0
1803,20.462,19.897,17.953,16.707,17.555,14.217,13.198,12.743,-0.35229870129869945,-1.468391812865494,-0.6278878504672876,0.9933976608187158,2.1221588785046737,4.816981308411212,1.2226315789473685,1.7598785046728964,3.820056074766352,1.4837570093457928,0.6323986928104577,Jmag_Hmag_Kmag,3.09,-58.306081,4.478,4.646,17.974,161.501489,14.42,7.906,5036,1,0,0,0
1804,19.713,19.37,17.905,17.132,17.496,15.768,14.978,14.804,-0.3482770562770562,-1.0835614035087715,-0.6115140186915898,0.8677426900584799,1.4104672897196238,3.0368504672897156,1.0174736842105263,1.275789719626167,2.5084485981308386,0.875056074766354,0.6421568627450994,Jmag_Hmag_Kmag,6.1,-58.850276,4.319,3.885,17.912,160.951673,15.36,4.937,5039,1,0,0,0
1826,20.332,19.808,18.256,17.344,18.289,15.928,15.282,15.354,-0.20832900432900314,-1.0466198830409337,-0.24969626168224113,0.9666666666666686,2.108074766355142,4.171457943925233,1.0240000000000002,1.567266355140187,3.166126168224298,1.1769532710280366,0.7071764705882354,Jmag_Hmag_Kmag,4.13,-58.847291,4.353,3.532,18.272,161.025999,15.99,5.037,5109,1,0,0,0
1844,20.025,19.967,18.218,17.252,17.857,15.559,15.015,14.722,-0.7672857142857138,-1.6726140350877192,-1.0167196261682239,0.6319824561403484,1.456121495327101,3.530663551401869,1.1897368421052614,1.5819953271028022,3.1645093457943925,1.1356261682243003,0.29504575163398483,umag_gmag_imag,4.39,-59.263386,4.613,3.722,18.173,160.643481,18.27,5.842,5153,1,0,1,0
1847,20.769,19.927,17.919,16.794,17.531,14.604,13.669,13.391,-0.1054978354978362,-1.1550584795321641,-0.37839252336448737,1.4815789473684193,2.4728785046728934,4.897971962616818,1.356684210526315,1.8285046728971945,3.6805841121495306,1.331635514018691,0.6987908496732009,Jmag_Hmag_Kmag,6.6,-59.706959,4.367,4.079,17.92,160.19415,14.06,7.03,5167,1,0,0,0
1874,19.811,19.471,17.915,17.053,17.438,15.317,14.598,14.634,-0.3942164502164507,-1.2012982456140346,-0.6955000000000005,0.8474853801169622,1.4323738317757015,3.240149532710277,1.0569473684210546,1.3353317757009355,2.704051401869157,0.9699439252336426,0.7495882352941167,Jmag_Hmag_Kmag,2.88,-59.959697,4.377,4.01,17.934,159.999749,15.46,5.491,5249,1,1,0,0
1879,20.914,19.445,16.985,15.544,16.58,12.751,11.851,11.369,0.30822077922078006,-1.017602339181285,0.00972429906542116,2.176204678362577,3.5353551401869168,6.6674205607476615,1.6257368421052647,2.272640186915888,4.670738317757007,1.7314672897196246,0.490457516339867,umag_gmag_Hamag,0.72,-59.179471,4.329,3.96,16.991,160.854971,11.61,8.383,5265,1,0,0,1
1884,19.919,18.585,16.129,14.526,15.66,11.376,10.325,9.773,0.175108225108225,-1.2533157894736848,-0.15583644859813117,1.8401520467836234,3.3341495327102786,6.813149532710281,1.5279473684210514,2.2390327102803727,4.90155140186916,1.9209439252336464,0.5819803921568634,rmag_imag_Hamag,5.81,-59.826344,4.384,4.366,16.046,160.183987,10.34,9.378,5279,1,0,0,1
1894,20.393,19.99,18.094,16.833,17.609,14.186,13.236,12.754,-0.491649350649347,-1.6093567251461964,-0.8097523364485939,0.7651520467836221,1.8275981308411215,4.531813084112156,1.1659473684210484,1.6716308411214928,3.733560747663554,1.4785700934579478,0.5404575163398677,umag_gmag_imag,1.98,-59.680048,4.521,4.875,18.084,160.392854,14.85,8.11,5321,1,0,1,0
1907,19.932,19.919,18.268,17.182,17.373,14.994,14.103,13.712,-0.7660432900432917,-1.7316374269005876,-1.2837943925233657,0.3430175438596448,0.7940934579439237,2.9891962616822463,1.0222631578947357,1.2369579439252338,2.8789112149532747,1.1395514018691617,0.5587777777777778,umag_gmag_imag | umag_gmag_Hamag,2.78,-59.650637,4.588,4.855,18.215,160.473833,16.73,7.093,5365,1,1,1,0
1930,19.609,18.96,16.887,15.591,16.261,12.953,12.097,11.679,-0.32916883116883033,-1.4984912280701752,-0.7257242990654202,1.1455789473684213,2.113551401869159,4.85706542056075,1.3226842105263157,1.7834018691588784,3.8668037383177585,1.4838504672897208,0.5008366013071901,umag_gmag_imag,2.65,-59.162743,4.559,4.368,16.896,161.073523,14.24,8.065,5440,1,1,0,0
1972,19.821,19.484,17.238,15.674,16.397,12.25,11.035,10.377,-0.7228008658008671,-2.0915964912280716,-1.2353504672897213,0.6805906432748561,1.7655794392523374,5.052439252336449,1.340526315789476,1.8569392523364505,4.347182242990655,1.7667102803738315,0.6559150326797389,umag_gmag_imag | Jmag_Hmag_Kmag,5.07,-59.510516,4.634,5.321,17.287,160.9027,13.59,10.138,5614,1,1,1,0
2002,15.294,16.202,15.637,15.28,15.422,14.661,14.403,14.349,-1.1746017316017334,-1.495707602339184,-1.30528971962617,-0.777245614035089,-0.5519719626168222,0.1918317757009372,0.3583157894736849,0.46553738317757143,1.0275046728971995,0.396813084112151,0.2121176470588224,umag_gmag_rmag | umag_gmag_imag | umag_gmag_Hamag,1.72,-59.18057,4.623,4.607,15.637,161.360337,18.26,2.858,5728,1,0,1,0
2007,19.69,19.367,17.504,16.305,16.914,13.717,12.89,12.444,-0.5560779220779214,-1.6288011695906432,-0.9264252336448588,0.7275672514619866,1.6125420560747665,4.147672897196266,1.1688421052631566,1.5900560747663548,3.5144813084112174,1.369747663551404,0.4480457516339872,umag_gmag_imag,1.88,-59.612416,4.563,4.742,17.506,160.928355,15.07,7.808,5751,1,1,1,0
2014,20.433,19.99,18.438,17.543,18.424,15.958,15.139,14.911,-0.28932900432900266,-1.116783625730992,-0.35463551401868953,0.9063450292397679,1.9813925233644876,3.993308411214954,1.0338421052631577,1.5455233644859812,3.1015747663551396,1.1420093457943923,0.6252745098039226,Jmag_Hmag_Kmag,1.53,-59.370887,4.331,4.074,18.447,161.209144,15.47,5.537,5782,1,0,0,0
2032,19.624,19.769,18.285,17.373,18.737,15.528,14.551,14.176,-0.8452424242424229,-1.6722748538011671,-0.6706448598130836,0.22966666666666669,1.778327102803735,3.9591869158878445,0.9559999999999989,1.6931028037383151,3.4094392523364436,1.2944299065420544,0.6583725490196082,umag_gmag_imag | Jmag_Hmag_Kmag,6.42,-59.543117,4.559,4.988,18.527,161.071843,16.96,6.435,5839,1,0,1,0
2034,16.949,16.663,14.969,13.855,14.575,11.676,10.973,10.603,-0.5133333333333323,-1.5038947368421036,-0.7775140186915876,0.6249590643274892,1.5970467289719648,3.9956822429906538,1.0490526315789488,1.5117289719626177,3.342953271028036,1.3158691588785034,0.38862091503267837,umag_gmag_imag,3.1,-59.399034,4.57,4.419,14.955,161.225755,13.44,6.878,5843,1,0,0,0
2037,19.649,19.391,17.559,16.48,16.246,13.825,13.05,12.563,-0.6064502164502124,-1.5975497076023348,-1.3438925233644827,0.7775321637426895,0.8138130841121474,2.8759532710280356,1.207315789473681,1.224584112149529,2.7371401869158842,1.013392523364486,0.36120915032679596,umag_gmag_imag | umag_gmag_Hamag,4.22,-59.55578,4.452,4.988,17.534,161.07336,13.95,7.645,5849,1,1,1,0
2038,19.891,19.958,18.453,17.594,18.048,16.277,15.562,15.44,-0.7771515151515148,-1.5738771929824544,-1.0398504672897197,0.3931345029239779,1.0443551401869138,2.8655607476635447,1.007684210526316,1.3176401869158865,2.701317757009341,0.9862897196261656,0.6113398692810474,umag_gmag_imag,4.85,-60.97133,4.604,3.781,18.481,159.515585,18.9,5.22,5850,1,0,1,0
2069,20.156,19.756,18.316,17.413,18.001,15.717,14.937,15.005,-0.27948051948052144,-1.0934912280701767,-0.49390186915887924,0.741614035087721,1.5338317757009368,3.4793738317757006,0.9172105263157916,1.2942757009345818,2.7798785046728978,1.067859813084111,0.8377777777777801,Jmag_Hmag_Kmag,6.45,-60.128437,4.307,4.324,18.3,160.549006,15.06,5.511,5949,1,0,0,0
2074,19.647,19.424,17.711,16.637,17.203,14.653,13.815,13.542,-0.5852987012987027,-1.5535087719298246,-0.9082570093457951,0.629614035087722,1.4422429906542065,3.7188224299065387,1.0912105263157916,1.477990654205609,3.207532710280372,1.2326915887850445,0.6060392156862757,umag_gmag_imag,5.14,-59.67037,4.579,4.324,17.603,161.044946,16.5,6.67,5956,1,0,1,0
2095,19.538,19.595,18.112,17.301,17.8,15.902,15.273,15.22,-0.7567705627705615,-1.5192573099415192,-0.9712757009345769,0.43952046783625953,1.1227476635514062,2.861915887850472,1.013473684210527,1.3386635514018708,2.6647523364486005,0.9509065420560754,0.5839673202614383,umag_gmag_imag,4.18,-57.997185,4.606,3.823,18.133,162.762247,18.64,5.151,6019,1,0,1,0
2104,19.278,19.247,17.681,16.701,16.805,14.53,13.904,13.582,-0.7079350649350655,-1.5918888888888894,-1.212822429906543,0.4049532163742666,0.7455607476635482,2.7072429906542026,0.9986315789473672,1.1607476635514002,2.623271028037382,1.009158878504673,0.3524052287581701,umag_gmag_imag,3.08,-59.858255,4.572,4.689,17.654,160.936769,16.42,6.582,6054,1,1,1,0
2121,19.591,19.444,18.092,17.218,18.33,15.461,14.561,14.266,-0.49095670995670804,-1.2719122807017516,-0.4204112149532693,0.435888888888893,1.7303271028037401,3.76559813084112,0.8460000000000011,1.462102803738318,3.0522056074766333,1.1857757009345777,0.6493464052287586,Jmag_Hmag_Kmag,3.43,-60.677085,4.31,4.954,18.082,160.1032,14.59,5.757,6111,1,0,1,0
2157,19.957,19.86,18.286,17.261,17.377,15.073,14.484,14.221,-0.6457099567099545,-1.5596725146198815,-1.167705607476634,0.4242163742690028,0.7874859813084084,2.8412710280373843,0.980578947368418,1.1534813084112119,2.6851869158878503,1.0575233644859834,0.3655359477124188,umag_gmag_imag,4.38,-59.748507,4.552,4.587,18.222,161.244729,16.77,6.573,6235,1,1,1,0
2161,20.041,19.818,18.438,17.575,17.887,15.691,14.892,14.699,-0.4281688311688333,-1.206748538011698,-0.760546728971964,0.5532690058479555,1.0674485981308444,2.856728971962619,0.8803684210526345,1.125098130841125,2.4748130841121525,0.9504766355140186,0.6350130718954264,Jmag_Hmag_Kmag,2.1,-60.041871,4.296,4.904,18.394,160.943122,14.81,5.761,6246,1,1,1,0
2187,19.709,19.538,18.133,17.352,16.728,15.48,14.949,14.823,-0.49196536796536905,-1.222415204678363,-1.2602616822429904,0.6260116959064349,0.21039252336448921,1.5755420560747675,0.9528421052631597,0.7550233644859837,1.7223738317757018,0.6060467289719618,0.4239411764705893,umag_gmag_Hamag,3.6,-59.7134,4.334,4.565,18.14,161.358534,15.2,5.451,6321,1,1,1,0
2211,19.182,18.924,17.071,15.745,16.683,13.072,12.107,11.567,-0.6163593073593072,-1.7683801169590652,-0.8834439252336452,0.49808771929824025,1.7338785046728926,4.611691588785047,1.0853157894736811,1.6735046728971934,3.8759252336448604,1.58899065420561,0.5061764705882359,umag_gmag_imag,6.91,-59.760242,4.602,5.026,17.023,161.357741,14.63,8.298,6391,1,0,1,0
2242,20.089,19.586,18.032,17.225,17.288,15.882,15.082,14.894,-0.2302727272727264,-1.0019649122806995,-0.6674766355140174,1.0753859649122812,1.333859813084111,2.942897196261678,1.0867894736842099,1.2098130841121482,2.4078084112149494,0.8246635514018674,0.6402614379084952,Jmag_Hmag_Kmag,5.92,-60.639041,4.304,3.643,18.039,160.479324,15.4,4.911,6474,1,1,0,0
2245,16.736,16.161,13.962,12.592,13.489,9.756,8.88,8.334,-0.46262337662337805,-1.6999766081871353,-0.7859719626168231,1.1075672514619905,2.314261682242993,5.267345794392524,1.4058421052631602,1.9801822429906564,4.2354626168224305,1.621495327102803,0.41207843137254757,umag_gmag_imag,3.46,-59.783881,4.624,4.526,13.954,161.403107,11.66,8.616,6480,1,0,0,0
2278,16.601,17.454,16.943,16.602,16.668,15.928,15.785,15.472,-1.0941212121212134,-1.3960877192982473,-1.2533457943925255,-0.7567836257309977,-0.6092897196261725,0.08165420560747408,0.3135789473684197,0.383780373831774,0.9010373831775697,0.35950467289719706,-0.12294771241830044,Jmag_Hmag_Kmag,1.13,-62.3716,4.535,4.871,16.92,158.535521,18.46,2.833,6584,1,0,1,0
2300,18.145,18.473,17.227,16.57,16.877,15.4,14.838,14.752,-0.9159393939393926,-1.541023391812864,-1.1409158878504666,0.1188421052631573,0.5778130841121475,1.9594672897196237,0.8656315789473672,1.0840841121495308,2.131098130841119,0.7430747663551398,0.48892810457516583,umag_gmag_imag,5.79,-59.118791,4.624,3.977,17.192,162.235011,18.54,4.505,6666,1,0,1,0
2319,14.907,14.96,13.477,12.501,13.108,10.554,9.899,9.574,-0.7527705627705638,-1.6204327485380132,-0.9963084112149541,0.24281871345029127,1.0713457943925233,3.166168224299067,0.9179473684210527,1.3122943925233652,2.909995327102806,1.1461869158878517,0.3788562091503286,umag_gmag_imag,2.2,-60.008171,4.617,4.622,13.482,161.382713,13.05,6.276,6720,1,0,0,0
2325,20.031,19.966,18.386,17.475,17.783,15.485,14.884,14.394,-0.6805411255411287,-1.5228304093567269,-1.0469018691588805,0.5368830409356751,1.0589065420560764,2.9417196261682212,1.0525789473684242,1.301042056074769,2.7198411214953264,0.9973551401869136,0.1846601307189532,umag_gmag_imag,1.48,-60.116962,4.506,4.545,18.36,161.28739,16.64,6.262,6738,1,1,1,0
2346,18.752,19.24,18.07,17.406,17.675,15.74,15.293,14.73,-1.0400779220779208,-1.6570409356725138,-1.2851261682242971,-0.12567251461988604,0.2980747663551393,1.6828785046728996,0.7855789473684185,0.9872663551401853,2.0338644859813093,0.7394205607476656,-0.031366013071893406,umag_gmag_imag | umag_gmag_Hamag,5.41,-60.491864,4.59,5.171,18.085,160.965388,18.11,5.32,6815,1,0,1,0
2368,20.667,19.974,18.156,17.098,17.713,15.135,14.238,13.941,-0.16484415584415502,-1.1402397660818704,-0.4586308411214932,1.2240760233918162,2.0804205607476685,4.339186915887855,1.2054736842105278,1.613060747663554,3.3329392523364514,1.2304299065420565,0.6446470588235307,Jmag_Hmag_Kmag,6.18,-58.366535,4.331,4.119,18.112,163.183396,14.4,6.449,6908,1,0,0,0
2372,19.326,19.216,17.891,17.121,17.128,15.607,14.836,14.661,-0.515216450216452,-1.225409356725148,-0.9535140186915896,0.49839181286550005,0.6933925233644902,2.2137663551401907,0.8792105263157926,0.972023364485985,2.100200934579443,0.7719626168224298,0.6223071895424821,Jmag_Hmag_Kmag,4.02,-60.40344,4.351,4.422,17.918,161.159966,15.42,5.126,6931,1,1,1,0
2377,18.913,19.117,17.864,17.017,17.298,15.421,14.794,14.741,-0.7952424242424249,-1.5425964912280714,-1.1305000000000018,0.018730994152044822,0.4988691588785018,2.247906542056074,0.7626315789473679,0.9911588785046719,2.3087803738317763,0.925785046728973,0.5819673202614362,umag_gmag_imag,3.03,-59.725237,4.6,4.517,17.657,161.877778,17.98,5.381,6942,1,0,1,0
2398,19.808,19.826,18.263,17.407,17.25,15.488,14.95,14.453,-0.7555194805194806,-1.5599356725146207,-1.3300747663551409,0.5037836257309904,0.5604018691588752,2.2043831775700933,1.0674210526315768,1.0943691588785027,2.30235046728972,0.8119813084112166,0.11571241830065399,umag_gmag_imag | umag_gmag_Hamag,4.45,-60.107154,4.531,4.452,18.239,161.560639,17.04,6.039,7032,1,1,1,0
2403,20.545,19.899,17.818,16.453,17.141,13.689,12.887,12.356,-0.3359437229437219,-1.5505730994152045,-0.7587757009345797,1.0666491228070158,2.068981308411212,4.953607476635515,1.2907368421052616,1.7678084112149515,3.9571775700934584,1.5578971962616839,0.35082352941176387,umag_gmag_imag,5.64,-60.149631,4.568,4.463,17.731,161.535914,15.01,8.337,7052,1,1,0,0
2421,19.823,19.928,18.641,17.864,18.171,16.114,15.144,14.887,-0.7122857142857159,-1.4206491228070177,-0.9999205607476646,0.23687719298246157,0.7251775700934613,2.343467289719624,0.8371578947368462,1.069570093457947,2.2920981308411204,0.8630747663551372,0.7516339869281055,Jmag_Hmag_Kmag,6.94,-60.084778,4.411,5.228,18.741,161.649855,16.11,5.828,7100,1,1,1,0
2461,20.563,19.935,18.357,17.419,18.031,15.791,15.508,14.862,-0.11659740259740214,-0.9757660818713436,-0.3417943925233641,1.065040935672516,1.889140186915887,3.9104299065420522,1.0349473684210528,1.4271869158878496,2.9707102803738286,1.1095887850467274,-0.26588888888888673,Jmag_Hmag_Kmag,5.27,-59.47463,4.306,3.645,18.392,162.418278,15.46,5.19,7252,1,0,0,0
2463,18.132,18.262,17.226,16.691,16.862,15.848,15.218,15.288,-0.6188484848484844,-1.1313976608187133,-0.8430841121495326,0.2552397660818737,0.5522056074766373,1.655149532710282,0.7262631578947382,0.8676074766355151,1.69805140186916,0.5829439252336448,0.6894771241830076,Jmag_Hmag_Kmag,7.16,-58.470408,4.355,3.821,17.407,163.392714,16.16,3.615,7260,1,1,1,0
2490,18.001,17.978,16.812,16.092,16.546,14.189,14.204,13.826,-0.5271904761904767,-1.179187134502926,-0.7063831775700947,0.31321052631578683,0.9304579439252321,2.4775607476635546,0.7491578947368411,1.0429439252336445,2.223317757009349,0.8472897196261708,-0.3361764705882359,Jmag_Hmag_Kmag,1.26,-58.97423,4.31,4.642,16.791,162.972767,14.2,4.764,7336,1,0,0,0
2506,20.24,19.916,18.203,17.294,17.928,15.761,15.013,14.961,-0.48429870129870356,-1.347333333333335,-0.6885794392523379,0.9313157894736848,1.7697102803738323,3.7399813084112132,1.1867368421052649,1.5857803738317773,3.093056074766355,1.0867570093457934,0.7038169934640519,Jmag_Hmag_Kmag,6.33,-58.800812,4.528,3.62,18.25,163.185596,17.45,5.573,7383,1,0,1,0
2517,16.409,16.985,16.032,15.448,15.745,14.396,13.974,13.821,-1.025683982683983,-1.5557251461988302,-1.2075887850467295,-0.33336257309941575,0.09804672897196076,1.332943925233642,0.6148947368421049,0.8202289719626159,1.7576682242990636,0.6672710280373825,0.29200000000000026,umag_gmag_imag,2.27,-59.723857,4.626,4.425,15.966,162.327136,17.67,4.064,7409,1,0,1,0
2557,16.428,16.871,15.822,15.178,15.529,13.791,13.385,13.305,-0.9379826839826815,-1.5221637426900547,-1.1265420560747634,-0.17734502923976225,0.32121495327103045,1.6895700934579427,0.6761578947368426,0.9134532710280372,1.9537897196261653,0.7424112149532691,0.3380261437908502,umag_gmag_imag,2.66,-59.829684,4.613,4.469,15.848,162.356656,16.91,4.487,7531,1,0,1,0
2602,16.372,16.329,14.754,13.676,14.382,11.335,10.509,10.062,-0.7001818181818193,-1.6480935672514627,-0.948696261682244,0.3067485380116972,1.2564299065420566,3.580149532710279,0.9508947368421068,1.402906542056076,3.177551401869159,1.2759439252336442,0.4461960784313723,umag_gmag_imag,1.22,-60.440569,4.514,5.138,14.751,161.905482,12.18,7.199,7688,1,0,0,0
2603,20.417,19.07,16.399,14.675,15.905,11.356,10.232,9.6,0.08665800865801043,-1.4544912280701734,-0.26507943925233524,1.920970760233919,3.537850467289719,7.2823738317757,1.6728947368421045,2.442467289719625,5.3088785046728955,2.068859813084112,0.5870065359477133,umag_imag_Hamag | gmag_imag_Hamag | rmag_imag_Hamag,5.29,-60.409997,4.509,4.318,16.371,161.942624,11.4,10.133,7689,1,0,0,0
2669,18.682,18.735,17.248,16.332,16.884,14.674,14.07,13.914,-0.7546580086580086,-1.584736842105263,-0.995799065420561,0.31980116959064064,1.0802056074766324,3.0412897196261657,0.956684210526314,1.318607476635512,2.8131308411214935,1.0707663551401871,0.4714509803921556,umag_gmag_imag,3.42,-58.906195,4.631,4.15,17.223,163.661619,17.6,5.667,7906,1,0,1,0
2780,17.102,17.36,16.556,16.024,16.242,15.353,15.368,15.152,-0.6373766233766218,-1.1096023391812846,-0.8274485981308394,-0.1011111111111116,0.24080373831775642,1.3510093457943917,0.4959999999999985,0.6587383177570079,1.4979719626168209,0.5931214953271028,-0.19852941176470734,Jmag_Hmag_Kmag,5.27,-62.031908,4.395,3.266,16.51,160.855955,16.58,2.809,8238,1,0,0,0
2798,17.483,17.546,16.535,16.043,16.31,15.1,14.927,14.5,-0.5400519480519465,-1.021052631578946,-0.6925514018691579,0.34954385964912227,0.7293084112149524,1.7743738317757014,0.7261578947368409,0.9069112149532697,1.7013785046728969,0.5668598130841129,-0.18981045751633946,Jmag_Hmag_Kmag,3.72,-60.939897,4.302,3.692,16.562,162.127995,15.21,3.324,8299,1,0,0,0
2814,20.637,19.916,18.247,17.352,17.907,16.029,15.207,15.134,-0.06653679653679656,-0.9133625730994148,-0.30227570093457934,1.3013450292397675,2.0595327102803744,3.980046728971962,1.1508421052631586,1.5117102803738325,2.976359813084112,1.0506074766355136,0.7599738562091491,Jmag_Hmag_Kmag,6.8,-58.887118,4.308,3.374,18.3,164.19436,15.61,4.983,8338,1,0,0,0
2825,19.458,19.817,18.425,17.617,18.108,15.82,15.35,15.176,-1.0158311688311703,-1.7613391812865509,-1.2294719626168238,0.05016959064327298,0.7248878504672873,2.455897196261679,0.9242105263157891,1.245350467289719,2.564808411214952,0.945663551401869,0.32215686274509914,umag_gmag_imag,7.49,-59.547939,4.63,4.707,18.396,163.642931,18.69,5.709,8379,1,0,1,0
2832,20.325,19.545,17.575,16.449,17.612,14.211,13.274,12.983,-0.149567099567103,-1.1934736842105285,-0.20456542056075155,1.3803625730994185,2.785962616822429,5.332467289719619,1.3181052631578987,1.9871168224299085,3.960098130841119,1.452074766355137,0.6897450980392181,Jmag_Hmag_Kmag,4.24,-60.158524,4.357,4.195,17.574,163.130476,13.56,7.06,8426,1,0,0,0
2845,17.215,17.474,16.71,16.197,16.501,15.346,14.821,14.963,-0.6195021645021646,-1.0729941520467845,-0.754593457943925,-0.11900000000000288,0.3018598130841116,1.398710280373835,0.4669999999999984,0.6673130841121491,1.5028691588785072,0.5982336448598153,0.6456535947712417,Jmag_Hmag_Kmag,4.14,-58.137293,4.303,4.392,16.765,165.047287,15.35,3.247,8469,1,0,0,0
2901,19.191,19.098,17.762,17.024,17.381,15.837,15.143,15.086,-0.5374069264069257,-1.2290233918128641,-0.7815467289719619,0.5313157894736835,1.0586822429906526,2.6140841121495297,0.908736842105262,1.159742990654204,2.3392476635513995,0.8380934579439246,0.6455686274509791,Jmag_Hmag_Kmag,5.4,-61.348944,4.415,3.776,17.766,162.137694,16.49,4.611,8615,1,0,1,0
2904,19.805,19.338,17.836,16.994,17.525,15.37,15.154,14.654,-0.24173593073593302,-1.0271286549707621,-0.4564439252336471,0.9448128654970789,1.6667196261682256,3.4759906542056056,1.0145263157894768,1.3581261682243015,2.738528037383178,0.9908785046728956,-0.20883660130719017,Jmag_Hmag_Kmag,4.18,-60.2238,4.297,3.726,17.84,163.29339,15.08,4.932,8618,1,0,0,0
2941,16.219,16.59,15.775,15.361,15.523,14.683,14.577,14.242,-0.755567099567098,-1.1543976608187116,-0.9144719626168211,-0.05957894736841973,0.1990654205607479,1.0608785046728966,0.5753157894736839,0.6984205607476628,1.349364485981307,0.45942056074766296,-0.17864052287581628,Jmag_Hmag_Kmag,5.25,-61.950745,4.399,3.524,15.793,161.634801,15.87,2.823,8729,1,0,0,0
2960,16.884,17.314,16.177,15.488,15.814,14.033,13.302,13.118,-0.9665064935064934,-1.5939415204678362,-1.1940186915887847,-0.13108187134502836,0.3541775700934592,1.804261682242992,0.7381052631578953,0.9690700934579446,2.068214953271029,0.7804018691588788,0.5746601307189547,umag_gmag_imag,5.29,-57.514154,4.571,4.961,16.185,165.92584,16.15,5.129,8789,1,0,1,0
3003,19.165,19.243,17.997,17.263,17.784,15.736,15.531,15.127,-0.6659393939393926,-1.340105263157892,-0.8211355140186907,0.2751812865497093,0.9609719626168208,2.55446728971962,0.8210526315789471,1.1474626168224282,2.367098130841116,0.8800747663551376,-0.13826797385620898,Jmag_Hmag_Kmag,2.8,-61.057335,4.478,4.165,18.037,162.810673,17.17,4.848,8895,1,0,1,0
3038,20.431,19.79,18.171,17.238,17.668,16.222,15.307,15.479,-0.12294372294372102,-0.9857134502923954,-0.43983177570093246,1.1251228070175459,1.7711028037383194,3.7315046728971972,1.0788421052631578,1.3863037383177568,2.8714859813084104,1.0535607476635511,1.061143790849673,Jmag_Hmag_Kmag,3.72,-58.411409,4.361,3.225,18.006,165.427892,16.17,4.861,9008,1,0,0,0
3086,18.594,18.8,17.452,16.754,17.156,15.622,15.202,15.007,-0.8420692640692631,-1.51017543859649,-1.0433644859813087,0.2929707602339173,0.8542990654205574,2.343439252336445,0.943894736842104,1.2110654205607454,2.3446822429906518,0.8107102803738315,0.2543137254901958,umag_gmag_imag,4.12,-60.985065,4.628,3.586,17.467,163.191524,18.93,4.423,9139,1,0,1,0
3093,17.464,17.68,16.795,16.308,16.587,15.605,15.23,15.563,-0.6335974025974027,-1.09054970760234,-0.772714953271029,0.07662573099414682,0.46683177570092965,1.505401869158877,0.6030526315789444,0.7887757009345766,1.5792943925233642,0.5652242990654224,0.6579411764705884,Jmag_Hmag_Kmag,2.9,-58.980405,4.365,3.458,16.793,165.102406,16.37,2.999,9158,1,0,0,0
3108,18.881,19.178,17.818,17.09,17.631,15.502,15.175,14.876,-0.938731601731602,-1.6279473684210537,-1.0849579439252344,0.1774795321637399,0.8812429906542034,2.4685140186915895,0.9385263157894723,1.2734906542056064,2.489957943925235,0.8796822429906559,0.07294771241829956,umag_gmag_imag,7.48,-61.093549,4.63,4.267,17.847,163.118564,18.64,5.137,9177,1,0,1,0
3118,12.496,13.738,13.861,13.898,13.775,14.243,14.347,14.412,-1.1839610389610375,-1.1400116959064317,-1.2231542056074753,-1.319994152046785,-1.4485887850467294,-1.5560373831775685,-0.10157894736842273,-0.1627850467289732,-0.25138785046728934,-0.07148598130841007,-0.04877124183006348,umag_gmag_rmag | umag_rmag_imag | umag_rmag_Hamag | umag_imag_Hamag | gmag_rmag_imag | gmag_rmag_Hamag | gmag_imag_Hamag | rmag_imag_Hamag,1.29,-58.357771,4.477,2.668,13.854,165.686661,16.93,0.305,9201,1,0,1,0
3188,19.015,19.123,17.869,17.23,17.637,15.857,15.114,15.093,-0.6997142857142868,-1.3146491228070183,-0.8648878504672904,0.3687368421052649,0.9205046728971977,2.2947009345794394,0.8840526315789492,1.1466728971962634,2.1953971962616827,0.7531121495327097,0.7251568627450959,Jmag_Hmag_Kmag,6.44,-59.726453,4.422,4.325,17.9,164.677951,16.52,4.75,9383,1,0,1,0
3231,18.005,18.105,17.078,16.583,16.821,15.895,15.279,15.288,-0.5846017316017335,-1.070163742690061,-0.7540000000000008,0.3248947368421038,0.6772056074766373,1.7200560747663596,0.7404210526315794,0.908107476635516,1.6988317757009388,0.5617289719626187,0.6236470588235293,Jmag_Hmag_Kmag,7.03,-59.572917,4.346,3.426,17.103,164.957524,16.3,3.227,9497,1,0,0,0
3292,20.418,19.89,18.29,17.355,17.931,15.706,14.988,14.869,-0.22697835497835683,-1.0878771929824573,-0.4698084112149542,0.9906900584795342,1.7790654205607497,3.7843457943925225,1.0586842105263181,1.4339205607476657,2.9629626168224306,1.0964953271028026,0.616888888888889,Jmag_Hmag_Kmag,3.68,-60.927931,4.34,3.889,18.332,163.906522,15.43,5.532,9676,1,0,0,0
3389,18.804,19.15,18.01,17.426,17.923,15.875,15.182,15.11,-0.8839220779220766,-1.4449239766081872,-0.9709672897196263,0.08363742690057807,0.7094392523364423,2.000411214953271,0.8018947368421006,1.0997523364485937,2.093266355140187,0.7233457943925266,0.6318235294117636,Jmag_Hmag_Kmag,7.69,-59.949834,4.439,5.066,17.972,165.164096,16.61,4.937,9938,1,0,1,0
3513,20.44,19.399,17.163,15.969,16.783,13.702,12.743,12.459,-0.014082251082250918,-1.1453742690058482,-0.29144859813084034,1.8246491228070179,2.9076542056074786,5.490401869158882,1.5447368421052634,2.060205607476637,4.034794392523367,1.422224299065422,0.7176928104575154,Jmag_Hmag_Kmag,3.03,-59.93631,4.374,3.785,17.201,165.465308,13.25,7.268,10239,1,0,0,0
3559,18.046,18.18,17.13,16.538,16.798,15.855,15.896,15.218,-0.6294545454545462,-1.1806549707602338,-0.8379158878504682,0.19590643274854003,0.5933084112149529,1.8336074766355106,0.7072631578947384,0.8964112149532715,1.8351775700934558,0.6648971962616804,-0.61707843137255,Jmag_Hmag_Kmag,5.44,-58.733671,4.476,3.066,17.135,166.558234,17.74,3.26,10316,1,0,1,0
3662,18.36,18.402,17.38,16.843,17.102,15.763,15.631,15.11,-0.5242424242424267,-1.035748538011698,-0.7041495327102821,0.32680701754386143,0.7097943925233663,1.8413551401869157,0.7111052631578973,0.8933925233644886,1.7514345794392536,0.6096168224299057,-0.3106797385620924,Jmag_Hmag_Kmag,3.06,-62.352735,4.3,3.882,17.384,163.398042,15.81,3.55,10534,1,0,0,0
3815,17.284,17.703,16.662,16.023,16.369,15.061,14.632,14.526,-0.9102077922077928,-1.4898771929824564,-1.0984672897196264,-0.155263157894736,0.3372149532710287,1.6943084112149525,0.6710526315789482,0.9054532710280381,1.93707476635514,0.7360093457943919,0.3389346405228762,umag_gmag_imag,4.39,-59.24446,4.628,3.895,16.667,166.532962,18.43,3.979,10795,1,0,1,0
3924,19.573,18.638,16.222,14.691,15.767,11.618,10.571,10.074,-0.20501731601731743,-1.5809239766081888,-0.5273317757009366,1.4887309941520457,2.9087570093457917,6.229514018691587,1.5296315789473685,2.205509345794392,4.7464579439252335,1.8326822429906544,0.6247124183006543,umag_gmag_imag | Jmag_Hmag_Kmag,3.81,-61.641706,4.594,4.406,16.254,164.702867,12.91,9.352,11045,1,0,0,0
3953,20.819,19.986,18.027,16.931,17.761,14.752,13.87,13.56,-0.09137662337662467,-1.1143391812865509,-0.30029439252336654,1.4588538011695888,2.53345794392523,4.927439252336445,1.324473684210526,1.8359439252336438,3.6716822429906526,1.3287102803738313,0.6186013071895451,Jmag_Hmag_Kmag,5.89,-59.371057,4.319,4.123,18.18,166.850416,13.85,6.823,11111,1,0,0,0
4014,14.729,14.698,13.186,12.265,12.736,10.577,10.027,9.673,-0.6824545454545468,-1.5198596491228078,-0.9683364485981317,0.4227192982456143,1.1056168224299066,3.053850467289718,0.9787894736842114,1.3038224299065428,2.782948598130841,1.0530560747663547,0.24921568627451124,umag_gmag_imag,2.73,-61.046592,4.61,4.151,13.167,165.553854,13.19,5.76,11249,1,0,0,0
4022,18.728,18.634,17.465,16.824,17.085,15.824,15.166,15.126,-0.4576060606060596,-1.0597426900584774,-0.6949766355140171,0.48330409356725545,0.8936542056074794,2.230859813084111,0.7978947368421068,0.9932056074766364,2.0039205607476616,0.714177570093456,0.6240130718954235,Jmag_Hmag_Kmag,5.98,-59.51277,4.313,3.758,17.469,166.909961,15.69,3.945,11263,1,0,0,0
4024,18.776,18.643,17.46,16.807,17.14,15.614,15.405,14.958,-0.42521212121212193,-1.0373157894736862,-0.6325467289719634,0.5217076023391777,1.0049719626168212,2.386028037383181,0.8049473684210513,1.0349626168224297,2.083415887850471,0.7463644859813112,-0.17080392156862528,Jmag_Hmag_Kmag,1.16,-59.490463,4.306,3.721,17.499,166.9294,15.6,3.97,11265,1,0,0,0
4073,20.234,19.735,18.167,17.24,17.798,15.737,15.046,15.091,-0.24087878787878447,-1.0913801169590625,-0.48760280373831577,0.9394210526315756,1.7083457943925204,3.69280373831776,1.0313157894736804,1.3972943925233607,2.9095887850467297,1.0834485981308442,0.7292352941176478,Jmag_Hmag_Kmag,4.86,-61.304076,4.358,3.658,18.152,165.513474,15.76,5.226,11397,1,0,0,0
4111,18.622,18.297,16.647,15.63,16.304,13.466,12.566,12.276,-0.4535714285714302,-1.3750175438596495,-0.6901261682243007,0.7379473684210571,1.6416168224299081,3.8360747663551362,1.0612105263157932,1.4913224299065442,3.1677757009345777,1.2059719626168195,0.653594771241828,Jmag_Hmag_Kmag,4.17,-59.377164,4.373,4.72,16.663,167.348254,13.01,6.692,11502,1,0,0,0
4149,18.552,19.124,18.179,17.448,17.917,15.92,15.502,14.984,-1.0179090909090902,-1.6403274853801149,-1.1867803738317733,-0.5161695906432712,0.11834579439252757,1.6913457943925239,0.5217894736842119,0.8237943925233663,2.0244626168224293,0.8624953271028022,-0.022130718954249617,umag_gmag_imag,4.13,-59.966185,4.634,5.298,18.075,167.032262,18.96,5.026,11594,1,0,1,0
4179,18.303,17.636,15.52,14.228,15.091,11.731,10.968,10.548,-0.33145887445887257,-1.5053508771929804,-0.6292850467289701,1.2114444444444463,2.366028037383179,5.155766355140187,1.3679999999999999,1.9175373831775697,4.049200934579439,1.5339626168224296,0.4061372549019608,umag_gmag_imag,1.83,-60.983064,4.608,4.109,15.524,166.279439,13.78,7.792,11665,1,0,0,0
4227,19.891,19.89,18.244,17.271,17.825,15.584,15.162,14.723,-0.7756839826839853,-1.6684210526315808,-1.0507990654205634,0.4634678362573099,1.2397476635514,3.3137943925233597,1.0826842105263172,1.4521635514018698,3.0306168224299053,1.128327102803737,0.04899346405228644,umag_gmag_imag,6.09,-60.772619,4.629,3.836,18.166,166.623107,18.55,5.755,11762,1,0,1,0
4252,17.061,17.689,16.827,16.233,16.574,15.369,14.831,14.77,-1.034744588744588,-1.5560935672514615,-1.1959205607476626,-0.4885263157894768,-0.011906542056076608,1.2550467289719633,0.5181052631578924,0.744957943925232,1.7093598130841126,0.6896074766355156,0.48616993464052316,umag_gmag_imag,4.54,-61.771855,4.635,4.48,16.834,165.788608,18.69,3.904,11810,1,0,1,0
4261,20.496,19.87,18.188,17.169,17.837,15.626,14.872,14.773,-0.16767099567099897,-1.0956900584795346,-0.40950000000000264,1.068514619883043,1.9668411214953279,4.163560747663548,1.0920526315789507,1.5196214953271054,3.197317757009346,1.2062897196261664,0.6698823529411759,Jmag_Hmag_Kmag,7.48,-60.963564,4.43,3.603,18.16,166.553944,16.2,5.637,11834,1,0,0,0
4352,18.698,18.95,17.69,16.932,17.343,15.85,15.362,15.369,-0.8465454545454525,-1.538327485380116,-1.0705186915887834,0.0859883040935634,0.6707289719626148,2.2807102803738353,0.8211578947368386,1.09947196261682,2.3233691588785064,0.8732336448598161,0.49394771241829993,umag_gmag_imag,5.72,-62.245085,4.632,3.694,17.663,165.601761,19.17,4.429,12001,1,0,1,0
4412,18.131,17.982,16.79,16.068,16.502,14.836,14.668,14.302,-0.4134588744588735,-1.0710350877192958,-0.6048317757009337,0.46277777777778184,1.0610747663551412,2.6065140186915845,0.7740000000000016,1.058766355140187,2.2364579439252297,0.8436822429906513,-0.14298039215686137,Jmag_Hmag_Kmag,5.18,-61.362761,4.329,3.631,16.811,166.586156,15.07,4.053,12115,1,0,0,0
4468,19.394,18.85,17.093,16.112,16.627,14.333,13.481,13.338,-0.2850606060606097,-1.2012748538011744,-0.5882757009345836,1.1077368421052598,1.848065420560745,3.926953271028038,1.189052631578948,1.5414205607476645,3.1206401869158915,1.125392523364488,0.7304967320261435,Jmag_Hmag_Kmag,5.4,-60.254481,4.378,3.887,17.091,167.60802,14.25,6.0,12204,1,0,0,0
4502,19.911,18.399,15.642,14.021,15.111,10.976,10.072,9.548,0.21107792207792198,-1.278654970760233,-0.16272897196261615,2.2972573099415246,3.752887850467293,7.255046728971963,1.8185263157894762,2.5113504672897218,5.187859813084112,1.9266074766355126,0.45877124183006784,gmag_rmag_imag | gmag_rmag_Hamag | gmag_imag_Hamag | rmag_imag_Hamag,1.62,-61.173722,4.505,3.816,15.603,166.931203,11.43,9.336,12272,1,0,0,1
4568,18.492,18.358,17.141,16.519,16.84,15.449,14.857,14.894,-0.4402554112554119,-1.0382280701754394,-0.6391869158878503,0.5944152046783655,1.058439252336453,2.3750000000000044,0.8568947368421077,1.0777523364486012,2.0775000000000032,0.7120000000000003,0.6234379084967332,Jmag_Hmag_Kmag,7.2,-60.171624,4.311,3.635,17.153,167.937181,15.41,3.916,12409,1,0,0,0
4572,18.811,18.919,17.442,16.54,16.877,14.806,14.061,13.871,-0.8049393939393945,-1.6244385964912293,-1.1480841121495338,0.27183040935672387,0.8198411214953257,2.6930373831775705,0.9547894736842103,1.2156214953271025,2.6293878504672907,0.9964859813084121,0.5835620915032677,umag_gmag_imag,4.97,-61.181542,4.62,4.493,17.452,167.096289,17.36,5.964,12416,1,1,1,0
4583,19.44,19.54,18.096,17.208,17.753,15.746,15.256,14.83,-0.7813679653679627,-1.5864795321637408,-1.0102009345794363,0.26385964912280646,1.010616822429908,2.9145233644859863,0.9298947368421034,1.285322429906541,2.7369299065420583,1.0408037383177593,0.12803921568627463,umag_gmag_imag,4.68,-60.654559,4.627,4.007,18.097,167.562572,18.66,5.373,12431,1,0,1,0
4623,20.473,19.972,18.429,17.526,18.141,15.754,15.389,14.784,-0.22708225108225466,-1.0581461988304124,-0.431612149532714,0.9456140350877216,1.7640747663551406,3.717186915887847,1.0202105263157932,1.4097663551401896,2.902939252336449,1.0754299065420543,-0.14905228758169786,Jmag_Hmag_Kmag,2.23,-61.232161,4.295,4.055,18.462,167.186543,15.16,5.453,12516,1,0,0,0
4635,20.208,18.714,16.203,14.76,15.75,12.28,11.491,11.071,0.3091558441558444,-1.0263859649122797,-0.015700934579438552,2.2497719298245613,3.564700934579439,6.687813084112149,1.6755789473684206,2.3014345794392517,4.689560747663551,1.7205700934579435,0.4321372549019606,umag_gmag_Hamag,1.69,-60.967764,4.367,3.534,16.211,167.455393,11.76,7.859,12548,1,0,0,1
4660,16.594,17.291,16.458,15.957,15.898,15.259,14.862,14.856,-1.0900606060606062,-1.5473274853801158,-1.4065186915887844,-0.47340350877192405,-0.4082990654205566,0.5631121495327094,0.542947368421056,0.573934579439255,1.2901635514018681,0.484457943925231,0.3919019607843138,umag_gmag_imag | umag_gmag_Hamag,4.12,-60.982087,4.639,4.162,16.366,167.514078,18.81,3.45,12599,1,1,1,0
4732,15.452,15.43,13.937,12.993,13.588,11.27,10.714,10.397,-0.6824891774891774,-1.5314093567251454,-0.9162149532710279,0.3667426900584816,1.1757850467289725,3.204140186915886,0.9464736842105272,1.331546728971963,2.879079439252335,1.1108224299065408,0.2866535947712409,umag_gmag_imag,1.79,-61.280607,4.618,4.195,13.95,167.483547,13.98,5.806,12737,1,0,0,0
4751,18.938,18.603,17.264,16.449,16.962,15.214,14.966,14.494,-0.29682251082251454,-1.0380175438596515,-0.5008364485981343,0.6826549707602364,1.3804672897196262,3.1314485981308358,0.8671578947368457,1.1992897196261707,2.535154205607475,0.9588317757009318,-0.15304575163398537,Jmag_Hmag_Kmag,6.4,-60.776246,4.323,3.48,17.29,167.941866,15.26,4.335,12763,1,0,0,0
4819,17.793,17.781,16.788,16.191,16.603,15.409,15.337,15.079,-0.4565584415584404,-1.001508771929824,-0.5880093457943906,0.2788245614035063,0.8251869158878508,2.1179626168224335,0.6473684210526294,0.9074158878504665,1.896112149532712,0.7125140186915908,-0.14721568627450807,Jmag_Hmag_Kmag,2.43,-60.772947,4.33,3.178,16.746,168.059236,15.92,3.112,12881,1,0,0,0
4884,17.16,16.758,14.909,13.768,14.488,11.678,11.048,10.694,-0.4704718614718596,-1.5039064327485356,-0.7542149532710265,0.8631169590643273,1.8418037383177555,4.293682242990652,1.1884210526315775,1.6542383177570072,3.5249532710280347,1.3428691588785044,0.3292156862745113,umag_gmag_imag,2.23,-61.33848,4.621,4.003,14.899,167.734283,14.21,6.763,12992,1,0,0,0
4904,20.559,19.781,18.071,17.125,17.725,15.605,14.992,15.053,-0.02888311688311329,-0.915005847953213,-0.2692149532710242,1.337309941520466,2.1517009345794387,4.1854018691588815,1.1623157894736806,1.5499345794392496,3.1017943925233644,1.1142242990654225,0.6648300653594766,Jmag_Hmag_Kmag,5.24,-60.992319,4.313,3.395,18.097,168.053526,15.32,5.187,13019,1,0,0,0
4934,18.875,18.786,17.659,16.936,17.451,15.817,15.25,15.323,-0.4427878787878813,-1.0902397660818735,-0.5909766355140204,0.3365614035087745,1.0138317757009372,2.583953271028038,0.7084210526315821,1.0307757009345826,2.23264018691589,0.8673925233644851,0.6290261437908502,Jmag_Hmag_Kmag,5.21,-61.097538,4.324,3.884,17.637,168.026888,15.8,4.11,13065,1,0,0,0
4958,19.378,19.006,17.567,16.893,16.365,15.657,15.059,15.142,-0.30700865800865806,-0.9748830409356721,-0.9731822429906549,0.9911637426900592,0.6427009345794379,1.8237663551401837,1.048789473684211,0.8829345794392517,1.7207009345794373,0.5259626168224287,0.6685228758169943,Jmag_Hmag_Kmag,5.2,-61.169993,4.298,3.369,17.496,168.013911,15.54,4.194,13101,1,1,0,0
4965,15.102,14.952,13.355,12.347,12.997,10.419,9.755,9.413,-0.6035627705627699,-1.5104970760233916,-0.8457710280373827,0.5208947368421044,1.3990373831775695,3.569018691588786,1.013421052631578,1.4313831775700927,3.0879439252336454,1.1902429906542067,0.37341176470588167,umag_gmag_imag,1.31,-61.363055,4.58,4.329,13.416,167.88217,12.45,6.327,13117,1,0,0,0
5000,20.751,19.939,18.161,17.066,17.854,15.134,14.331,14.117,-0.02696969696969509,-1.0193274853801162,-0.2499859813084102,1.2580701754385937,2.291607476635512,4.67184112149533,1.1440526315789448,1.6359766355140164,3.45847663551402,1.3159345794392547,0.6211699346405248,Jmag_Hmag_Kmag,3.16,-61.242673,4.335,3.917,18.165,168.105039,14.62,6.238,13206,1,0,0,0
5107,20.564,19.048,16.231,14.536,15.736,11.374,10.344,9.708,0.18676623376623724,-1.3600701754385933,-0.17095327102803393,2.271245614035084,3.8518785046728947,7.530803738317759,1.8356842105263114,2.5880046728971924,5.403588785046728,2.0314485981308437,0.4896078431372568,umag_rmag_Hamag | umag_imag_Hamag | gmag_rmag_imag | gmag_rmag_Hamag | gmag_imag_Hamag | rmag_imag_Hamag,5.03,-61.129503,4.509,3.98,16.232,168.619899,11.6,9.843,13390,1,0,0,0
5150,15.996,15.529,13.555,12.38,12.982,10.177,9.466,9.037,-0.4644545454545449,-1.540257309941519,-0.8303037383177565,1.011760233918131,1.884065420560748,4.369906542056072,1.2937368421052642,1.7089205607476636,3.5962803738317737,1.3437850467289705,0.346490196078433,umag_gmag_imag,2.28,-61.250056,4.616,4.075,13.586,168.689635,12.47,7.159,13471,1,1,0,0
5158,16.856,16.515,14.671,13.534,14.238,11.531,10.882,10.577,-0.5291125541125535,-1.5591695906432734,-0.8187803738317749,0.801982456140355,1.7641401869158904,4.203644859813084,1.1857368421052652,1.6436869158878518,3.504065420560747,1.3343831775700918,0.38984967320261554,umag_gmag_imag,4.45,-61.208296,4.64,3.953,14.668,168.751448,14.36,6.628,13486,1,0,0,0
5161,18.565,17.924,15.849,14.566,15.778,12.17,11.427,11.061,-0.3381125541125519,-1.4994795321637397,-0.4520560747663527,1.1553918128654992,2.646990654205609,5.516831775700934,1.332210526315789,2.042154205607476,4.258504672897194,1.622813084112149,0.4320196078431379,umag_gmag_imag,4.08,-61.244237,4.618,4.023,15.872,168.738813,14.44,7.562,13490,1,0,0,0
5167,17.252,16.784,14.87,13.637,14.413,11.286,10.536,10.121,-0.43514285714285694,-1.5379824561403495,-0.739658878504672,0.8822105263157911,1.9378130841121504,4.586813084112148,1.2001578947368428,1.7025841121495329,3.7235607476635497,1.4505700934579426,0.39738562091503343,umag_gmag_imag,2.58,-61.202272,4.613,4.274,14.868,168.778742,13.45,7.433,13497,1,0,0,0
5170,16.262,15.748,13.7,12.411,13.154,9.975,9.167,8.738,-0.4523722943722932,-1.6130935672514606,-0.8072429906542038,0.9940935672514639,2.031308411214955,4.781485981308412,1.3017368421052635,1.7954112149532715,3.889042056074766,1.4973177570093457,0.44349019607843104,umag_gmag_imag,3.22,-61.242734,4.632,4.254,13.696,168.747828,12.28,7.747,13501,1,0,0,0
5177,17.544,17.194,15.375,14.242,14.999,12.257,11.603,11.343,-0.5083160173160154,-1.5316842105263129,-0.7680140186915863,0.7908479532163761,1.8035420560747675,4.250018691588784,1.163052631578947,1.6450560747663545,3.5144439252336426,1.3452429906542047,0.4330849673202616,umag_gmag_imag,6.3,-61.250336,4.638,3.928,15.376,168.755642,15.08,6.561,13512,1,0,0,0
5183,18.913,18.547,16.73,15.585,16.071,13.531,12.739,12.335,-0.4913722943722947,-1.5220584795321637,-0.8951401869158875,0.7902514619883048,1.5424766355140198,3.9366355140186915,1.1541052631578954,1.5121355140186923,3.3230934579439255,1.2812616822429903,0.44873202614379076,umag_gmag_imag,5.49,-61.244332,4.6,4.155,16.733,168.767049,15.66,6.85,13521,1,1,0,0
5187,18.701,18.125,15.97,14.62,15.635,12.153,11.306,10.91,-0.44086147186147095,-1.6581812865497074,-0.6922710280373825,1.0888947368421038,2.405392523364485,5.352121495327104,1.3734210526315778,2.00002336448598,4.259135514018693,1.634579439252338,0.5105294117647081,umag_gmag_imag,7.62,-61.249687,4.648,4.152,15.971,168.770723,14.63,7.918,13526,1,0,0,0
5189,15.179,15.292,13.966,13.128,13.668,11.791,11.443,11.223,-0.7386883116883114,-1.4923918128654963,-0.9401775700934576,0.19367836257310156,0.9233551401869169,2.7272616822429896,0.840842105263159,1.1881401869158883,2.565214953271027,0.9894018691588775,0.16107189542483835,umag_gmag_imag,5.11,-61.259898,4.637,3.733,13.963,168.766557,15.18,4.78,13529,1,0,0,0
5190,18.62,18.165,16.236,15.039,15.721,12.706,12.033,11.719,-0.45522077922077653,-1.5375964912280677,-0.7898411214953245,0.9279999999999995,1.8834392523364485,4.4350934579439265,1.235999999999998,1.6907523364485963,3.6327196261682237,1.388214953271029,0.406202614379085,umag_gmag_imag,5.56,-61.243185,4.626,4.138,16.229,168.782116,15.2,7.224,13530,1,0,0,0
5201,18.788,18.041,15.893,14.501,15.388,11.86,11.016,10.589,-0.26655844155844144,-1.5094912280701758,-0.6042943925233646,1.2018070175438582,2.404158878504672,5.397822429906543,1.3421052631578938,1.9143785046728965,4.199032710280375,1.6406915887850482,0.4811895424836599,umag_gmag_imag,5.19,-61.229709,4.602,4.216,15.887,168.806349,13.67,8.206,13550,1,0,0,0
5211,17.297,17.083,15.689,14.808,15.532,13.067,12.305,12.157,-0.4437748917748887,-1.236146198830406,-0.5759953271028005,0.5363742690058484,1.455401869158879,3.3956915887850476,0.8839473684210509,1.321369158878503,2.8129252336448585,1.0839906542056077,0.6362483660130727,Jmag_Hmag_Kmag,1.43,-61.264317,4.34,4.461,15.7,168.785053,12.74,5.516,13564,1,0,0,0
5215,14.926,14.826,13.291,12.333,12.808,10.672,10.165,9.857,-0.6243073593073597,-1.4891052631578952,-0.9278598130841127,0.4697134502923974,1.1655420560747658,3.1878598130841116,0.9803684210526317,1.311556074766355,2.8459205607476634,1.091177570093458,0.24530065359477288,umag_gmag_imag,2.16,-61.275922,4.622,3.957,13.3,168.777868,13.53,5.686,13572,1,0,0,0
5228,17.23,16.929,15.168,14.069,14.754,12.174,11.599,11.298,-0.5299480519480496,-1.5220409356725109,-0.8068271028037357,0.7252046783625765,1.6596074766355156,4.018850467289718,1.1247368421052633,1.5694766355140182,3.368948598130838,1.2910560747663533,0.3192483660130711,umag_gmag_imag,3.82,-61.248301,4.634,3.888,15.174,168.810475,15.04,6.315,13592,1,0,0,0
5231,20.055,19.457,17.331,16.041,16.894,13.74,12.986,12.52,-0.40517748917749064,-1.5794502923976617,-0.7074532710280392,1.1548771929824577,2.299252336448597,5.082242990654202,1.379157894736844,1.9238364485981316,4.049771028037382,1.5291588785046715,0.35805228758169805,umag_gmag_imag,4.64,-61.24395,4.603,3.949,17.356,168.815966,15.78,7.525,13597,1,0,0,0
5247,19.351,18.915,17.285,16.316,17.277,14.381,13.657,13.57,-0.3331341991341986,-1.220672514619883,-0.3983084112149522,0.8873333333333311,2.0582242990654205,4.238495327102806,1.0689999999999984,1.6262990654205602,3.3130140186915904,1.2384392523364505,0.6500784313725494,Jmag_Hmag_Kmag,7.03,-61.263962,4.371,4.126,17.32,168.815475,14.32,5.971,13621,1,0,0,0
5252,20.379,18.89,16.051,14.379,15.588,11.119,10.115,9.571,0.14938528138528118,-1.3864327485380112,-0.1928598130841117,2.2942222222222273,3.877981308411219,7.514074766355141,1.871000000000003,2.624808411214956,5.40927570093458,2.0109719626168214,0.541777777777777,umag_rmag_Hamag | umag_imag_Hamag | gmag_rmag_imag | gmag_rmag_Hamag | gmag_imag_Hamag | rmag_imag_Hamag,1.33,-61.344968,4.548,3.963,16.079,168.756885,11.86,9.896,13629,1,0,0,0
5279,15.759,15.436,13.675,12.59,13.265,10.637,10.059,9.73,-0.5079480519480511,-1.491116959064327,-0.7827897196261673,0.7642339181286539,1.6854953271028033,4.0143271028037395,1.1328421052631568,1.5713271028037374,3.3475186915887853,1.2742523364485991,0.2984575163398715,umag_gmag_imag,2.18,-61.406358,4.619,3.945,13.693,168.723144,13.28,6.399,13664,1,0,0,0
5300,19.973,19.882,18.31,17.393,17.914,15.889,15.212,14.916,-0.6507662337662374,-1.4955555555555582,-0.9113925233644882,0.5475847953216404,1.2781028037383209,3.2324672897196254,1.0411052631578985,1.388803738317761,2.8760981308411226,1.0630747663551385,0.42549673202614396,umag_gmag_imag,3.52,-60.911688,4.586,3.879,18.284,169.143515,18.2,5.586,13689,1,0,1,0
5301,16.846,16.289,14.253,12.995,13.789,10.583,9.771,9.317,-0.4037099567099587,-1.5426842105263185,-0.7163644859813105,1.0628011695906425,2.142009345794392,4.845355140186917,1.307684210526317,1.8213457943925246,3.883934579439255,1.4806168224299077,0.4262483660130708,umag_gmag_imag,1.87,-61.311275,4.594,4.247,14.28,168.825133,12.39,7.688,13690,1,0,0,0
5340,19.155,18.542,16.457,15.132,15.973,12.703,11.918,11.525,-0.3708311688311696,-1.5606257309941536,-0.695509345794393,1.086304093567251,2.2275700934579445,5.07621495327103,1.3178947368421055,1.8610934579439262,4.034855140186918,1.5607943925233658,0.45107843137255016,umag_gmag_imag,4.61,-61.298953,4.629,4.094,16.433,168.895142,15.02,7.728,13739,1,0,0,0
5391,20.39,19.639,17.974,17.047,17.575,15.579,14.92,15.085,-0.03464935064934893,-0.9012105263157872,-0.3002897196261669,1.28842105263158,2.02818691588785,4.004233644859811,1.1283157894736837,1.480415887850466,2.9842990654205583,1.0750373831775693,0.799196078431374,Jmag_Hmag_Kmag,7.59,-61.826579,4.325,3.405,17.986,168.641756,15.4,5.101,13831,1,0,0,0
5393,20.003,18.117,15.304,13.721,14.861,10.804,9.934,9.469,0.5586536796536787,-0.9161286549707612,0.22757009345794343,2.773479532163743,4.268420560747664,7.70966355140187,1.8965263157894743,2.6080607476635524,5.243009345794394,1.9026261682242995,0.4749019607843149,umag_gmag_rmag | umag_gmag_Hamag | umag_rmag_imag | umag_rmag_Hamag | umag_imag_Hamag | gmag_rmag_imag | gmag_rmag_Hamag | gmag_imag_Hamag,1.28,-61.683309,4.321,3.588,15.361,168.782772,9.63,8.782,13838,1,0,0,1
5400,21.189,19.946,17.774,16.388,17.281,13.629,12.516,12.039,0.21811688311688138,-1.0249649122807027,-0.11440654205607736,1.7291052631578951,2.935822429906539,5.919336448598125,1.3695789473684221,1.9439299065420557,4.221490654205605,1.6363738317756993,0.7077058823529405,Jmag_Hmag_Kmag,6.18,-60.487766,4.323,4.526,17.781,169.767917,12.17,8.422,13857,1,0,0,0
5418,20.021,18.472,15.86,14.336,15.415,11.61,10.791,10.364,0.3164978354978343,-1.0873976608187141,-0.008070093457945182,2.3072456140350903,3.7284766355140198,7.0362710280373815,1.7296842105263184,2.4061355140186933,4.93768691588785,1.8265233644859802,0.45618954248365956,umag_gmag_Hamag,2.39,-61.600417,4.392,3.624,15.902,168.982077,11.19,8.41,13886,1,0,0,1
5461,20.613,19.934,17.857,16.61,17.479,14.274,13.368,13.032,-0.30105627705627924,-1.439807017543862,-0.571443925233647,1.2391812865497083,2.388598130841122,5.091280373831776,1.3550526315789493,1.902130841121497,3.9696588785046742,1.490644859813084,0.6205098039215673,Jmag_Hmag_Kmag,0.67,-60.835436,4.525,4.072,17.878,169.747604,15.3,7.536,13952,1,0,0,0
5487,18.942,18.983,17.48,16.579,17.149,14.919,14.526,14.105,-0.7502077922077925,-1.573374269005848,-0.9751401869158879,0.3660467836257313,1.140280373831776,3.0768317757009345,0.9813684210526319,1.3498738317757013,2.8275046728971964,1.0608130841121495,0.03528758169934765,umag_gmag_imag,3.86,-61.248956,4.631,4.059,17.473,169.564159,17.92,5.585,14009,1,0,1,0
5572,20.396,19.902,18.438,17.493,18.005,15.952,15.215,15.156,-0.19680519480519598,-1.0415614035087735,-0.4722289719626178,0.8085263157894755,1.53714018691589,3.5441962616822456,0.9168947368421073,1.2636869158878528,2.7894112149532737,1.0885514018691593,0.6868692810457524,Jmag_Hmag_Kmag,5.82,-61.45154,4.317,3.935,18.371,169.686051,15.51,5.284,14165,1,0,0,0
5678,21.179,19.842,17.594,16.204,17.185,13.706,12.937,12.505,0.2762554112554123,-0.981959064327484,-0.01633177570093447,1.8942397660818684,3.187467289719621,6.203542056074761,1.4432631578947341,2.058789719626165,4.366873831775697,1.6650467289719626,0.4019411764705896,umag_gmag_Hamag,4.24,-61.418338,4.384,3.829,17.623,170.125177,13.32,7.737,14382,1,0,0,0
5685,18.867,18.868,17.441,16.524,17.044,15.315,14.644,14.572,-0.6743463203463178,-1.495128654970756,-0.9300467289719591,0.31058479532164207,1.040130841121499,2.9942149532710274,0.8961052631578955,1.2433411214953274,2.730355140186913,1.0627943925233625,0.6098235294117633,umag_gmag_imag,6.74,-60.971453,4.633,3.681,17.388,170.502982,18.38,5.057,14401,1,0,1,0
5687,19.54,19.688,18.157,17.272,17.843,15.635,15.105,14.84,-0.8704199134199124,-1.688023391812865,-1.0877429906542044,0.30650877192982207,1.077803738317756,2.983084112149535,1.0186315789473666,1.3857383177570082,2.8402476635514033,1.0450934579439273,0.3048366013071885,umag_gmag_imag,5.62,-61.179767,4.637,4.1,18.152,170.355833,18.65,5.612,14405,1,0,1,0
5722,20.484,18.317,15.149,13.372,14.604,9.97,9.007,8.402,0.6721428571428585,-0.985076023391811,0.2757990654205622,3.173502923976612,4.805280373831779,8.654878504672897,2.1392105263157912,2.915873831775702,5.860364485981308,2.1224205607476625,0.44894771241830134,umag_gmag_rmag | umag_gmag_Hamag | umag_rmag_imag | umag_rmag_Hamag | umag_imag_Hamag | gmag_rmag_imag | gmag_rmag_Hamag | gmag_imag_Hamag | rmag_imag_Hamag,1.96,-61.949044,4.369,3.68,15.143,170.078909,8.86,10.121,14506,1,0,0,1
5731,20.666,19.514,17.423,16.186,16.984,13.833,12.859,12.474,0.1653376623376629,-0.9693567251461972,-0.1366448598130816,1.7383450292397706,2.816308411214959,5.479364485981311,1.37484210526316,1.8879112149532737,3.9209065420560756,1.4607383177570081,0.6468758169934645,Jmag_Hmag_Kmag,7.07,-60.803334,4.296,4.126,17.412,171.004441,12.54,7.361,14533,1,0,0,0
5738,20.557,19.899,18.15,17.16,17.742,15.43,14.774,14.747,-0.1672857142857176,-1.087912280701757,-0.440658878504675,1.2027894736842129,2.010439252336451,4.125859813084111,1.1758421052631611,1.5602523364486016,3.1714205607476647,1.1531775700934566,0.633058823529413,Jmag_Hmag_Kmag,3.39,-61.512581,4.394,3.611,18.131,170.503337,15.74,5.717,14544,1,0,0,0
5750,20.319,19.82,18.291,17.366,17.93,15.558,14.961,15.044,-0.2224761904761916,-1.0652456140350892,-0.46366355140187043,0.9028538011695888,1.677121495327101,3.659317757009345,0.993473684210526,1.3619953271028034,2.8730467289719632,1.0831308411214962,0.6675228758169931,Jmag_Hmag_Kmag,5.35,-60.556123,4.303,4.08,18.093,171.263414,15.04,5.51,14568,1,0,0,0
5756,20.499,19.962,18.39,17.451,18.017,16.053,15.236,15.163,-0.20476623376623426,-1.0635789473684214,-0.4536775700934589,0.9668245614035071,1.7464579439252308,3.756822429906539,1.028368421052631,1.3994439252336435,2.931532710280372,1.0976915887850465,0.7549738562091501,Jmag_Hmag_Kmag,7.69,-61.353465,4.344,3.679,18.372,170.729772,15.82,5.247,14584,1,0,0,0
5764,17.179,17.514,16.266,15.565,15.945,14.352,13.947,13.845,-0.9238831168831182,-1.5773450292397666,-1.1341635514018693,0.06032163742690255,0.6010000000000023,2.0898878504672895,0.842157894736844,1.0995000000000021,2.2313364485981313,0.8075420560747654,0.31833333333333574,umag_gmag_imag,6.06,-61.627888,4.641,3.874,16.259,170.602484,17.83,4.459,14605,1,0,1,0
5775,20.701,19.847,17.937,16.816,17.554,14.882,14.099,13.973,-0.047255411255411994,-1.0780409356725167,-0.313929906542058,1.4004444444444415,2.391738317757006,4.809224299065422,1.260999999999999,1.7328177570093448,3.5793271028037403,1.3279158878504693,0.6759411764705882,Jmag_Hmag_Kmag,6.66,-61.49431,4.389,3.711,17.927,170.797076,14.89,6.377,14632,1,0,0,0
5859,20.523,19.908,17.927,16.764,17.528,14.402,13.386,12.928,-0.319757575757578,-1.389070175438599,-0.5972429906542083,1.181356725146199,2.2081869158878495,4.715785046728971,1.3076842105263173,1.7964158878504686,3.7116448598130853,1.3772056074766357,0.6268496732026159,Jmag_Hmag_Kmag,6.37,-61.150144,4.42,4.513,17.972,172.012973,14.07,7.594,14860,1,0,0,0
5861,19.673,19.293,17.55,16.598,17.07,15.152,14.564,14.601,-0.44245454545454566,-1.3378654970760244,-0.7522757009345797,0.9650116959064285,1.656457943925231,3.6661028037383185,1.1918421052631554,1.5209439252336432,3.045691588785048,1.084336448598133,0.6194379084967319,Jmag_Hmag_Kmag,5.99,-61.343432,4.582,3.326,17.43,171.896628,17.67,5.375,14865,1,0,1,0
