ID,_RA2000,_DEC2000,w1,w1_err,h,h_err,k,k_err,Halpha_type,objtype_Hou,objtype_SIMBAD,Fe_type,umag,e_umag,gmag,e_gmag,Hamag,e_Hamag,rmag,e_rmag,imag,e_imag,W1mag,W2mag,W3mag,W4mag,Jmag,Hmag,Kmag,e_W1mag,e_W2mag,e_W3mag,e_W4mag,e_Jmag,e_Hmag,e_Kmag
J063416.35+023030.2,98.568135,2.5083942,11.916,0.054,12.072,0.024,12.003,0.027,I,CBe,,,14.68,0.01,14.28,0.0,13.33,0.0,13.47,0.0,12.99,0.01,11.916,11.968,10.752,5.748,12.347,12.072,12.003,0.054,0.055,0.507,0.169,0.023,0.024,0.027
J063432.90+015513.7,98.637124,1.9204795,9.898,0.023,10.448,0.026,10.132,0.024,I,CBe,,,,,,,,,13.69,0.0,12.88,0.0,9.898,9.75,9.529,7.787,11.247,10.448,10.132,0.023,0.021,0.059,,0.027,0.026,0.024
J063432.90+015513.7,98.637124,1.9204795,9.898,0.023,10.448,0.026,10.132,0.024,I,CBe,,,,,,,,,13.69,0.0,12.88,0.0,9.898,9.75,9.529,7.787,11.247,10.448,10.132,0.023,0.021,0.059,,0.027,0.026,0.024
J064125.63+023103.7,100.35682,2.5177049,10.87,0.023,10.922,0.021,10.916,0.021,II,CBe,Star,,,,,,,,,,,,10.87,10.891,11.223,9.118,11.052,10.922,10.916,0.023,0.021,0.166,,0.024,0.021,0.021
J063547.76+023035.5,98.949016,2.5098673,12.068,0.023,12.198,0.022,12.17,0.024,II,CBe,,,13.86,0.01,13.86,0.0,13.17,0.01,,,,,12.068,12.081,12.318,8.365,12.462,12.198,12.17,0.023,0.025,0.503,,0.023,0.022,0.024
J063546.82+022055.9,98.945109,2.348867,11.798,0.025,12.084,0.027,11.889,0.024,II,CBe,,,,,14.48,0.0,13.42,0.01,13.64,0.01,13.1,0.01,11.798,11.801,10.999,8.211,12.363,12.084,11.889,0.025,0.024,0.173,,0.024,0.027,0.024
J063540.33+022549.8,98.91806,2.4305098,10.828,0.022,11.16,0.023,10.974,0.019,II,CBe,,,14.96,0.01,14.1,0.0,12.96,0.01,,,,,10.828,10.808,11.006,8.667,11.466,11.16,10.974,0.022,0.021,0.221,,0.022,0.023,0.019
J063616.32+022504.1,99.068009,2.4178245,12.109,0.024,12.345,0.022,12.296,0.024,II,CBe,,,14.65,0.01,14.26,0.0,,,13.63,0.01,13.26,0.02,12.109,12.074,10.932,7.974,12.575,12.345,12.296,0.024,0.025,0.165,,0.023,0.022,0.024
J063540.33+022549.8,98.91806,2.4305098,10.828,0.022,11.16,0.023,10.974,0.019,II,CBe,,,14.96,0.01,14.1,0.0,12.96,0.01,,,,,10.828,10.808,11.006,8.667,11.466,11.16,10.974,0.022,0.021,0.221,,0.022,0.023,0.019
J063616.32+022504.1,99.068009,2.4178245,12.109,0.024,12.345,0.022,12.296,0.024,II,CBe,,,14.65,0.01,14.26,0.0,,,13.63,0.01,13.26,0.02,12.109,12.074,10.932,7.974,12.575,12.345,12.296,0.024,0.025,0.165,,0.023,0.022,0.024
J063636.82+021301.9,99.153426,2.217215,11.044,0.022,11.198,0.025,11.117,0.023,II,CBe,,,,,,,11.94,0.0,,,,,11.044,11.061,11.307,8.424,11.338,11.198,11.117,0.022,0.022,0.277,,0.026,0.025,0.023
J063922.10+021541.1,99.842121,2.2614222,12.167,0.023,12.36,0.022,12.208,0.021,VI,CBe,,,14.39,0.01,14.0,0.0,13.3,0.01,13.43,0.01,13.09,0.02,12.167,12.193,11.65,8.761,12.506,12.36,12.208,0.023,0.024,0.24,,0.026,0.022,0.021
J063535.19+013958.4,98.896642,1.6662237,12.329,0.023,12.469,0.029,12.387,0.024,VI,CBe,,,14.21,0.01,14.26,0.0,13.4,0.01,13.62,0.01,13.26,0.01,12.329,12.389,11.558,8.177,12.703,12.469,12.387,0.023,0.025,,,0.027,0.029,0.024
J063530.73+022714.8,98.878067,2.4541219,11.597,0.022,11.809,0.025,11.694,0.023,II,HII-region,,,14.43,0.01,13.85,0.0,13.07,0.01,,,,,11.597,11.599,11.51,8.544,12.001,11.809,11.694,0.022,0.024,,,0.023,0.025,0.023
J063447.77+022527.8,98.699065,2.4244091,11.773,0.023,12.058,0.029,11.932,0.029,II,HII-region,White Dwarf Candidate,,14.87,0.01,14.33,0.0,13.48,0.01,13.58,0.01,13.06,0.02,11.773,11.757,11.87,8.132,12.287,12.058,11.932,0.023,0.023,0.524,,0.026,0.029,0.029
J063515.95+023204.3,98.816481,2.5345443,11.676,0.022,11.846,0.022,11.737,0.021,II,HII-region,,,,,14.13,0.0,13.09,0.02,13.29,0.01,12.81,0.01,11.676,11.708,11.634,8.556,12.134,11.846,11.737,0.022,0.023,,,0.023,0.022,0.021
J063428.87+022702.9,98.620329,2.450812,10.387,0.023,10.652,0.022,10.501,0.021,II,HII-region,,,,,13.31,0.0,12.16,0.01,,,,,10.387,10.385,10.474,7.017,10.885,10.652,10.501,0.023,0.021,0.132,,0.026,0.022,0.021
J063312.96+022935.6,98.304008,2.493231,10.825,0.023,11.002,0.022,10.921,0.021,II,HII-region,,,,,,,12.07,0.0,12.3,0.0,11.78,0.0,10.825,10.842,11.025,7.439,11.215,11.002,10.921,0.023,0.02,0.18,0.198,0.022,0.022,0.021
J063532.89+022916.6,98.887069,2.487946,11.766,0.022,12.125,0.025,11.921,0.027,II,HII-region,,,16.26,0.01,15.35,0.0,14.1,0.01,14.27,0.0,13.64,0.01,11.766,11.773,11.73,8.406,12.468,12.125,11.921,0.022,0.023,,,0.024,0.025,0.027
J063530.73+022714.8,98.878067,2.4541219,11.597,0.022,11.809,0.025,11.694,0.023,II,HII-region,,,14.43,0.01,13.85,0.0,13.07,0.01,,,,,11.597,11.599,11.51,8.544,12.001,11.809,11.694,0.022,0.024,,,0.023,0.025,0.023
J063459.47+021825.5,98.747821,2.307109,11.136,0.023,11.275,0.026,11.229,0.023,II,HII-region,,,,,,,,,,,,,11.136,11.143,10.862,8.38,11.427,11.275,11.229,0.023,0.021,0.199,0.424,0.027,0.026,0.023
J063408.31+021632.9,98.534643,2.2758239,11.552,0.023,11.782,0.027,11.684,0.026,II,HII-region,,,,,,,13.02,0.0,13.19,0.0,12.8,0.0,11.552,11.535,11.578,8.173,11.987,11.782,11.684,0.023,0.022,0.365,,0.026,0.027,0.026
J063321.51+023231.5,98.33966,2.5420914,11.825,0.023,12.044,0.022,11.896,0.021,II,HII-region,,,,,,,13.4,0.0,13.57,0.0,13.04,0.0,11.825,11.819,11.871,8.518,12.264,12.044,11.896,0.023,0.024,0.474,,0.021,0.022,0.021
J063340.62+023213.5,98.419251,2.537107,11.226,0.023,11.404,0.023,11.339,0.023,II,HII-region,Star in Cluster,,,,,,12.06,0.0,12.15,0.0,11.82,0.0,11.226,11.258,10.825,7.762,11.499,11.404,11.339,0.023,0.021,0.195,,0.024,0.023,0.023
J063317.69+023242.4,98.323744,2.5451131,12.302,0.024,12.488,0.022,12.353,0.024,II,HII-region,,,,,,,13.62,0.0,13.8,0.0,13.29,0.0,12.302,12.292,11.407,8.515,12.635,12.488,12.353,0.024,0.026,,,0.021,0.022,0.024
J063408.31+021632.9,98.534643,2.2758239,11.552,0.023,11.782,0.027,11.684,0.026,II,HII-region,,,,,,,13.02,0.0,13.19,0.0,12.8,0.0,11.552,11.535,11.578,8.173,11.987,11.782,11.684,0.023,0.022,0.365,,0.026,0.027,0.026
J063405.49+021813.4,98.522899,2.3037255,11.214,0.024,11.478,0.024,11.336,0.024,II,HII-region,,,,,,,13.03,0.0,13.23,0.0,12.77,0.0,11.214,11.223,11.484,8.366,11.769,11.478,11.336,0.024,0.021,0.378,,0.026,0.024,0.024
J063519.85+022123.5,98.832739,2.3565351,11.076,0.023,11.393,0.024,11.215,0.019,IV,HII-region,,,,,14.68,0.01,13.24,0.01,13.58,0.01,12.87,0.01,11.076,11.043,10.147,8.325,11.736,11.393,11.215,0.023,0.022,0.084,,0.026,0.024,0.019
J034528.44+500326.0,56.368509,50.057241,10.056,0.023,10.981,0.024,10.641,0.023,I,CBe,Emission-line Star,double-peak,15.762,0.005,14.736,0.004,12.43,0.0,12.98,0.0,12.29,0.0,10.056,9.749,8.901,7.876,11.335,10.981,10.641,0.023,0.021,0.028,0.205,0.021,0.024,0.023
J035614.13+522603.1,59.058908,52.434199,10.04,0.023,10.575,0.032,10.259,0.022,I,CBe,Emission-line Star,,15.302,0.007,15.793,0.012,11.88,0.0,12.68,0.0,11.91,0.0,10.04,9.682,8.79,7.916,10.899,10.575,10.259,0.023,0.019,0.025,0.158,0.027,0.032,0.022
J053307.98+284749.2,83.28325,28.797,13.214,0.025,13.836,0.022,13.609,0.036,I,CBe,,,17.713,0.011,16.449,0.005,15.17,0.0,15.63,0.0,14.97,0.0,13.214,13.031,11.732,8.596,14.133,13.836,13.609,0.025,0.03,,,0.026,0.022,0.036
J052831.75+271146.6,82.132292,27.196278,13.154,0.026,13.65,0.031,13.406,0.032,I,CBe,,,16.526,0.006,15.552,0.003,14.55,0.0,15.04,0.0,14.59,0.0,13.154,12.902,11.558,8.908,13.874,13.65,13.406,0.026,0.029,,,0.026,0.031,0.032
J065524.38+061235.8,103.85162,6.209945,11.659,0.022,11.856,0.024,11.767,0.026,I,CBe,,,16.991,0.008,14.926,0.003,13.66,0.0,14.01,0.0,13.39,0.0,11.659,11.717,12.056,8.969,12.396,11.856,11.767,0.022,0.022,0.451,,0.024,0.024,0.026
J055342.76+215223.3,88.428167,21.873139,12.943,0.024,13.37,0.026,13.265,0.028,I,CBe,,,15.564,0.005,14.665,0.003,14.03,0.0,14.41,0.0,14.09,0.0,12.943,12.754,11.172,8.926,13.516,13.37,13.265,0.024,0.027,0.173,,0.024,0.026,0.028
J054955.18+325006.9,87.479917,32.83525,12.488,0.024,12.921,0.023,12.645,0.026,I,CBe,,,17.658,0.011,16.02,0.004,14.53,0.0,15.08,0.0,14.33,0.0,12.488,12.262,11.411,8.586,13.294,12.921,12.645,0.024,0.025,0.239,,0.023,0.023,0.026
J052850.94+272112.0,82.212254,27.353348,12.877,0.025,13.3,0.031,13.137,0.03,I,CBe,,,16.455,0.006,15.157,0.003,14.19,0.0,14.57,0.0,14.13,0.0,12.877,12.775,11.906,8.709,13.467,13.3,13.137,0.025,0.026,,,0.024,0.031,0.03
J052831.75+271146.6,82.132292,27.196278,13.154,0.026,13.65,0.031,13.406,0.032,I,CBe,,,16.526,0.006,15.552,0.003,14.55,0.0,15.04,0.0,14.59,0.0,13.154,12.902,11.558,8.908,13.874,13.65,13.406,0.026,0.029,,,0.026,0.031,0.032
J055352.81+222544.5,88.470081,22.429046,11.247,0.024,11.716,0.021,11.386,0.019,I,CBe,,unclassify,15.693,0.006,14.806,0.004,12.83,0.0,13.52,0.0,12.96,0.0,11.247,10.869,9.805,8.214,12.013,11.716,11.386,0.024,0.021,0.053,,0.022,0.021,0.019
J055352.81+222544.5,88.470081,22.429046,11.247,0.024,11.716,0.021,11.386,0.019,I,CBe,,,15.693,0.006,14.806,0.004,12.83,0.0,13.52,0.0,12.96,0.0,11.247,10.869,9.805,8.214,12.013,11.716,11.386,0.024,0.021,0.053,,0.022,0.021,0.019
J061658.93+251525.8,94.245542,25.257194,12.323,0.024,12.636,0.023,12.489,0.024,I,CBe,,double-peak,15.268,0.005,14.549,0.011,13.25,0.0,13.65,0.0,13.33,0.0,12.323,12.161,11.519,8.182,12.782,12.636,12.489,0.024,0.023,0.212,,0.021,0.023,0.024
J061658.92+251525.8,94.245504,25.257169,12.323,0.024,12.636,0.023,12.489,0.024,I,CBe,,,15.268,0.005,14.549,0.011,13.25,0.0,13.65,0.0,13.33,0.0,12.323,12.161,11.519,8.182,12.782,12.636,12.489,0.024,0.023,0.212,,0.021,0.023,0.024
J061036.48+241848.1,92.652009,24.313367,11.482,0.024,11.903,0.022,11.737,0.021,I,CBe,,double-peak,14.487,0.004,14.61,0.009,12.6,0.0,12.86,0.0,12.62,0.0,11.482,11.283,10.563,8.354,12.059,11.903,11.737,0.024,0.021,0.109,,0.021,0.022,0.021
J055342.75+215223.3,88.428156,21.873148,12.943,0.024,13.37,0.026,13.265,0.028,I,CBe,,,15.564,0.005,14.665,0.003,14.03,0.0,14.41,0.0,14.09,0.0,12.943,12.754,11.172,8.926,13.516,13.37,13.265,0.024,0.027,0.173,,0.024,0.026,0.028
J061658.93+251525.8,94.245542,25.257194,12.323,0.024,12.636,0.023,12.489,0.024,I,CBe,,,15.268,0.005,14.549,0.011,13.25,0.0,13.65,0.0,13.33,0.0,12.323,12.161,11.519,8.182,12.782,12.636,12.489,0.024,0.023,0.212,,0.021,0.023,0.024
J055820.80+225246.0,89.586701,22.879454,11.158,0.023,12.017,0.021,11.563,0.019,I,CBe,,unclassify,16.877,0.008,15.644,0.003,13.92,0.0,14.61,0.0,13.76,0.0,11.158,10.851,10.079,8.346,12.466,12.017,11.563,0.023,0.02,0.062,,0.025,0.021,0.019
J055146.60+290828.6,87.944185,29.141283,12.666,0.025,12.851,0.028,12.736,0.026,II,CBe,,,16.162,0.005,14.65,0.004,14.0,0.0,14.14,0.0,13.76,0.0,12.666,12.671,11.757,8.911,13.057,12.851,12.736,0.025,0.027,0.248,,0.024,0.028,0.026
J055007.93+303601.2,87.533055,30.600339,13.823,0.028,14.063,0.037,13.873,0.05,II,CBe,,,17.689,0.011,16.056,0.004,15.31,0.0,15.51,0.0,15.01,0.0,13.823,13.809,12.389,8.827,14.288,14.063,13.873,0.028,0.041,0.536,,0.03,0.037,0.05
J035852.52+512056.8,59.718866,51.349119,12.476,0.023,12.71,0.03,12.576,0.024,II,CBe,,,16.355,0.006,14.694,0.003,13.95,0.0,14.04,0.0,13.58,0.0,12.476,12.488,12.411,9.003,12.857,12.71,12.576,0.023,0.025,,,0.027,0.03,0.024
J034551.26+494856.7,56.463593,49.815753,11.003,0.024,11.29,0.027,11.117,0.025,II,CBe,,,16.171,0.009,14.31,0.003,12.61,0.0,13.02,0.0,12.42,0.0,11.003,10.921,10.468,8.72,11.527,11.29,11.117,0.024,0.02,0.077,,0.025,0.027,0.025
J035515.38+520530.2,58.814092,52.09173,12.256,0.024,12.546,0.032,12.368,0.03,II,CBe,,,16.901,0.007,15.292,0.004,14.16,0.0,14.35,0.0,13.74,0.0,12.256,12.246,12.004,8.785,12.783,12.546,12.368,0.024,0.024,0.282,,0.026,0.032,0.03
J040158.53+510824.2,60.493882,51.140074,13.532,0.025,13.859,0.037,13.661,0.04,II,CBe,,,19.121,0.024,16.991,0.004,15.74,0.01,15.98,0.0,15.23,0.0,13.532,13.48,11.854,8.788,14.222,13.859,13.661,0.025,0.033,,,0.021,0.037,0.04
J040139.98+511027.1,60.416597,51.174197,12.35,0.023,12.631,0.03,12.523,0.029,II,CBe,,,16.737,0.007,14.925,0.003,14.07,0.0,14.25,0.0,13.69,0.0,12.35,12.326,11.119,8.386,12.876,12.631,12.523,0.023,0.024,0.14,,0.024,0.03,0.029
J052423.13+283541.6,81.096375,28.594889,12.254,0.024,12.618,0.031,12.535,0.024,II,CBe,,,15.352,0.007,15.684,0.012,12.94,0.0,13.26,0.0,12.97,0.0,12.254,12.145,11.622,8.79,12.639,12.618,12.535,0.024,0.025,0.268,,0.023,0.031,0.024
J052153.85+284203.6,80.474386,28.701011,12.812,0.025,12.946,0.025,12.862,0.025,II,CBe,,,16.494,0.008,15.355,0.005,13.92,0.0,14.13,0.0,13.74,0.0,12.812,12.787,12.266,8.908,13.107,12.946,12.862,0.025,0.029,0.471,,0.021,0.025,0.025
J052850.94+272112.0,82.21225,27.353361,12.877,0.025,13.3,0.031,13.137,0.03,II,CBe,,,16.455,0.006,15.157,0.003,14.19,0.0,14.57,0.0,14.13,0.0,12.877,12.775,11.906,8.709,13.467,13.3,13.137,0.025,0.026,,,0.024,0.031,0.03
J053035.92+292653.3,82.649667,29.448139,11.894,0.023,12.142,0.023,12.032,0.02,II,CBe,,,15.811,0.007,14.421,0.003,13.25,0.0,13.58,0.0,13.12,0.0,11.894,11.81,11.493,8.25,12.376,12.142,12.032,0.023,0.024,0.262,,0.024,0.023,0.02
J055129.18+304814.9,87.871624,30.804142,13.041,0.026,13.168,0.034,13.088,0.024,II,CBe,,,16.082,0.006,14.567,0.004,14.12,0.0,14.24,0.0,13.88,0.0,13.041,13.057,12.33,8.797,13.326,13.168,13.088,0.026,0.03,,,0.026,0.034,0.024
J055022.64+302204.5,87.594334,30.367937,12.966,0.026,13.085,0.038,13.028,0.032,II,CBe,,,15.898,0.006,14.494,0.009,13.93,0.0,14.05,0.0,13.71,0.0,12.966,12.988,12.477,8.404,13.256,13.085,13.028,0.026,0.03,,,0.028,0.038,0.032
J035035.90+513738.3,57.649615,51.627321,11.878,0.023,12.155,0.029,12.011,0.024,II,CBe,,,17.6,0.011,15.495,0.003,14.14,0.0,14.4,0.0,13.69,0.0,11.878,11.873,12.729,8.912,12.545,12.155,12.011,0.023,0.024,,,0.025,0.029,0.024
J034139.89+495611.6,55.4162236,49.9365658,13.296,0.026,13.54,0.039,13.363,0.04,II,CBe,,,16.796,0.007,15.113,0.003,14.48,0.0,14.64,0.0,14.26,0.0,13.296,13.32,12.438,8.859,13.679,13.54,13.363,0.026,0.032,,,0.031,0.039,0.04
J034237.93+493326.0,55.658049,49.557231,12.777,0.024,12.901,0.034,12.814,0.034,II,CBe,,,15.925,0.005,14.611,0.003,13.69,0.0,13.82,0.0,13.52,0.0,12.777,12.774,11.978,8.715,13.015,12.901,12.814,0.024,0.025,,,0.026,0.034,0.034
J035325.29+522219.9,58.35539,52.3722,12.793,0.024,12.963,0.034,12.89,0.035,II,CBe,,,16.643,0.007,15.013,0.003,14.16,0.0,14.32,0.0,13.83,0.0,12.793,12.794,12.359,8.61,13.189,12.963,12.89,0.024,0.026,,,0.026,0.034,0.035
J035814.14+521024.3,59.558931,52.173432,10.573,0.023,10.801,0.032,10.645,0.021,II,CBe,Emission-line Star,,15.074,0.006,14.77,0.011,11.97,0.0,12.91,0.0,11.78,0.0,10.573,10.584,10.818,9.164,10.885,10.801,10.645,0.023,0.02,0.107,,0.029,0.032,0.021
J035941.19+520908.3,59.921641,52.152326,11.219,0.023,11.495,0.031,11.365,0.021,II,CBe,,,15.244,0.004,13.764,0.003,12.65,0.0,12.98,0.0,12.45,0.0,11.219,11.149,9.996,7.964,11.77,11.495,11.365,0.023,0.02,0.058,0.183,0.026,0.031,0.021
J040212.39+523426.4,60.551633,52.574003,12.169,0.025,12.286,0.028,12.183,0.023,II,CBe,,,15.906,0.005,14.453,0.003,13.56,0.0,13.81,0.0,13.35,0.0,12.169,12.201,11.634,8.837,12.644,12.286,12.183,0.025,0.025,,,0.027,0.028,0.023
J040301.08+522546.9,60.754503,52.429721,11.659,0.023,11.824,0.029,11.774,0.026,II,CBe,,,14.808,0.004,13.799,0.009,12.74,0.0,12.9,0.0,12.53,0.0,11.659,11.691,11.406,8.455,12.006,11.824,11.774,0.023,0.021,0.318,,0.024,0.029,0.026
J040604.74+510850.1,61.519775,51.147255,11.52,0.023,11.729,0.03,11.621,0.025,II,CBe,,,15.081,0.004,14.366,0.008,12.63,0.0,12.95,0.0,12.37,0.0,11.52,11.525,11.691,7.393,11.827,11.729,11.621,0.023,0.021,0.34,0.237,0.021,0.03,0.025
J064651.07+112819.4,101.71281,11.472063,12.649,0.024,12.795,0.029,12.772,0.037,II,CBe,,,16.107,0.007,14.601,0.004,13.6,0.0,13.7,0.0,13.4,0.0,12.649,12.662,11.724,9.097,12.964,12.795,12.772,0.024,0.027,,,0.029,0.029,0.037
J064745.81+111321.9,101.94088,11.222758,12.887,0.023,12.99,0.03,12.933,0.03,II,CBe,,,15.736,0.008,15.26,0.013,13.46,0.0,13.57,0.0,13.39,0.0,12.887,12.914,12.042,8.736,13.041,12.99,12.933,0.023,0.027,,,0.026,0.03,0.03
J064651.07+112819.4,101.71281,11.472063,12.649,0.024,12.795,0.029,12.772,0.037,II,CBe,,,16.107,0.007,14.601,0.004,13.6,0.0,13.7,0.0,13.4,0.0,12.649,12.662,11.724,9.097,12.964,12.795,12.772,0.024,0.027,,,0.029,0.029,0.037
J064739.89+112124.1,101.91624,11.356705,12.996,0.024,13.111,0.031,13.049,0.03,II,CBe,,,15.345,0.008,15.17,0.013,13.38,0.0,13.5,0.0,13.37,0.0,12.996,13.063,12.026,8.887,13.107,13.111,13.049,0.024,0.031,0.429,,0.028,0.031,0.03
J064719.85+111819.7,101.83274,11.305475,11.56,0.023,11.682,0.025,11.679,0.026,II,CBe,Star in Cluster,,15.404,0.009,13.059,0.002,12.49,0.0,12.65,0.0,12.36,0.0,11.56,11.605,11.105,8.425,11.856,11.682,11.679,0.023,0.023,0.216,,0.021,0.025,0.026
J055502.89+214920.1,88.762057,21.82225,13.091,0.025,13.304,0.021,13.149,0.03,II,CBe,,,16.13,0.006,14.671,0.004,14.15,0.0,14.27,0.0,14.0,0.0,13.091,13.097,11.915,8.918,13.408,13.304,13.149,0.025,0.031,,,0.022,0.021,0.03
J054733.79+313320.6,86.890806,31.555742,13.077,0.025,13.261,0.031,13.173,0.032,II,CBe,,,16.281,0.013,17.619,0.037,13.99,0.0,14.11,0.0,13.81,0.0,13.077,13.128,12.402,8.803,13.361,13.261,13.173,0.025,0.029,,,0.023,0.031,0.032
J054912.57+312243.1,87.302394,31.378665,13.138,0.026,13.302,0.03,13.213,0.031,II,CBe,,,16.127,0.006,14.659,0.004,14.22,0.0,14.32,0.0,13.98,0.0,13.138,13.144,11.867,8.803,13.467,13.302,13.213,0.026,0.031,,,0.022,0.03,0.031
J053145.48+275833.7,82.939524,27.976051,11.412,0.024,11.734,0.022,11.549,0.02,II,CBe,,,17.411,0.009,15.33,0.004,13.85,0.0,14.17,0.0,13.38,0.0,11.412,11.402,11.037,8.504,12.144,11.734,11.549,0.024,0.021,0.135,,0.02,0.022,0.02
J053407.39+273905.9,83.530817,27.651645,13.274,0.026,13.576,0.027,13.379,0.032,II,CBe,,,17.583,0.009,15.958,0.004,15.03,0.0,15.23,0.0,14.65,0.0,13.274,13.379,12.551,8.59,13.824,13.576,13.379,0.026,0.031,,,0.024,0.027,0.032
J053707.85+291642.3,84.282743,29.278426,13.536,0.027,13.862,0.033,13.618,0.032,II,CBe,,,18.886,0.02,16.84,0.005,15.75,0.01,15.94,0.0,15.26,0.0,13.536,13.53,12.292,8.314,14.113,13.862,13.618,0.027,0.037,,,0.025,0.033,0.032
J053640.61+291550.8,84.169237,29.264127,13.433,0.026,13.69,0.034,13.522,0.032,II,CBe,,,18.212,0.014,16.292,0.004,15.39,0.0,15.56,0.0,14.96,0.0,13.433,13.484,11.733,8.813,13.983,13.69,13.522,0.026,0.033,,,0.024,0.034,0.032
J052612.59+272128.4,81.552497,27.357902,12.968,0.024,13.156,0.022,13.065,0.024,II,CBe,,,17.239,0.008,15.457,0.003,14.57,0.0,14.75,0.0,14.24,0.0,12.968,12.992,12.35,8.945,13.425,13.156,13.065,0.024,0.03,0.489,,0.02,0.022,0.024
J055002.90+224023.8,87.512124,22.673286,13.787,0.028,14.141,0.046,13.997,0.048,II,CBe,,,17.728,0.012,16.156,0.004,15.36,0.0,15.53,0.0,15.06,0.0,13.787,13.758,12.501,8.822,14.321,14.141,13.997,0.028,0.038,,,0.036,0.046,0.048
J055511.13+230646.4,88.796383,23.112903,13.286,0.026,13.826,0.036,13.496,0.029,II,CBe,,,22.134,0.254,19.056,0.01,17.1,0.01,17.4,0.01,16.22,0.01,13.286,13.214,12.02,8.674,14.41,13.826,13.496,0.026,0.032,,0.441,0.028,0.036,0.029
J060613.84+242902.0,91.557677,24.483896,13.371,0.027,13.554,0.028,13.444,0.03,II,CBe,,,17.059,0.008,15.413,0.004,14.65,0.0,14.79,0.0,14.4,0.0,13.371,13.327,12.188,8.467,13.744,13.554,13.444,0.027,0.034,,,0.023,0.028,0.03
J060609.70+241349.6,91.540445,24.23047,13.875,0.029,14.05,0.028,13.982,0.045,II,CBe,,,17.66,0.01,15.987,0.004,15.25,0.0,15.39,0.0,14.95,0.0,13.875,13.841,12.444,9.05,14.277,14.05,13.982,0.029,0.042,,,0.028,0.028,0.045
J060351.33+234159.2,90.963878,23.699793,13.86,0.029,14.264,0.054,14.111,0.064,II,CBe,,,19.368,0.03,17.331,0.005,16.21,0.01,16.4,0.0,15.76,0.01,13.86,13.797,12.321,8.901,14.578,14.264,14.111,0.029,0.042,0.427,,0.036,0.054,0.064
J060132.21+233546.6,90.38424,23.59629,13.947,0.029,14.394,0.054,14.155,0.057,II,CBe,,,18.795,0.019,16.953,0.004,15.98,0.01,16.17,0.0,15.59,0.01,13.947,13.992,12.419,8.854,14.588,14.394,14.155,0.029,0.043,,,0.039,0.054,0.057
J053316.77+273217.8,83.319905,27.538286,13.125,0.026,13.428,,13.227,0.034,II,CBe,,,17.911,0.011,16.277,0.004,15.06,0.0,15.35,0.0,14.75,0.0,13.125,13.119,12.22,8.839,13.928,13.428,13.227,0.026,0.03,0.425,,,,0.034
J053459.32+280743.6,83.747208,28.128778,12.492,0.024,12.818,0.025,12.662,0.024,II,CBe,,,16.145,0.006,14.984,0.004,14.01,0.0,14.36,0.0,13.87,0.0,12.492,12.305,11.196,8.959,13.109,12.818,12.662,0.024,0.025,0.162,,0.023,0.025,0.024
J053437.74+281445.6,83.65725,28.246024,12.582,0.024,13.026,0.024,12.722,0.023,II,CBe,,,19.837,0.031,17.41,0.005,15.68,0.0,16.01,0.0,15.05,0.0,12.582,12.541,12.163,8.391,13.516,13.026,12.722,0.024,0.026,0.384,,0.023,0.024,0.023
J062855.40+004406.2,97.23086,0.735073,11.277,0.023,11.499,0.022,11.375,0.023,II,CBe,,,14.644,0.003,13.382,0.002,12.38,0.0,12.61,0.0,12.25,0.0,11.277,11.249,11.063,8.77,11.643,11.499,11.375,0.023,0.021,0.117,,0.024,0.022,0.023
J055304.77+312759.2,88.269906,31.466467,13.902,0.028,14.094,0.042,13.958,0.04,II,CBe,,,16.858,0.008,15.424,0.004,14.84,0.0,15.04,0.0,14.68,0.0,13.902,13.956,12.465,8.934,14.237,14.094,13.958,0.028,0.042,,0.533,0.035,0.042,0.04
J053235.84+293829.0,83.149344,29.641397,11.926,0.023,12.16,0.023,12.049,0.018,II,CBe,,,16.508,0.007,14.665,0.003,13.75,0.0,13.93,0.0,13.34,0.0,11.926,11.926,12.149,8.777,12.426,12.16,12.049,0.023,0.024,0.376,,0.022,0.023,0.018
J053652.40+291431.1,84.218359,29.241993,12.635,0.024,12.986,0.027,12.762,0.026,II,CBe,,,18.551,0.017,16.384,0.004,15.09,0.0,15.34,0.0,14.58,0.0,12.635,12.581,12.002,8.926,13.392,12.986,12.762,0.024,0.027,,,0.022,0.027,0.026
J053525.55+291609.9,83.85649,29.269428,12.225,0.032,12.46,0.027,12.34,0.029,II,CBe,,,17.467,0.01,15.639,0.004,14.37,0.0,14.62,0.0,13.91,0.0,12.225,12.224,11.446,8.523,12.858,12.46,12.34,0.032,0.032,0.242,,0.028,0.027,0.029
J053513.39+310102.9,83.805815,31.017493,13.009,0.025,13.311,0.026,13.153,0.028,II,CBe,,,18.932,0.023,16.78,0.004,15.46,0.0,15.73,0.0,14.89,0.0,13.009,12.999,12.265,8.892,13.721,13.311,13.153,0.025,0.027,,,0.026,0.026,0.028
J053550.77+310513.5,83.961551,31.087102,13.66,0.027,13.885,0.032,13.759,0.04,II,CBe,,,19.7,0.038,17.455,0.005,16.09,0.01,16.34,0.01,15.5,0.01,13.66,13.679,11.717,8.237,14.336,13.885,13.759,0.027,0.04,,,0.026,0.032,0.04
J054350.26+300952.9,85.959452,30.164715,12.936,0.025,13.387,0.026,13.157,0.029,II,CBe,,,20.083,0.044,17.637,0.005,15.99,0.01,16.32,0.01,15.31,0.01,12.936,12.882,11.804,8.533,13.859,13.387,13.157,0.025,0.028,0.349,0.435,0.024,0.026,0.029
J055343.44+223857.0,88.431,22.649184,10.536,0.023,10.755,0.021,10.633,0.017,II,CBe,Star,,15.39,0.008,14.333,0.013,11.79,0.0,12.27,0.0,11.63,0.0,10.536,10.492,10.356,9.014,10.908,10.755,10.633,0.023,0.02,0.08,,0.022,0.021,0.017
J055258.25+205813.6,88.242714,20.970465,12.343,0.024,12.427,0.023,12.363,0.02,II,CBe,,,14.579,0.004,14.252,0.01,13.06,0.0,13.23,0.0,12.95,0.0,12.343,12.397,12.063,9.013,12.509,12.427,12.363,0.024,0.023,,,0.02,0.023,0.02
J054905.73+205120.7,87.273882,20.855764,12.113,0.024,12.22,0.035,12.209,0.024,II,CBe,,,15.501,0.009,13.412,0.001,12.83,0.0,13.0,0.0,12.7,0.0,12.113,12.136,12.148,8.849,12.355,12.22,12.209,0.024,0.025,0.365,,0.026,0.035,0.024
J054610.71+211613.3,86.544665,21.27038,10.79,0.024,10.956,0.022,10.855,0.02,II,CBe,,,15.235,0.006,15.498,0.013,12.09,0.0,12.47,0.0,11.85,0.0,10.79,10.785,10.872,8.791,11.184,10.956,10.855,0.024,0.021,0.135,,0.022,0.022,0.02
J055246.71+205507.4,88.194652,20.918732,11.942,0.023,12.16,0.024,12.04,0.022,II,CBe,,,15.853,0.005,14.431,0.003,13.57,0.0,13.84,0.0,13.34,0.0,11.942,11.939,12.169,8.75,12.542,12.16,12.04,0.023,0.022,0.395,,0.024,0.024,0.022
J054454.88+211700.1,86.22867,21.283385,11.677,0.023,11.787,0.023,11.713,0.02,II,CBe,Star,,15.793,0.013,13.233,0.001,12.53,0.0,12.86,0.0,12.41,0.0,11.677,11.696,11.594,8.373,11.969,11.787,11.713,0.023,0.022,0.28,,0.02,0.023,0.02
J054752.59+215127.5,86.969143,21.857657,12.565,0.032,12.666,0.032,12.612,0.025,II,CBe,,,16.098,0.008,15.307,0.019,13.48,0.0,13.61,0.0,13.32,0.0,12.565,12.551,12.102,8.348,12.847,12.666,12.612,0.032,0.033,,,0.031,0.032,0.025
J055654.23+220545.2,89.225968,22.095904,11.171,0.025,11.437,0.023,11.304,0.019,II,CBe,Star,,15.501,0.007,13.277,0.002,12.52,0.0,12.72,0.0,12.36,0.0,11.171,11.172,11.054,8.465,11.562,11.437,11.304,0.025,0.022,0.142,,0.021,0.023,0.019
J055343.44+223857.0,88.431,22.649184,10.536,0.023,10.755,0.021,10.633,0.017,II,CBe,Star,,15.39,0.008,14.333,0.013,11.79,0.0,12.27,0.0,11.63,0.0,10.536,10.492,10.356,9.014,10.908,10.755,10.633,0.023,0.02,0.08,,0.022,0.021,0.017
J055117.47+303427.1,87.822793,30.574206,13.436,0.026,13.589,0.036,13.486,0.039,II,CBe,,,15.978,0.005,14.615,0.004,14.36,0.0,14.4,0.0,14.14,0.0,13.436,13.446,11.699,8.862,13.688,13.589,13.486,0.026,0.035,,,0.028,0.036,0.039
J052935.38+274607.9,82.397421,27.768866,12.938,0.024,13.194,0.027,13.014,0.021,II,CBe,,,17.696,0.011,15.832,0.004,14.76,0.0,14.99,0.0,14.41,0.0,12.938,12.913,12.354,8.674,13.495,13.194,13.014,0.024,0.028,0.485,,0.024,0.027,0.021
J052622.01+295220.0,81.591739,29.872232,13.479,0.026,13.712,0.035,13.612,0.035,II,CBe,,,16.435,0.007,14.945,0.004,14.49,0.0,14.59,0.0,14.27,0.0,13.479,13.491,12.408,8.782,13.788,13.712,13.612,0.026,0.034,,,0.024,0.035,0.035
J053318.31+283247.0,83.326332,28.546394,12.487,0.024,12.809,0.024,12.64,0.025,II,CBe,,,18.279,0.013,16.12,0.004,14.9,0.0,15.11,0.0,14.33,0.0,12.487,12.418,11.858,8.971,13.218,12.809,12.64,0.024,0.024,0.375,,0.021,0.024,0.025
J053515.82+310636.5,83.815948,31.110145,12.745,0.024,13.2,0.024,13.008,0.028,II,CBe,,,19.782,0.042,17.182,0.005,15.66,0.0,15.94,0.0,15.03,0.0,12.745,12.719,11.784,8.665,13.652,13.2,13.008,0.024,0.027,0.346,,0.024,0.024,0.028
J052725.67+280204.0,81.856988,28.034462,13.965,0.03,14.185,0.04,14.053,0.043,II,CBe,,,18.413,0.014,16.689,0.004,15.72,0.01,15.94,0.0,15.35,0.01,13.965,14.164,12.448,9.009,14.485,14.185,14.053,0.03,0.049,,,0.028,0.04,0.043
J053538.50+284918.5,83.910438,28.821828,13.799,0.029,14.061,0.035,13.813,0.039,II,CBe,,,19.167,0.021,17.123,0.005,15.99,0.01,16.19,0.01,15.46,0.0,13.799,13.914,12.228,8.945,14.377,14.061,13.813,0.029,0.041,,,0.025,0.035,0.039
J053600.08+285954.3,84.000334,28.99842,13.91,0.028,14.173,0.036,13.917,0.044,II,CBe,,,19.946,0.035,17.893,0.006,16.51,0.01,16.76,0.01,15.9,0.01,13.91,13.879,11.889,8.781,14.573,14.173,13.917,0.028,0.041,,,0.024,0.036,0.044
J060712.61+222247.6,91.80256,22.379892,11.651,0.026,11.882,0.022,11.773,0.021,II,CBe,,,15.288,0.004,13.872,0.003,12.96,0.0,13.16,0.0,12.73,0.0,11.651,11.634,11.568,8.556,12.004,11.882,11.773,0.026,0.027,0.26,,0.021,0.022,0.021
J060401.53+221618.4,91.006377,22.271798,11.726,0.024,12.059,0.022,11.887,0.018,II,CBe,,,15.913,0.005,14.451,0.003,13.4,0.0,13.76,0.0,13.21,0.0,11.726,11.613,11.164,8.276,12.298,12.059,11.887,0.024,0.022,0.175,,0.025,0.022,0.018
J060331.78+220354.4,90.882454,22.065136,12.299,0.024,12.559,0.026,12.489,0.023,II,CBe,,,15.457,0.005,14.273,0.004,13.41,0.0,13.63,0.0,13.28,0.0,12.299,12.309,11.427,8.617,12.703,12.559,12.489,0.024,0.025,0.292,,0.022,0.026,0.023
J061152.34+234344.6,92.968107,23.729066,11.191,0.023,11.231,0.022,11.149,0.017,II,CBe,Star,,14.3,0.005,12.5,0.001,11.45,0.0,12.1,0.0,11.59,0.0,11.191,11.172,11.21,8.461,11.29,11.231,11.149,0.023,0.022,0.162,,0.02,0.022,0.017
J060658.37+244612.2,91.743209,24.770063,12.691,0.024,12.785,0.023,12.725,0.026,II,CBe,,,15.587,0.005,14.098,0.003,13.58,0.0,13.74,0.0,13.41,0.0,12.691,12.683,12.544,8.965,12.971,12.785,12.725,0.024,0.027,,,0.023,0.023,0.026
J040932.30+530403.0,62.384605,53.067519,11.09,0.024,11.4,0.029,11.282,0.026,II,CBe,,,14.864,0.004,14.409,0.008,12.39,0.0,12.75,0.0,12.27,0.0,11.09,11.026,10.56,8.394,11.593,11.4,11.282,0.024,0.022,0.087,,0.023,0.029,0.026
J042512.13+541707.5,66.300543,54.285438,11.25,0.023,11.421,0.022,11.343,0.017,II,CBe,,,15.418,0.004,14.622,0.004,12.7,0.0,12.96,0.0,12.4,0.0,11.25,11.265,10.918,9.109,11.704,11.421,11.343,0.023,0.02,0.101,,0.018,0.022,0.017
J054654.00+205738.4,86.725009,20.960678,12.516,0.023,12.887,0.024,12.609,0.021,II,CBe,,,18.13,0.015,16.429,0.004,14.93,0.0,15.35,0.0,14.55,0.0,12.516,12.364,11.582,8.596,13.315,12.887,12.609,0.023,0.024,0.307,0.391,0.02,0.024,0.021
J055040.08+221948.0,87.66702,22.330008,13.076,0.026,13.28,0.035,13.16,0.028,II,CBe,,,16.798,0.008,15.346,0.004,14.43,0.0,14.61,0.0,14.22,0.0,13.076,13.127,12.199,8.247,13.495,13.28,13.16,0.026,0.03,,,0.029,0.035,0.028
J055400.37+220207.7,88.501568,22.035497,13.393,0.025,13.782,0.03,13.675,0.035,II,CBe,,,17.475,0.01,15.777,0.003,15.13,0.01,15.31,0.0,14.86,0.0,13.393,13.439,12.401,8.789,13.978,13.782,13.675,0.025,0.034,,,0.024,0.03,0.035
J055237.89+221034.6,88.15788,22.176292,13.253,0.026,13.432,0.032,13.31,0.027,II,CBe,,,17.049,0.008,15.354,0.004,14.68,0.0,14.82,0.0,14.37,0.0,13.253,13.25,12.366,8.976,13.613,13.432,13.31,0.026,0.033,,,0.022,0.032,0.027
J055514.56+213909.2,88.810688,21.65258,12.195,0.024,12.47,0.021,12.293,0.02,II,CBe,,,15.752,0.005,14.462,0.003,13.62,0.0,13.96,0.0,13.5,0.0,12.195,12.106,11.785,8.599,12.683,12.47,12.293,0.024,0.024,0.309,,0.022,0.021,0.02
J060406.13+221256.3,91.025565,22.215655,12.086,0.024,12.405,0.026,12.27,0.025,II,CBe,,,17.313,0.009,15.329,0.003,14.2,0.0,14.47,0.0,13.8,0.0,12.086,12.089,12.002,8.894,12.695,12.405,12.27,0.024,0.024,0.379,,0.022,0.026,0.025
J055837.80+232748.7,89.657507,23.463549,13.918,0.029,14.102,0.047,14.011,0.054,II,CBe,,,18.736,0.019,16.771,0.004,15.76,0.01,15.93,0.0,15.33,0.0,13.918,14.033,12.165,8.74,14.466,14.102,14.011,0.029,0.045,,,0.031,0.047,0.054
J055811.13+234051.9,89.546409,23.68111,13.243,0.025,13.593,0.026,13.386,0.031,II,CBe,,,18.308,0.016,16.396,0.004,15.33,0.0,15.56,0.0,14.91,0.0,13.243,13.291,12.097,8.987,13.879,13.593,13.386,0.025,0.034,,,0.022,0.026,0.031
J060134.35+233221.8,90.393148,23.539401,12.878,0.025,13.132,0.033,12.963,0.023,II,CBe,,,17.429,0.009,15.565,0.003,14.69,0.0,14.86,0.0,14.31,0.0,12.878,12.877,12.313,8.929,13.364,13.132,12.963,0.025,0.028,,,0.026,0.033,0.023
J061112.90+243515.5,92.803773,24.587649,13.12,0.025,13.312,0.028,13.253,0.027,II,CBe,,,15.828,0.005,14.59,0.003,13.99,0.0,14.25,0.0,13.96,0.0,13.12,13.078,12.369,8.087,13.459,13.312,13.253,0.025,0.03,0.491,,0.024,0.028,0.027
J061327.62+245920.2,93.365098,24.988968,12.418,0.025,12.612,0.021,12.473,0.022,II,CBe,,,16.721,0.007,14.916,0.003,14.03,0.0,14.26,0.0,13.72,0.0,12.418,12.417,12.341,8.894,12.878,12.612,12.473,0.025,0.025,,,0.019,0.021,0.022
J060235.60+235709.4,90.648364,23.952624,12.847,0.026,13.203,0.025,12.988,0.026,II,CBe,,,19.159,0.024,17.031,0.004,15.27,0.0,15.58,0.0,14.72,0.0,12.847,12.77,12.354,8.832,13.643,13.203,12.988,0.026,0.029,,,0.024,0.025,0.026
J061040.23+235156.4,92.667629,23.865678,13.818,0.03,13.962,0.033,13.868,0.035,II,CBe,,,16.972,0.008,15.387,0.003,14.95,0.0,15.07,0.0,14.81,0.0,13.818,13.934,11.891,8.771,14.088,13.962,13.868,0.03,0.043,,,0.025,0.033,0.035
J060516.53+243406.4,91.318888,24.568466,12.86,0.025,13.07,0.025,12.912,0.025,II,CBe,,,16.949,0.008,15.339,0.003,14.42,0.0,14.69,0.0,14.24,0.0,12.86,12.857,12.428,8.794,13.338,13.07,12.912,0.025,0.028,,,0.022,0.025,0.025
J060249.43+320604.9,90.705959,32.101385,13.135,0.025,13.367,0.021,13.256,0.026,II,CBe,,,15.996,0.005,14.593,0.004,14.07,0.0,14.23,0.0,13.92,0.0,13.135,13.149,12.088,8.735,13.449,13.367,13.256,0.025,0.033,,,0.021,0.021,0.026
J054936.01+203904.6,87.400066,20.651292,13.575,0.028,13.707,0.032,13.625,0.035,II,CBe,,,16.247,0.006,15.138,0.004,14.55,0.0,14.79,0.0,14.41,0.0,13.575,13.631,12.448,8.779,13.851,13.707,13.625,0.028,0.038,,,0.027,0.032,0.035
J055107.87+203551.8,87.782821,20.597747,13.711,0.027,14.012,0.034,13.865,0.044,II,CBe,,,17.787,0.011,16.048,0.003,15.33,0.01,15.45,0.0,15.0,0.0,13.711,13.812,12.355,8.905,14.254,14.012,13.865,0.027,0.039,,,0.028,0.034,0.044
J055010.84+203427.2,87.54519,20.57424,13.461,0.029,13.718,0.06,13.585,0.046,II,CBe,,,17.68,0.011,15.931,0.004,15.13,0.01,15.29,0.0,14.75,0.0,13.461,13.42,12.119,8.2,13.935,13.718,13.585,0.029,0.036,,,0.041,0.06,0.046
J055017.33+204713.0,87.572249,20.786969,13.98,0.028,14.156,0.038,14.091,0.042,II,CBe,,,17.387,0.009,15.789,0.004,15.27,0.01,15.38,0.0,15.03,0.0,13.98,14.013,12.05,8.824,14.434,14.156,14.091,0.028,0.04,,,0.026,0.038,0.042
J055226.57+220420.2,88.110739,22.072301,13.394,0.025,13.541,0.021,13.488,0.032,II,CBe,,,16.844,0.008,15.363,0.004,14.69,0.0,14.88,0.0,14.46,0.0,13.394,13.462,12.272,8.781,13.819,13.541,13.488,0.025,0.034,,,0.024,0.021,0.032
J055349.91+214740.7,88.457979,21.794662,13.215,0.025,13.417,0.026,13.36,0.027,II,CBe,,,16.145,0.006,14.696,0.004,14.3,0.0,14.42,0.0,14.11,0.0,13.215,13.183,11.899,8.823,13.581,13.417,13.36,0.025,0.032,,,0.022,0.026,0.027
J055336.86+220429.2,88.403623,22.074791,12.898,0.024,13.093,0.027,12.948,0.027,II,CBe,,,16.545,0.007,14.872,0.003,14.29,0.0,14.46,0.0,14.05,0.0,12.898,12.916,12.054,8.604,13.266,13.093,12.948,0.024,0.029,,,0.023,0.027,0.027
J055331.99+221415.0,88.383302,22.237502,13.353,0.026,13.523,0.027,13.405,0.026,II,CBe,,,17.968,0.013,16.079,0.004,15.16,0.0,15.33,0.0,14.81,0.0,13.353,13.395,11.504,8.531,13.86,13.523,13.405,0.026,0.034,,,0.023,0.027,0.026
J055759.83+220700.6,89.499313,22.116848,13.207,0.026,13.365,0.023,13.195,0.03,II,CBe,,,16.797,0.007,15.11,0.003,14.52,0.0,14.66,0.0,14.26,0.0,13.207,13.307,12.484,8.556,13.544,13.365,13.195,0.026,0.034,0.532,,0.023,0.023,0.03
J055309.74+212045.3,88.290588,21.34594,13.001,0.025,13.192,0.024,13.045,0.027,II,CBe,,,16.337,0.006,14.826,0.003,14.33,0.0,14.48,0.0,14.11,0.0,13.001,13.076,11.987,8.803,13.378,13.192,13.045,0.025,0.029,,,0.023,0.024,0.027
J055249.11+212233.3,88.204636,21.375933,13.143,0.026,13.285,0.026,13.212,0.021,II,CBe,,,16.541,0.007,14.973,0.003,14.46,0.0,14.61,0.0,14.24,0.0,13.143,13.207,12.255,8.706,13.535,13.285,13.212,0.026,0.033,,,0.022,0.026,0.021
J055353.63+212458.3,88.473459,21.416197,13.447,0.027,13.563,0.027,13.497,0.029,II,CBe,,,16.518,0.006,14.961,0.003,14.59,0.0,14.69,0.0,14.37,0.0,13.447,13.491,12.541,8.561,13.716,13.563,13.497,0.027,0.036,,,0.023,0.027,0.029
J055252.86+210928.2,88.220274,21.157855,13.762,0.029,13.903,0.032,13.797,0.036,II,CBe,,,17.543,0.01,15.757,0.004,15.12,0.0,15.29,0.0,14.88,0.0,13.762,13.749,12.09,8.487,14.143,13.903,13.797,0.029,0.04,,,0.026,0.032,0.036
J054710.00+212719.0,86.791692,21.455289,13.931,0.028,14.003,0.029,13.881,0.048,II,CBe,,,17.405,0.01,15.769,0.004,15.15,0.0,15.29,0.0,14.91,0.0,13.931,13.941,12.4,8.584,14.226,14.003,13.881,0.028,0.041,,,0.03,0.029,0.048
J061719.20+243256.2,94.330005,24.548969,13.706,0.029,13.939,0.032,13.814,0.04,II,CBe,,,17.847,0.012,16.032,0.003,15.21,0.0,15.37,0.0,14.88,0.0,13.706,13.666,11.696,8.652,14.153,13.939,13.814,0.029,0.042,,,0.026,0.032,0.04
J060352.23+235207.3,90.967633,23.868718,12.047,0.025,12.434,0.026,12.271,0.023,II,CBe,,,18.028,0.013,15.868,0.003,14.49,0.0,14.77,0.0,13.97,0.0,12.047,12.033,11.299,8.598,12.844,12.434,12.271,0.025,0.024,0.18,,0.026,0.026,0.023
J060648.02+222118.1,91.700101,22.355047,12.681,0.024,12.927,0.023,12.806,0.023,II,CBe,,,16.148,0.005,14.788,0.003,13.97,0.0,14.28,0.0,13.82,0.0,12.681,12.671,11.582,8.845,13.108,12.927,12.806,0.024,0.027,,,0.023,0.023,0.023
J060806.73+222848.3,92.028049,22.480091,13.269,0.038,13.547,0.029,13.42,0.028,II,CBe,,,18.01,0.013,16.214,0.003,15.12,0.0,15.34,0.0,14.72,0.0,13.269,13.319,11.833,8.941,13.906,13.547,13.42,0.038,0.041,,,0.028,0.029,0.028
J060406.13+221256.3,91.025565,22.215655,12.086,0.024,12.405,0.026,12.27,0.025,II,CBe,,,17.313,0.009,15.329,0.003,14.2,0.0,14.47,0.0,13.8,0.0,12.086,12.089,12.002,8.894,12.695,12.405,12.27,0.024,0.024,0.379,,0.022,0.026,0.025
J061113.13+251020.2,92.804744,25.172296,13.057,0.025,13.243,0.025,13.13,0.026,II,CBe,,,16.295,0.006,14.738,0.003,14.18,0.0,14.34,0.0,13.96,0.0,13.057,13.088,12.292,8.911,13.419,13.243,13.13,0.025,0.029,,,0.024,0.025,0.026
J055122.37+224935.0,87.843238,22.826394,11.476,0.023,11.845,0.019,11.643,0.022,II,CBe,,,17.697,0.011,15.577,0.004,14.07,0.0,14.42,0.0,13.56,0.0,11.476,11.424,11.246,8.832,12.228,11.845,11.643,0.023,0.022,0.168,,0.021,0.019,0.022
J055530.44+224933.7,88.87685,22.826054,11.646,0.023,11.997,0.019,11.793,0.022,II,CBe,,,17.784,0.012,15.882,0.004,14.21,0.0,14.56,0.0,13.77,0.0,11.646,11.591,11.727,8.865,12.364,11.997,11.793,0.023,0.022,0.283,,0.021,0.019,0.022
J055407.50+225723.8,88.531258,22.956612,12.212,0.036,12.51,0.063,12.302,0.053,II,CBe,,,18.152,0.015,16.071,0.003,14.7,0.0,15.0,0.0,14.19,0.0,12.212,12.201,12.185,8.428,12.877,12.51,12.302,0.036,0.038,0.51,,0.052,0.063,0.053
J054311.57+201731.7,85.798217,20.29214,12.912,0.024,13.138,0.028,12.977,0.036,II,CBe,,,16.706,0.007,14.984,0.004,14.34,0.0,14.5,0.0,14.07,0.0,12.912,12.905,12.447,8.933,13.312,13.138,12.977,0.024,0.028,,,0.026,0.028,0.036
J054301.85+211052.1,85.757728,21.181157,13.522,0.027,13.787,0.032,13.55,0.044,II,CBe,,,18.691,0.018,16.811,0.005,15.51,0.01,15.8,0.0,15.09,0.01,13.522,13.574,12.41,8.841,14.116,13.787,13.55,0.027,0.036,,,0.029,0.032,0.044
J054304.13+214157.7,85.767213,21.699364,13.724,0.028,13.943,0.037,13.767,0.055,II,CBe,,,17.845,0.012,16.05,0.004,15.26,0.0,15.41,0.0,15.0,0.0,13.724,13.695,12.079,9.033,14.17,13.943,13.767,0.028,0.04,,,0.03,0.037,0.055
J054314.39+213100.3,85.809999,21.516763,13.533,0.026,13.851,0.036,13.663,0.052,II,CBe,,,18.428,0.018,16.623,0.004,15.51,0.0,15.74,0.0,15.1,0.0,13.533,13.557,12.363,8.381,14.182,13.851,13.663,0.026,0.035,,,0.028,0.036,0.052
J054727.09+211623.1,86.862904,21.27309,12.012,0.024,12.214,0.022,12.078,0.022,II,CBe,,,16.749,0.008,15.076,0.004,13.82,0.0,14.12,0.0,13.51,0.0,12.012,11.996,11.832,8.377,12.605,12.214,12.078,0.024,0.024,0.353,,0.021,0.022,0.022
J055318.13+304855.3,88.325578,30.815374,11.767,0.023,11.911,0.031,11.813,0.02,II,CBe,,,15.446,0.006,13.745,0.004,12.89,0.0,13.08,0.0,12.67,0.0,11.767,11.773,11.513,8.574,12.142,11.911,11.813,0.023,0.024,0.238,,0.026,0.031,0.02
J052813.88+280650.4,82.05784,28.11402,13.578,0.026,13.812,0.027,13.794,0.041,III,CBe,,,16.932,0.007,15.621,0.003,14.84,0.0,15.14,0.0,14.74,0.0,13.578,13.579,12.359,8.713,14.111,13.812,13.794,0.026,0.035,,,0.026,0.027,0.041
J052850.94+272112.0,82.21225,27.353361,12.877,0.025,13.3,0.031,13.137,0.03,III,CBe,,,16.455,0.006,15.157,0.003,14.19,0.0,14.57,0.0,14.13,0.0,12.877,12.775,11.906,8.709,13.467,13.3,13.137,0.025,0.026,,,0.024,0.031,0.03
J052813.88+280650.4,82.05784,28.11402,13.578,0.026,13.812,0.027,13.794,0.041,III,CBe,,,16.932,0.007,15.621,0.003,14.84,0.0,15.14,0.0,14.74,0.0,13.578,13.579,12.359,8.713,14.111,13.812,13.794,0.026,0.035,,,0.026,0.027,0.041
J052050.61+282125.7,80.210909,28.357143,12.861,0.025,13.242,0.026,13.018,0.028,III,CBe,,,16.982,0.008,15.612,0.005,14.23,0.0,14.63,0.0,14.22,0.0,12.861,12.705,12.048,8.353,13.462,13.242,13.018,0.025,0.026,0.41,,0.021,0.026,0.028
J055627.37+222602.1,89.114066,22.433938,12.535,0.024,13.233,0.026,13.0,0.028,III,CBe,,,22.006,0.218,19.054,0.01,15.85,0.01,16.35,0.01,15.52,0.01,12.535,12.484,11.828,8.86,14.07,13.233,13.0,0.024,0.026,,,0.028,0.026,0.028
J055418.55+225414.1,88.577333,22.903944,12.278,0.025,12.773,0.024,12.479,0.023,III,CBe,,,17.593,0.01,16.159,0.004,14.64,0.0,15.19,0.0,14.48,0.0,12.278,12.007,11.012,8.732,13.193,12.773,12.479,0.025,0.023,0.146,,0.022,0.024,0.023
J034653.69+480020.8,56.723744,48.005798,12.546,0.025,12.684,0.029,12.607,0.026,IV,CBe,,,15.252,0.004,13.957,0.003,13.39,0.0,13.6,0.0,13.29,0.0,12.546,12.525,12.043,8.991,12.824,12.684,12.607,0.025,0.025,,,0.025,0.029,0.026
J035814.15+521024.2,59.558959,52.173405,10.573,0.023,10.801,0.032,10.645,0.021,IV,CBe,Emission-line Star,,15.074,0.006,14.77,0.011,11.97,0.0,12.91,0.0,11.78,0.0,10.573,10.584,10.818,9.164,10.885,10.801,10.645,0.023,0.02,0.107,,0.029,0.032,0.021
J053523.61+284004.6,83.848392,28.667956,13.816,0.027,14.164,0.034,13.875,0.039,IV,CBe,,,19.87,0.032,17.921,0.006,16.39,0.01,16.71,0.01,15.88,0.01,13.816,13.857,11.665,8.935,14.596,14.164,13.875,0.027,0.041,,,0.028,0.034,0.039
J065415.90+082421.2,103.56628,8.4059149,12.79,0.024,12.947,0.027,12.904,0.029,IV,CBe,,,15.399,0.005,15.517,0.012,13.58,0.0,13.7,0.0,13.49,0.0,12.79,12.826,12.219,8.995,13.06,12.947,12.904,0.024,0.028,0.408,,0.025,0.027,0.029
J034653.69+480020.8,56.723744,48.005798,12.546,0.025,12.684,0.029,12.607,0.026,IV,CBe,,,15.252,0.004,13.957,0.003,13.39,0.0,13.6,0.0,13.29,0.0,12.546,12.525,12.043,8.991,12.824,12.684,12.607,0.025,0.025,,,0.025,0.029,0.026
J061908.29+251019.6,94.78456,25.172118,11.979,0.023,12.149,0.022,12.076,0.02,IV,CBe,,,15.214,0.005,13.845,0.004,12.9,0.0,13.17,0.0,12.79,0.0,11.979,11.975,11.141,8.961,12.314,12.149,12.076,0.023,0.024,0.184,,0.021,0.022,0.02
J065212.34+094909.2,103.05145,9.8192245,12.546,0.023,12.662,0.03,12.608,0.028,IV,CBe,,,15.125,0.006,14.806,0.012,13.06,0.0,13.15,0.0,13.0,0.0,12.546,12.584,11.922,8.454,12.746,12.662,12.608,0.023,0.027,0.402,,0.023,0.03,0.028
J040309.88+523538.0,60.791172,52.593914,11.894,0.023,12.053,0.029,11.953,0.023,IV,CBe,,,14.778,0.004,14.43,0.008,12.79,0.0,12.93,0.0,12.64,0.0,11.894,11.906,11.576,8.305,12.157,12.053,11.953,0.023,0.023,0.255,,0.024,0.029,0.023
J040549.26+511508.6,61.45529,51.252399,11.917,0.023,12.186,0.032,12.054,0.027,IV,CBe,,,17.169,0.008,15.068,0.003,13.94,0.0,14.18,0.0,13.56,0.0,11.917,11.889,11.972,9.037,12.479,12.186,12.054,0.023,0.023,0.288,,0.022,0.032,0.027
J064918.55+111355.9,102.32731,11.232213,12.58,0.042,12.722,0.022,12.624,0.026,IV,CBe,,,15.186,0.005,14.003,0.009,13.38,0.0,13.5,0.0,13.21,0.0,12.58,12.644,12.015,8.638,12.824,12.722,12.624,0.042,0.04,0.492,,0.021,0.022,0.026
J053441.38+282148.0,83.67244,28.363334,11.811,0.024,12.208,0.022,12.015,0.02,IV,CBe,,,17.845,0.011,15.81,0.004,14.3,0.0,14.69,0.0,13.87,0.0,11.811,11.763,11.598,8.697,12.6,12.208,12.015,0.024,0.023,0.295,,0.023,0.022,0.02
J060523.14+232634.5,91.346443,23.442923,13.846,0.029,14.121,0.045,13.961,0.047,IV,CBe,,,18.707,0.019,16.837,0.004,15.8,0.01,16.03,0.0,15.43,0.01,13.846,13.839,11.63,8.309,14.433,14.121,13.961,0.029,0.04,,,0.042,0.045,0.047
J053133.54+282300.1,82.889761,28.383367,12.228,0.022,12.559,0.027,12.421,0.021,IV,CBe,,,17.754,0.01,15.796,0.004,14.45,0.0,14.75,0.0,14.0,0.0,12.228,12.199,12.452,8.721,12.94,12.559,12.421,0.022,0.025,,,0.021,0.027,0.021
J053214.70+274002.3,83.061287,27.667324,13.861,0.029,14.199,0.038,14.015,0.052,IV,CBe,,,19.286,0.023,17.227,0.005,16.08,0.01,16.3,0.01,15.65,0.01,13.861,13.81,12.245,8.449,14.532,14.199,14.015,0.029,0.042,,,0.03,0.038,0.052
J054828.90+312019.2,87.120417,31.338694,13.267,0.026,13.512,0.03,13.36,0.035,IV,CBe,,,15.92,0.006,14.834,0.004,14.16,0.0,14.52,0.0,14.2,0.0,13.267,13.16,11.97,8.962,13.708,13.512,13.36,0.026,0.03,,,0.025,0.03,0.035
J055439.93+320300.2,88.666375,32.050056,13.01,0.025,13.298,0.038,13.145,0.024,IV,CBe,,,15.553,0.006,14.198,0.009,13.75,0.0,14.06,0.0,13.79,0.0,13.01,12.893,12.011,8.435,13.374,13.298,13.145,0.025,0.028,0.325,,0.026,0.038,0.024
J055354.56+212353.5,88.47737,21.398203,11.35,0.023,11.657,0.02,11.487,0.022,IV,CBe,,,19.233,0.025,16.618,0.004,14.71,0.0,15.14,0.0,14.18,0.0,11.35,11.38,11.394,8.2,12.453,11.657,11.487,0.023,0.021,0.213,,0.02,0.02,0.022
J055257.33+231001.0,88.238891,23.166958,10.161,0.023,10.502,0.023,10.284,0.02,IV,CBe,,,15.459,0.005,16.187,0.013,12.63,0.0,13.34,0.0,12.41,0.0,10.161,10.147,9.796,8.367,11.151,10.502,10.284,0.023,0.02,0.061,,0.02,0.023,0.02
J054855.39+291629.5,87.230813,29.274862,12.082,0.023,12.283,0.019,12.164,0.02,IV,CBe,,,15.643,0.006,14.417,0.009,13.29,0.0,13.48,0.0,13.06,0.0,12.082,12.086,11.864,8.477,12.453,12.283,12.164,0.023,0.022,,,0.021,0.019,0.02
J055134.17+304159.4,87.892395,30.699848,12.042,0.023,12.226,0.034,12.131,0.027,IV,CBe,,,15.067,0.006,13.64,0.002,12.9,0.0,13.08,0.0,12.79,0.0,12.042,12.018,11.563,8.686,12.351,12.226,12.131,0.023,0.023,0.234,,0.027,0.034,0.027
J053441.38+282148.0,83.67244,28.363334,11.811,0.024,12.208,0.022,12.015,0.02,IV,CBe,,,17.845,0.011,15.81,0.004,14.3,0.0,14.69,0.0,13.87,0.0,11.811,11.763,11.598,8.697,12.6,12.208,12.015,0.024,0.023,0.295,,0.023,0.022,0.02
J060818.03+222634.9,92.07514,22.443044,11.166,0.024,11.562,0.022,11.351,0.022,IV,CBe,,,16.208,0.005,14.638,0.003,13.5,0.0,13.86,0.0,13.21,0.0,11.166,11.048,10.836,8.752,12.058,11.562,11.351,0.024,0.021,0.115,,0.021,0.022,0.022
J041146.98+535924.2,62.945788,53.990082,11.017,0.023,11.236,0.029,11.069,0.021,IV,CBe,,,15.364,0.005,14.49,0.005,12.58,0.0,12.98,0.0,12.41,0.0,11.017,10.915,10.114,8.316,11.513,11.236,11.069,0.023,0.02,0.069,0.338,0.024,0.029,0.021
J053700.02+310932.1,84.25009,31.15892,13.365,0.026,13.742,0.029,13.48,0.033,IV,CBe,,,20.026,0.045,17.726,0.005,16.2,0.01,16.49,0.01,15.57,0.01,13.365,13.381,12.531,8.851,14.168,13.742,13.48,0.026,0.035,,,0.026,0.029,0.033
J061454.33+241729.5,93.726413,24.291546,12.355,0.024,12.572,0.022,12.384,0.021,IV,CBe,,,16.94,0.008,15.356,0.003,14.36,0.0,14.69,0.0,14.15,0.0,12.355,12.333,12.357,9.087,13.041,12.572,12.384,0.024,0.024,,,0.021,0.022,0.021
J054748.66+211214.8,86.952783,21.204126,13.929,0.029,14.088,0.043,13.942,0.044,IV,CBe,,,18.179,0.015,16.643,0.004,15.52,0.0,15.78,0.0,15.23,0.0,13.929,14.055,12.563,8.941,14.479,14.088,13.942,0.029,0.049,,,0.035,0.043,0.044
J061454.33+241729.5,93.726413,24.291546,12.355,0.024,12.572,0.022,12.384,0.021,IV,CBe,,,16.94,0.008,15.356,0.003,14.36,0.0,14.69,0.0,14.15,0.0,12.355,12.333,12.357,9.087,13.041,12.572,12.384,0.024,0.024,,,0.021,0.022,0.021
J055043.15+213609.2,87.679819,21.602576,12.827,0.025,13.016,0.032,12.881,0.025,IV,CBe,,,16.133,0.006,14.532,0.003,13.9,0.0,14.05,0.0,13.69,0.0,12.827,12.838,11.645,8.39,13.117,13.016,12.881,0.025,0.027,,,0.027,0.032,0.025
J054448.98+204810.3,86.204114,20.802879,13.159,0.027,13.39,0.026,13.239,0.031,IV,CBe,,,16.625,0.007,15.217,0.003,14.34,0.0,14.68,0.0,14.24,0.0,13.159,13.029,11.81,9.029,13.622,13.39,13.239,0.027,0.03,,,0.025,0.026,0.031
J054100.76+212756.1,85.253182,21.465586,11.211,0.023,11.506,0.022,11.353,0.018,IV,unknown,,,16.413,0.007,16.006,0.014,13.12,0.0,13.35,0.0,12.73,0.0,11.211,11.197,11.525,8.768,11.809,11.506,11.353,0.023,0.022,0.216,,0.021,0.022,0.018
J035024.75+503720.0,57.603129,50.622239,12.98,0.025,13.24,0.038,13.155,0.039,IV,unknown,,,18.751,0.017,16.641,0.005,15.28,0.01,15.53,0.0,14.8,0.01,12.98,12.922,12.177,9.088,13.608,13.24,13.155,0.025,0.028,,,0.028,0.038,0.039
J034638.80+494703.7,56.661669,49.784373,12.406,0.024,12.731,0.033,12.558,0.028,VI,unknown,,,18.279,0.022,17.35,0.013,14.4,0.0,14.72,0.0,14.0,0.0,12.406,12.349,12.153,9.017,13.034,12.731,12.558,0.024,0.024,0.324,,0.024,0.033,0.028
J035717.28+494855.7,59.322008,49.815495,12.734,0.023,12.904,0.031,12.813,0.026,VI,CBe,,,16.435,0.006,15.123,0.003,14.17,0.0,14.37,0.0,13.9,0.0,12.734,12.736,12.668,9.217,13.111,12.904,12.813,0.023,0.027,0.456,,0.027,0.031,0.026
J040019.13+513554.9,60.079731,51.598586,12.619,0.025,12.878,0.029,12.712,0.029,VI,CBe,,,17.855,0.012,15.861,0.003,14.73,0.0,14.9,0.0,14.26,0.0,12.619,12.599,12.668,8.949,13.169,12.878,12.712,0.025,0.025,,,0.026,0.029,0.029
J053606.93+290404.9,84.028906,29.068048,13.962,0.029,14.284,0.039,14.086,0.046,VI,CBe,,,19.703,0.03,17.645,0.006,16.41,0.01,16.65,0.01,15.9,0.01,13.962,14.158,12.319,8.465,14.651,14.284,14.086,0.029,0.05,,,0.028,0.039,0.046
J053151.00+300220.8,82.962527,30.039135,13.955,0.029,14.161,0.036,13.972,0.049,VI,CBe,,,18.511,0.016,16.731,0.004,15.8,0.01,15.96,0.01,15.37,0.0,13.955,14.104,12.295,8.801,14.422,14.161,13.972,0.029,0.046,,,0.029,0.036,0.049
J054939.09+304005.5,87.412907,30.668204,13.772,0.028,13.972,0.04,13.796,0.046,VI,CBe,,,17.343,0.009,15.778,0.004,15.11,0.0,15.31,0.0,14.86,0.0,13.772,13.85,11.86,9.021,14.145,13.972,13.796,0.028,0.041,,,0.028,0.04,0.046
J064958.38+111213.7,102.49329,11.20382,12.533,0.024,12.6,0.026,12.547,0.03,VI,CBe,,,14.949,0.005,15.176,0.01,12.93,0.0,13.06,0.0,12.86,0.0,12.533,12.527,12.168,8.791,12.641,12.6,12.547,0.024,0.025,,,0.026,0.026,0.03
J064756.01+111447.9,101.98341,11.246665,12.1,0.023,12.132,0.024,12.135,0.027,VI,CBe,Star in Cluster,,13.616,0.004,12.638,0.001,12.3,0.0,12.7,0.0,12.29,0.0,12.1,12.124,12.411,8.898,12.141,12.132,12.135,0.023,0.024,,,0.024,0.024,0.027
J053051.31+295319.7,82.71382,29.88882,13.937,0.029,14.231,0.042,14.08,0.052,VI,CBe,,,19.136,0.022,17.252,0.005,16.16,0.01,16.38,0.01,15.65,0.01,13.937,14.048,12.541,8.82,14.638,14.231,14.08,0.029,0.045,,,0.032,0.042,0.052
J034957.75+481412.3,57.490663,48.23676,11.9,0.024,12.103,0.029,12.019,0.024,VI,CBe,,,15.741,0.004,14.116,0.003,13.22,0.0,13.49,0.0,13.03,0.0,11.9,11.883,11.855,9.168,12.291,12.103,12.019,0.024,0.022,0.263,,0.023,0.029,0.024
J033858.56+492555.3,54.744007,49.432045,13.387,0.026,13.553,0.033,13.451,0.038,VI,CBe,,,16.469,0.006,14.904,0.003,14.42,0.0,14.55,0.0,14.21,0.0,13.387,13.41,12.021,8.938,13.65,13.553,13.451,0.026,0.034,,,0.027,0.033,0.038
J035852.52+512056.8,59.718866,51.349119,12.476,0.023,12.71,0.03,12.576,0.024,VI,CBe,,,16.355,0.006,14.694,0.003,13.95,0.0,14.04,0.0,13.58,0.0,12.476,12.488,12.411,9.003,12.857,12.71,12.576,0.023,0.025,,,0.027,0.03,0.024
J040402.17+524152.0,61.009064,52.697797,12.106,0.023,12.305,0.031,12.172,0.019,VI,CBe,Star in Cluster,,16.158,0.006,14.426,0.003,13.6,0.0,13.8,0.0,13.31,0.0,12.106,12.135,12.072,9.023,12.572,12.305,12.172,0.023,0.023,0.353,,0.027,0.031,0.019
J064725.59+114123.3,101.85665,11.689823,11.928,0.024,11.982,0.024,11.913,0.021,VI,CBe,Star in Cluster,,14.987,0.007,13.008,0.001,12.65,0.0,12.7,0.0,12.52,0.0,11.928,11.934,12.01,8.511,12.05,11.982,11.913,0.024,0.022,0.345,,0.021,0.024,0.021
J064750.00+110915.5,101.95837,11.154312,12.903,0.024,12.95,0.021,12.885,0.029,VI,CBe,,,15.219,0.004,13.894,0.003,13.54,0.0,13.61,0.0,13.37,0.0,12.903,12.928,11.811,8.655,13.083,12.95,12.885,0.024,0.03,,,0.022,0.021,0.029
J064750.00+110915.5,101.95837,11.154312,12.903,0.024,12.95,0.021,12.885,0.029,VI,CBe,,,15.219,0.004,13.894,0.003,13.54,0.0,13.61,0.0,13.37,0.0,12.903,12.928,11.811,8.655,13.083,12.95,12.885,0.024,0.03,,,0.022,0.021,0.029
J055351.72+215537.2,88.465503,21.927011,13.361,0.026,13.476,0.026,13.44,0.03,VI,CBe,,,16.171,0.006,14.696,0.003,14.3,0.0,14.44,0.0,14.13,0.0,13.361,13.408,12.436,8.69,13.635,13.476,13.44,0.026,0.033,,,0.024,0.026,0.03
J062811.33+004654.5,97.047214,0.781809,11.528,0.023,11.785,0.022,11.665,0.023,VI,CBe,,,19.022,0.03,16.38,0.003,14.5,0.0,14.9,0.0,13.99,0.0,11.528,11.579,11.714,9.098,12.499,11.785,11.665,0.023,0.022,0.223,,0.021,0.022,0.023
J062939.48+005504.4,97.41452,0.9178937,9.503,0.023,9.816,0.026,9.634,0.026,VI,CBe,,,16.941,0.009,15.16,0.005,12.42,0.0,12.83,0.0,11.97,0.0,9.503,9.553,9.488,8.783,10.501,9.816,9.634,0.023,0.02,0.034,0.351,0.024,0.026,0.026
J055111.23+311242.2,87.796799,31.211729,13.96,0.029,13.996,0.043,13.992,0.052,VI,CBe,,,16.521,0.007,15.096,0.004,14.77,0.0,14.89,0.0,14.6,0.0,13.96,14.013,12.373,8.705,14.169,13.996,13.992,0.029,0.048,,,0.028,0.043,0.052
J054725.50+211038.9,86.856256,21.177488,11.337,0.023,11.624,0.023,11.478,0.021,VI,CBe,,,18.524,0.017,15.958,0.004,14.11,0.0,14.53,0.0,13.7,0.0,11.337,11.376,11.386,8.39,12.364,11.624,11.478,0.023,0.022,0.188,,0.021,0.023,0.021
J055321.01+223039.1,88.337548,22.510868,10.346,0.023,10.883,0.021,10.565,0.019,VI,CBe,,,20.574,0.058,17.488,0.005,14.86,0.0,15.37,0.0,14.08,0.0,10.346,10.424,10.192,8.456,11.872,10.883,10.565,0.023,0.021,0.079,,0.02,0.021,0.019
J061646.97+245111.4,94.195709,24.853193,12.502,0.024,12.649,0.023,12.537,0.02,VI,CBe,,,15.983,0.005,14.326,0.003,13.68,0.0,13.83,0.0,13.43,0.0,12.502,12.511,12.095,8.432,12.813,12.649,12.537,0.024,0.027,0.364,,0.022,0.023,0.02
J055239.95+305147.0,88.166491,30.86307,13.792,0.027,13.899,0.03,13.844,0.042,VI,CBe,,,16.096,0.006,14.947,0.004,14.57,0.0,14.73,0.0,14.41,0.0,13.792,13.838,12.424,8.412,14.004,13.899,13.844,0.027,0.04,,,0.034,0.03,0.042
J054939.09+304005.5,87.412907,30.668204,13.772,0.028,13.972,0.04,13.796,0.046,VI,CBe,,,17.343,0.009,15.778,0.004,15.11,0.0,15.31,0.0,14.86,0.0,13.772,13.85,11.86,9.021,14.145,13.972,13.796,0.028,0.041,,,0.028,0.04,0.046
J055615.11+225052.1,89.062982,22.847806,12.315,0.035,12.711,0.045,12.525,0.042,VI,CBe,,,18.084,0.013,16.064,0.004,14.77,0.0,15.04,0.0,14.28,0.0,12.315,12.296,11.537,7.478,13.08,12.711,12.525,0.035,0.037,,,0.038,0.045,0.042
J060502.13+222434.4,91.258875,22.409579,13.511,0.027,13.769,0.031,13.537,0.03,VI,CBe,,,17.575,0.01,15.865,0.004,15.08,0.0,15.27,0.0,14.77,0.01,13.511,13.478,12.02,8.422,13.889,13.769,13.537,0.027,0.035,,,0.023,0.031,0.03
J060556.73+234555.8,91.4864,23.76551,13.623,0.027,13.793,0.029,13.736,0.039,VI,CBe,,,17.761,0.012,15.974,0.004,15.11,0.0,15.28,0.0,14.8,0.0,13.623,13.669,12.321,8.732,14.085,13.793,13.736,0.027,0.038,,,0.025,0.029,0.039
J055251.30+215909.3,88.213753,21.985934,12.671,0.025,12.9,0.023,12.804,0.024,VI,CBe,,,16.568,0.007,14.865,0.003,14.21,0.0,14.38,0.0,13.94,0.0,12.671,12.681,11.806,8.943,13.111,12.9,12.804,0.025,0.029,,,0.023,0.023,0.024
J054607.97+205947.9,86.533216,20.996658,13.587,0.028,13.696,0.028,13.636,0.04,VI,CBe,,,17.342,0.01,15.656,0.004,14.94,0.0,15.13,0.0,14.69,0.0,13.587,13.574,12.434,8.736,13.995,13.696,13.636,0.028,0.036,,,0.028,0.028,0.04
J055323.38+211332.6,88.347445,21.225732,13.426,0.026,13.536,0.027,13.476,0.03,VI,CBe,,,16.274,0.006,14.762,0.003,14.39,0.0,14.5,0.0,14.19,0.0,13.426,13.444,12.369,8.823,13.688,13.536,13.476,0.026,0.035,,,0.023,0.027,0.03
J055017.86+213403.3,87.574448,21.567598,13.703,0.028,13.984,0.037,13.893,0.042,VI,CBe,,,16.516,0.007,15.113,0.003,14.68,0.0,14.83,0.0,14.54,0.0,13.703,13.762,12.309,8.597,14.095,13.984,13.893,0.028,0.04,0.479,,0.031,0.037,0.042
J060535.23+223555.5,91.396803,22.598773,13.864,0.082,13.974,0.036,13.788,0.042,VI,CBe,,,17.546,0.01,15.907,0.003,15.18,0.0,15.33,0.0,14.85,0.0,13.864,13.991,12.069,8.832,14.117,13.974,13.788,0.082,0.091,,,0.031,0.036,0.042
J055739.80+233156.6,89.415872,23.532393,12.167,0.024,12.458,0.024,12.288,0.026,VI,CBe,,,17.572,0.011,15.421,0.003,14.26,0.0,14.45,0.0,13.75,0.0,12.167,12.165,12.03,8.692,12.73,12.458,12.288,0.024,0.024,0.359,,0.022,0.024,0.026
J060718.54+234837.9,91.827281,23.81055,13.553,0.03,13.766,0.038,13.702,0.037,VI,CBe,,,17.02,0.008,15.4,0.003,14.76,0.0,14.9,0.0,14.52,0.0,13.553,13.597,12.262,7.951,13.956,13.766,13.702,0.03,0.041,0.488,,0.029,0.038,0.037
J054554.11+290608.5,86.475472,29.102378,11.707,0.024,11.877,0.021,11.747,0.02,VI,CBe,,,16.02,0.007,15.229,0.015,13.0,0.0,13.18,0.0,12.73,0.0,11.707,11.747,12.427,9.047,12.114,11.877,11.747,0.024,0.022,,,0.022,0.021,0.02
J060139.33+224046.3,90.413898,22.679544,9.09,0.024,10.858,0.032,10.086,0.02,I,HAeBe,,,17.82,0.011,15.459,0.003,13.8,0.0,14.2,0.0,13.28,0.0,9.09,8.5,6.93,5.405,11.739,10.858,10.086,0.024,0.021,0.018,0.042,0.023,0.032,0.02
J053401.62+283826.9,83.50676,28.64081,10.182,0.022,12.348,0.026,11.493,0.02,II,HAeBe,,,16.968,0.008,15.142,0.004,14.32,0.0,14.47,0.0,13.9,0.0,10.182,9.462,7.436,5.18,12.949,12.348,11.493,0.022,0.023,0.017,0.028,0.024,0.026,0.02
J035509.28+522611.0,58.788701,52.436392,12.767,0.024,12.941,0.032,12.824,0.03,II,HII-region,,,16.434,0.006,15.058,0.003,14.15,0.0,14.37,0.0,13.9,0.0,12.767,12.813,12.36,9.15,13.125,12.941,12.824,0.024,0.025,,,0.026,0.032,0.03
J035357.23+522650.6,58.488464,52.447409,12.242,0.023,12.423,0.03,12.37,0.031,II,HII-region,,,15.332,0.004,13.987,0.002,13.38,0.0,13.55,0.0,13.16,0.0,12.242,12.243,12.001,8.721,12.555,12.423,12.37,0.023,0.023,0.273,,0.023,0.03,0.031
J035644.16+521853.7,59.184004,52.314944,12.747,0.023,12.966,0.033,12.885,0.03,II,HII-region,,,16.745,0.007,15.235,0.003,14.19,0.0,14.36,0.0,13.94,0.0,12.747,12.776,12.51,8.898,13.234,12.966,12.885,0.023,0.025,,,0.026,0.033,0.03
J054238.78+285256.3,85.661596,28.882318,11.73,0.024,12.177,0.023,11.95,0.022,II,HII-region,,,17.829,0.011,16.162,0.004,14.64,0.0,14.98,0.0,14.05,0.0,11.73,11.701,11.472,8.449,12.576,12.177,11.95,0.024,0.022,0.231,0.357,0.022,0.023,0.022
J054409.18+290321.0,86.038259,29.055842,13.468,0.027,13.652,0.029,13.536,0.034,II,HII-region,,,16.727,0.007,15.256,0.004,14.73,0.0,14.86,0.0,14.44,0.0,13.468,13.428,12.078,8.76,13.857,13.652,13.536,0.027,0.034,,,0.024,0.029,0.034
J054350.02+290110.4,85.958423,29.019579,13.896,0.027,14.127,0.042,13.944,0.049,II,HII-region,,,17.761,0.01,16.069,0.004,15.36,0.0,15.52,0.0,15.05,0.0,13.896,13.932,11.518,8.425,14.312,14.127,13.944,0.027,0.045,,,0.026,0.042,0.049
J054419.25+285808.2,86.080234,28.968962,13.116,0.025,13.448,0.021,13.321,0.03,II,HII-region,,,16.916,0.007,15.26,0.004,14.65,0.0,14.79,0.0,14.33,0.0,13.116,13.11,12.298,8.849,13.649,13.448,13.321,0.025,0.032,,,0.023,0.021,0.03
J035644.16+521853.7,59.184004,52.314944,12.747,0.023,12.966,0.033,12.885,0.03,II,HII-region,,,16.745,0.007,15.235,0.003,14.19,0.0,14.36,0.0,13.94,0.0,12.747,12.776,12.51,8.898,13.234,12.966,12.885,0.023,0.025,,,0.026,0.033,0.03
J035521.34+522345.9,58.838927,52.396099,12.005,0.024,12.181,0.029,12.078,0.025,II,HII-region,,,16.005,0.006,14.552,0.004,13.49,0.0,13.74,0.0,13.23,0.0,12.005,12.006,12.163,9.179,12.523,12.181,12.078,0.024,0.022,,,0.023,0.029,0.025
J064038.79+082226.8,100.16164,8.3741321,12.104,0.023,12.321,0.023,12.164,0.019,II,HII-region,,,16.359,0.007,15.367,0.006,13.62,0.0,13.87,0.0,13.42,0.0,12.104,12.102,12.363,8.794,12.618,12.321,12.164,0.023,0.024,0.513,,0.022,0.023,0.019
J063954.64+093335.8,99.977706,9.559957,10.966,0.023,11.536,0.023,11.191,0.019,II,HII-region,Star in Cluster,,20.065,0.043,17.161,0.005,14.94,0.0,15.34,0.0,14.12,0.0,10.966,10.887,10.162,7.521,12.135,11.536,11.191,0.023,0.021,0.113,0.147,0.026,0.023,0.019
J063959.52+101814.0,99.998029,10.303898,11.785,0.023,11.973,0.026,11.908,0.023,II,HII-region,,,15.988,0.009,15.547,0.015,13.0,0.0,13.16,0.0,12.78,0.0,11.785,11.786,11.751,8.259,12.167,11.973,11.908,0.023,0.023,0.294,,0.026,0.026,0.023
J064108.31+102408.1,100.28466,10.402258,8.268,0.023,9.331,0.024,8.658,0.023,II,HII-region,,,21.713,0.133,21.633,0.047,17.0,0.01,17.7,0.01,15.2,0.0,8.268,8.168,8.161,8.246,11.054,9.331,8.658,0.023,0.019,0.025,,0.022,0.024,0.023
J064456.94+102038.5,101.23725,10.344043,11.895,0.023,12.066,0.022,11.945,0.027,II,HII-region,,,16.302,0.009,14.37,0.006,13.27,0.0,13.52,0.0,13.04,0.0,11.895,11.923,11.322,8.805,12.366,12.066,11.945,0.023,0.023,0.199,,0.024,0.022,0.027
J064419.41+091835.6,101.0809,9.309909,11.828,0.024,12.114,0.023,11.919,0.023,II,HII-region,,,17.305,0.01,15.13,0.004,13.98,0.0,14.21,0.0,13.57,0.0,11.828,11.785,12.276,8.506,12.417,12.114,11.919,0.024,0.022,0.407,,0.026,0.023,0.023
J064501.81+092610.8,101.25758,9.4363599,11.389,0.022,11.427,0.023,11.405,0.025,II,HII-region,Star in Cluster,,14.959,0.007,12.989,0.001,12.29,0.0,12.65,0.0,12.19,0.0,11.389,11.395,11.333,8.442,11.656,11.427,11.405,0.022,0.021,0.253,,0.022,0.023,0.025
J064339.72+094445.9,100.91552,9.7460899,12.258,0.022,12.427,0.026,12.271,0.024,II,HII-region,,,16.11,0.008,15.915,0.013,13.55,0.0,13.69,0.0,13.29,0.0,12.258,12.253,12.145,8.719,12.612,12.427,12.271,0.022,0.025,0.421,,0.024,0.026,0.024
J064414.95+085245.2,101.0623,8.879237,12.06,0.022,12.249,0.025,12.118,0.021,II,HII-region,,,16.095,0.006,15.178,0.014,13.4,0.0,13.57,0.0,13.17,0.0,12.06,12.079,12.161,8.827,12.453,12.249,12.118,0.022,0.023,,,0.023,0.025,0.021
J064810.54+093841.5,102.04394,9.64488,11.478,0.022,11.604,0.025,11.546,0.024,II,HII-region,Star in Cluster,,14.69,0.005,12.519,0.002,11.96,0.0,12.11,0.0,11.92,0.0,11.478,11.494,11.539,8.709,11.622,11.604,11.546,0.022,0.023,0.28,,0.024,0.025,0.024
J064807.92+092226.6,102.03301,9.3740633,13.214,0.025,13.276,0.029,13.241,0.035,II,HII-region,,,15.212,0.005,14.112,0.003,13.69,0.0,13.77,0.0,13.66,0.0,13.214,13.307,12.246,8.936,13.365,13.276,13.241,0.025,0.031,,,0.026,0.029,0.035
J064714.49+111155.7,101.81039,11.19881,13.272,0.024,13.376,0.032,13.253,0.039,II,HII-region,,,15.482,0.008,14.096,0.004,13.69,0.0,13.83,0.0,13.67,0.0,13.272,13.302,12.173,8.671,13.409,13.376,13.253,0.024,0.033,,0.405,0.026,0.032,0.039
J064812.93+102409.2,102.05389,10.402571,12.614,0.024,12.749,0.025,12.681,0.027,II,HII-region,,,15.274,0.006,16.722,0.016,13.26,0.0,13.35,0.0,13.11,0.0,12.614,12.658,12.466,8.725,12.848,12.749,12.681,0.024,0.027,,,0.028,0.025,0.027
J064802.35+101231.8,102.00983,10.208847,12.355,0.024,12.466,0.025,12.406,0.029,II,HII-region,,,15.853,0.005,14.438,0.003,13.57,0.0,13.86,0.0,13.46,0.0,12.355,12.363,11.329,8.498,12.787,12.466,12.406,0.024,0.026,0.212,0.328,0.026,0.025,0.029
J063711.99+093405.2,99.299981,9.5681304,12.148,0.023,12.394,0.029,12.284,0.029,II,HII-region,,,15.785,0.008,15.42,0.013,13.28,0.0,13.41,0.0,13.1,0.0,12.148,12.138,11.104,8.767,12.528,12.394,12.284,0.023,0.024,,,0.026,0.029,0.029
J064601.57+112446.1,101.50655,11.412815,12.343,0.024,12.508,0.027,12.452,0.026,II,HII-region,,,15.54,0.005,19.171,0.025,13.49,0.0,13.73,0.0,13.31,0.0,12.343,12.379,11.668,8.523,12.764,12.508,12.452,0.024,0.025,0.261,,0.023,0.027,0.026
J063952.65+103040.6,99.969414,10.511299,12.124,0.023,12.364,0.026,12.254,0.026,II,HII-region,,,16.15,0.007,14.643,0.005,13.42,0.0,13.59,0.0,13.17,0.0,12.124,12.145,11.998,8.741,12.482,12.364,12.254,0.023,0.024,,,0.026,0.026,0.026
J063953.22+102710.5,99.971777,10.452942,11.894,0.022,12.106,0.024,11.989,0.024,II,HII-region,,,16.418,0.008,14.732,0.005,13.39,0.0,13.55,0.0,13.07,0.0,11.894,11.919,11.168,8.036,12.338,12.106,11.989,0.022,0.024,0.231,,0.029,0.024,0.024
J064116.29+103832.0,100.31789,10.642248,11.745,0.022,12.067,0.023,11.859,0.024,II,HII-region,,,17.752,0.011,15.51,0.004,14.12,0.0,14.41,0.0,13.65,0.0,11.745,11.752,11.299,8.752,12.416,12.067,11.859,0.022,0.022,0.239,,0.023,0.023,0.024
J064522.10+104653.0,101.34212,10.781392,12.349,0.028,12.635,0.031,12.503,0.035,II,HII-region,,,16.077,0.006,14.352,0.003,13.7,0.0,13.86,0.0,13.47,0.0,12.349,12.361,11.857,8.444,12.825,12.635,12.503,0.028,0.029,0.412,,0.028,0.031,0.035
J064501.41+104246.2,101.25591,10.712834,11.84,0.024,11.999,0.024,11.91,0.026,II,HII-region,Star,,15.896,0.006,15.082,0.011,13.11,0.0,13.28,0.0,12.88,0.0,11.84,11.843,11.097,8.407,12.209,11.999,11.91,0.024,0.024,0.167,,0.022,0.024,0.026
J064334.99+091907.3,100.8958,9.3187209,12.277,0.024,12.43,0.03,12.326,0.029,II,HII-region,,,16.279,0.007,14.669,0.005,13.68,0.0,13.87,0.0,13.46,0.0,12.277,12.25,11.863,9.178,12.67,12.43,12.326,0.024,0.026,,,0.024,0.03,0.029
J064059.21+101929.0,100.24671,10.324742,12.182,0.023,12.272,0.023,12.247,0.027,II,HII-region,,,20.946,0.175,15.032,0.006,13.36,0.0,13.62,0.0,13.16,0.0,12.182,12.219,10.976,7.943,12.638,12.272,12.247,0.023,0.025,0.205,,0.023,0.023,0.027
J064147.30+100427.4,100.44711,10.074302,9.953,0.022,10.59,0.029,10.223,0.023,II,HII-region,,,20.547,0.061,17.832,0.006,14.92,0.0,15.51,0.0,14.01,0.0,9.953,9.979,10.098,8.94,11.629,10.59,10.223,0.022,0.021,0.073,,0.029,0.029,0.023
J064358.58+100104.2,100.99409,10.017845,12.283,0.024,12.49,0.024,12.405,0.026,II,HII-region,,,15.929,0.006,14.256,0.003,13.5,0.0,13.66,0.0,13.3,0.0,12.283,12.289,11.244,8.575,12.663,12.49,12.405,0.024,0.023,0.193,0.423,0.027,0.024,0.026
J064443.62+094645.2,101.18176,9.7792471,12.316,0.024,12.412,0.025,12.293,0.027,II,HII-region,Star in Cluster,,15.304,0.005,14.123,0.006,13.11,0.0,13.24,0.0,13.03,0.0,12.316,12.329,11.643,8.393,12.547,12.412,12.293,0.024,0.026,,,0.022,0.025,0.027
J064329.59+095111.0,100.87333,9.8530598,11.963,0.023,12.103,0.023,12.016,0.024,II,HII-region,Star in Cluster,,15.468,0.007,13.686,0.001,13.1,0.0,13.23,0.0,12.89,0.0,11.963,11.962,11.146,8.371,12.274,12.103,12.016,0.023,0.024,0.192,0.3,0.022,0.023,0.024
J064426.75+093358.7,101.11149,9.5663161,12.535,0.023,12.664,0.024,12.56,0.024,II,HII-region,,,15.953,0.005,14.283,0.003,13.66,0.0,13.85,0.0,13.53,0.0,12.535,12.519,12.124,8.94,12.86,12.664,12.56,0.023,0.025,,,0.026,0.024,0.024
J064352.91+092854.1,100.97046,9.4817176,12.575,0.023,12.793,0.029,12.62,0.029,II,HII-region,,,15.906,0.006,14.696,0.009,13.69,0.0,13.8,0.0,13.54,0.0,12.575,12.6,11.791,8.681,12.925,12.793,12.62,0.023,0.026,0.326,,0.026,0.029,0.029
J064350.31+093659.4,100.95964,9.6165058,12.59,0.023,12.705,0.024,12.702,0.029,II,HII-region,,,15.543,0.005,14.021,0.003,13.51,0.0,13.68,0.0,13.43,0.0,12.59,12.61,12.178,8.976,12.868,12.705,12.702,0.023,0.029,,,0.027,0.024,0.029
J064400.23+093351.9,101.00098,9.5644324,12.812,0.023,12.972,0.024,12.845,0.027,II,HII-region,,,15.612,0.005,14.172,0.003,13.8,0.0,13.91,0.0,13.68,0.0,12.812,12.818,12.162,8.89,13.106,12.972,12.845,0.023,0.028,,0.495,0.027,0.024,0.027
J064313.98+090455.6,100.80825,9.0821124,12.054,0.022,12.185,0.026,12.101,0.027,II,HII-region,Star in Cluster,,15.3,0.005,14.847,0.011,13.06,0.0,13.23,0.0,12.86,0.0,12.054,12.062,11.721,8.4,12.302,12.185,12.101,0.022,0.024,,,0.026,0.026,0.027
J064427.62+085501.7,101.11509,8.9171651,11.918,0.023,12.074,0.022,11.989,0.026,II,HII-region,,,16.061,0.007,16.273,0.014,13.23,0.0,13.45,0.0,13.0,0.0,11.918,11.945,12.36,8.878,12.29,12.074,11.989,0.023,0.024,0.479,,0.023,0.022,0.026
J064457.31+085725.0,101.23882,8.9569615,12.402,0.024,12.571,0.026,12.468,0.028,II,HII-region,,,16.32,0.007,14.948,0.006,13.68,0.0,13.83,0.0,13.44,0.0,12.402,12.369,12.003,8.868,12.757,12.571,12.468,0.024,0.024,,,0.022,0.026,0.028
J064441.47+090058.2,101.1728,9.016182,12.367,0.023,12.564,0.026,12.426,0.034,II,HII-region,,,16.348,0.007,14.644,0.005,13.6,0.0,13.77,0.0,13.4,0.0,12.367,12.358,12.329,8.928,12.739,12.564,12.426,0.023,0.025,,,0.024,0.026,0.034
J064249.88+085216.6,100.70784,8.8713008,10.458,0.024,10.76,0.023,10.544,0.021,II,HII-region,,,16.419,0.007,14.349,0.004,12.79,0.0,13.09,0.0,12.23,0.0,10.458,10.375,10.413,8.759,11.097,10.76,10.544,0.024,0.021,0.088,,0.026,0.023,0.021
J064807.89+095301.7,102.03289,9.883824,11.958,0.024,12.064,0.027,11.987,0.021,II,HII-region,,,15.069,0.006,15.314,0.012,12.78,0.0,12.96,0.0,12.61,0.0,11.958,11.994,12.299,8.748,12.203,12.064,11.987,0.024,0.024,0.509,,0.023,0.027,0.021
J064714.49+111155.7,101.81039,11.198816,13.272,0.024,13.376,0.032,13.253,0.039,II,HII-region,,,15.482,0.008,14.096,0.004,13.69,0.0,13.83,0.0,13.67,0.0,13.272,13.302,12.173,8.671,13.409,13.376,13.253,0.024,0.033,,0.405,0.026,0.032,0.039
J064727.06+102921.0,101.86277,10.489176,13.076,0.025,13.163,0.03,13.048,0.034,II,HII-region,,,15.431,0.005,14.025,0.003,13.78,0.0,13.88,0.0,13.65,0.0,13.076,13.032,12.341,8.755,13.279,13.163,13.048,0.025,0.03,0.498,,0.024,0.03,0.034
J064834.28+101057.2,102.14285,10.182575,11.929,0.024,11.989,0.022,11.938,0.024,II,HII-region,Star in Cluster,,14.886,0.005,14.859,0.01,12.44,0.0,12.64,0.0,12.29,0.0,11.929,11.947,12.051,8.845,12.065,11.989,11.938,0.024,0.024,,,0.024,0.022,0.024
J064757.58+101202.1,101.98993,10.200605,12.628,0.024,12.759,0.025,12.647,0.026,II,HII-region,Star in Cluster,,15.438,0.005,14.445,0.009,13.33,0.0,13.45,0.0,13.24,0.0,12.628,12.628,12.142,8.819,12.827,12.759,12.647,0.024,0.027,,,0.023,0.025,0.026
J063742.06+093139.5,99.425287,9.5276505,12.25,0.024,12.407,0.023,12.292,0.023,II,HII-region,,,15.977,0.008,14.646,0.003,13.52,0.0,13.78,0.0,13.35,0.0,12.25,12.266,11.725,8.408,12.678,12.407,12.292,0.024,0.027,,,0.024,0.023,0.023
J063734.85+093336.0,99.395242,9.5600091,11.96,0.025,12.113,0.027,12.034,0.026,II,HII-region,Star in Cluster,,15.431,0.008,13.537,0.001,12.95,0.0,13.08,0.0,12.8,0.0,11.96,11.994,12.01,8.547,12.289,12.113,12.034,0.025,0.024,,,0.023,0.027,0.026
J063631.80+094248.3,99.132505,9.7134269,12.112,0.023,12.242,0.024,12.155,0.029,II,HII-region,,,15.396,0.005,14.032,0.003,13.25,0.0,13.45,0.0,13.08,0.0,12.112,12.105,10.74,8.699,12.451,12.242,12.155,0.023,0.023,0.348,,0.024,0.024,0.029
J063915.10+091508.8,99.81293,9.252466,11.967,0.024,12.176,0.026,12.082,0.026,II,HII-region,,,16.344,0.008,15.343,0.008,13.51,0.0,13.77,0.0,13.21,0.0,11.967,11.949,11.395,8.404,12.458,12.176,12.082,0.024,0.024,0.205,,0.026,0.026,0.026
J064516.38+111700.6,101.31825,11.283526,12.522,0.024,12.641,0.025,12.556,0.027,II,HII-region,,,16.324,0.007,14.797,0.005,13.54,0.0,13.66,0.0,13.33,0.0,12.522,12.55,12.321,8.913,12.799,12.641,12.556,0.024,0.025,0.474,,0.023,0.025,0.027
J064427.82+112054.5,101.11593,11.348497,12.128,0.024,12.275,0.027,12.168,0.026,II,HII-region,,,15.991,0.006,16.2,0.013,13.56,0.0,13.71,0.0,13.29,0.0,12.128,12.11,11.683,8.628,12.502,12.275,12.168,0.024,0.023,0.254,,0.024,0.027,0.026
J064607.84+112224.6,101.53268,11.373526,12.048,0.023,12.179,0.025,12.124,0.029,II,HII-region,,,16.156,0.007,14.785,0.005,13.22,0.0,13.38,0.0,12.99,0.0,12.048,12.073,12.146,8.892,12.373,12.179,12.124,0.023,0.023,0.365,,0.023,0.025,0.029
J063645.23+095234.4,99.18846,9.8762493,11.489,0.024,11.702,0.023,11.583,0.023,II,HII-region,White Dwarf Candidate,,17.104,0.013,15.661,0.01,13.3,0.0,13.61,0.0,13.09,0.0,11.489,11.497,11.118,8.471,12.12,11.702,11.583,0.024,0.022,0.278,,0.023,0.023,0.023
J063853.32+094951.8,99.722184,9.8310616,11.577,0.022,11.812,0.024,11.694,0.021,II,HII-region,,,15.56,0.006,15.227,0.011,12.93,0.0,13.16,0.0,12.69,0.0,11.577,11.568,11.497,8.788,11.99,11.812,11.694,0.022,0.022,0.326,,0.026,0.024,0.021
J064021.90+103755.0,100.09129,10.631955,11.352,0.024,11.569,0.022,11.432,0.019,II,HII-region,,,16.868,0.009,14.987,0.005,13.33,0.0,13.52,0.0,12.89,0.0,11.352,11.337,11.597,8.838,11.85,11.569,11.432,0.024,0.022,0.303,,0.023,0.022,0.019
J063924.67+103058.3,99.852804,10.516211,12.011,0.023,12.228,0.027,12.086,0.024,II,HII-region,,,16.197,0.007,14.587,0.004,13.42,0.0,13.57,0.0,13.11,0.0,12.011,12.016,11.86,8.581,12.419,12.228,12.086,0.023,0.024,0.391,,0.024,0.027,0.024
J063744.84+103106.0,99.436865,10.518354,12.192,0.024,12.387,0.022,12.273,0.027,II,HII-region,,,16.029,0.006,14.866,0.008,13.58,0.0,13.76,0.0,13.34,0.0,12.192,12.189,11.202,8.011,12.616,12.387,12.273,0.024,0.024,,,0.024,0.022,0.027
J064158.02+102828.4,100.49176,10.474559,12.176,0.024,12.398,0.027,12.281,0.026,II,HII-region,,,16.391,0.009,16.532,0.025,13.59,0.0,13.75,0.0,13.28,0.0,12.176,12.167,12.041,8.883,12.563,12.398,12.281,0.024,0.025,0.407,,0.023,0.027,0.026
J064148.95+104545.2,100.45398,10.762574,11.863,0.023,12.085,0.022,11.934,0.025,II,HII-region,Star in Cluster,,16.527,0.008,14.881,0.005,13.43,0.0,13.55,0.0,13.13,0.0,11.863,11.876,11.589,8.397,12.285,12.085,11.934,0.023,0.024,0.321,,0.023,0.022,0.025
J064535.28+104911.1,101.39703,10.819752,12.213,0.022,12.276,0.025,12.294,0.029,II,HII-region,Star in Cluster,,15.338,0.006,13.345,0.003,12.92,0.0,12.99,0.0,12.79,0.0,12.213,12.206,11.955,8.361,12.414,12.276,12.294,0.022,0.024,0.329,,0.025,0.025,0.029
J064615.04+113136.2,101.56268,11.526735,12.929,0.025,13.036,0.03,12.941,0.035,II,HII-region,,,15.411,0.005,17.19,0.015,13.71,0.0,13.81,0.0,13.55,0.0,12.929,12.886,11.741,8.422,13.161,13.036,12.941,0.025,0.029,,,0.025,0.03,0.035
J064638.13+112415.9,101.6589,11.404417,12.88,0.023,12.986,0.033,12.981,0.036,II,HII-region,,,15.492,0.006,14.498,0.004,13.5,0.0,13.69,0.0,13.45,0.0,12.88,12.925,12.447,8.816,13.076,12.986,12.981,0.023,0.029,0.533,,0.03,0.033,0.036
J064751.69+105951.8,101.9654,10.997735,12.22,0.023,12.398,0.028,12.306,0.025,II,HII-region,,,15.668,0.005,13.973,0.009,13.3,0.0,13.4,0.0,13.06,0.0,12.22,12.249,12.136,8.879,12.559,12.398,12.306,0.023,0.024,0.412,,0.024,0.028,0.025
J064714.49+111155.7,101.81039,11.19881,13.272,0.024,13.376,0.032,13.253,0.039,II,HII-region,,,15.482,0.008,14.096,0.004,13.69,0.0,13.83,0.0,13.67,0.0,13.272,13.302,12.173,8.671,13.409,13.376,13.253,0.024,0.033,,0.405,0.026,0.032,0.039
J064426.42+104622.7,101.11009,10.772998,12.033,0.024,12.222,0.026,12.129,0.027,II,HII-region,,,16.048,0.009,14.272,0.003,13.3,0.0,13.48,0.0,13.07,0.0,12.033,12.059,12.502,8.954,12.39,12.222,12.129,0.024,0.023,0.484,,0.022,0.026,0.027
J064645.07+111703.7,101.68781,11.284388,13.049,0.025,13.179,0.03,13.128,0.036,II,HII-region,,,15.329,0.005,14.193,0.004,13.64,0.0,13.7,0.0,13.52,0.0,13.049,13.112,12.442,8.979,13.225,13.179,13.128,0.025,0.03,,,0.029,0.03,0.036
J064421.19+105214.1,101.08831,10.8706,11.692,0.022,11.914,0.025,11.836,0.024,II,HII-region,,,15.98,0.008,13.944,0.006,13.14,0.0,13.34,0.0,12.89,0.0,11.692,11.69,11.659,8.917,12.159,11.914,11.836,0.022,0.022,0.237,,0.024,0.025,0.024
J064027.91+110830.6,100.11633,11.141836,12.245,0.023,12.449,0.024,12.425,0.024,II,HII-region,,,15.079,0.004,16.217,0.013,13.21,0.0,13.45,0.0,13.13,0.0,12.245,12.242,12.057,8.459,12.58,12.449,12.425,0.023,0.024,0.424,,0.026,0.024,0.024
J063957.84+110445.8,99.991015,11.079414,11.671,0.023,11.851,0.023,11.781,0.023,II,HII-region,Star in Cluster,,15.038,0.004,15.256,0.012,12.9,0.0,13.1,0.0,12.66,0.0,11.671,11.691,10.697,8.024,12.006,11.851,11.781,0.023,0.022,0.118,0.261,0.024,0.023,0.023
J064615.04+113136.2,101.56268,11.526735,12.929,0.025,13.036,0.03,12.941,0.035,II,HII-region,,,15.411,0.005,17.19,0.015,13.71,0.0,13.81,0.0,13.55,0.0,12.929,12.886,11.741,8.422,13.161,13.036,12.941,0.025,0.029,,,0.025,0.03,0.035
J064638.13+112415.9,101.6589,11.404417,12.88,0.023,12.986,0.033,12.981,0.036,II,HII-region,,,15.492,0.006,14.498,0.004,13.5,0.0,13.69,0.0,13.45,0.0,12.88,12.925,12.447,8.816,13.076,12.986,12.981,0.023,0.029,0.533,,0.03,0.033,0.036
J063753.02+080726.3,99.47093,8.1239755,12.592,0.024,12.727,0.03,12.641,0.026,II,HII-region,,,15.387,0.005,14.328,0.003,13.46,0.0,13.52,0.0,13.27,0.0,12.592,12.582,11.472,8.143,12.822,12.727,12.641,0.024,0.026,,,0.026,0.03,0.026
J064407.12+095842.2,101.02969,9.978415,12.422,0.024,12.598,0.027,12.487,0.027,II,HII-region,,,16.012,0.008,15.73,0.013,13.46,0.0,13.64,0.0,13.3,0.0,12.422,12.425,11.702,8.652,12.735,12.598,12.487,0.024,0.026,0.307,,0.026,0.027,0.027
J064509.80+101424.9,101.29087,10.240254,12.638,0.024,12.767,0.028,12.672,0.029,II,HII-region,,,15.672,0.005,14.146,0.003,13.69,0.0,13.81,0.0,13.52,0.0,12.638,12.655,12.229,8.778,12.923,12.767,12.672,0.024,0.028,0.417,,0.026,0.028,0.029
J064341.47+091859.9,100.92281,9.3166556,11.26,0.024,11.331,0.026,11.266,0.023,II,HII-region,,,14.927,0.007,15.311,0.012,12.15,0.0,12.58,0.0,12.1,0.0,11.26,11.277,11.314,9.134,11.577,11.331,11.266,0.024,0.021,0.203,0.518,0.027,0.026,0.023
J064421.54+092141.6,101.08978,9.361561,10.821,0.022,11.242,0.024,10.988,0.019,II,HII-region,White Dwarf Candidate,,20.301,0.056,17.008,0.005,14.65,0.0,15.16,0.0,14.02,0.0,10.821,10.867,10.994,8.498,12.094,11.242,10.988,0.022,0.021,0.154,0.361,0.026,0.024,0.019
J064432.94+093123.3,101.13727,9.523164,12.377,0.024,12.466,0.029,12.421,0.026,II,HII-region,Star in Cluster,,14.958,0.005,16.001,0.013,13.16,0.0,13.3,0.0,13.09,0.0,12.377,12.375,12.075,8.659,12.565,12.466,12.421,0.024,0.025,,,0.023,0.029,0.026
J064307.36+092808.1,100.78068,9.4689255,11.197,0.023,11.381,0.023,11.261,0.021,II,HII-region,Star in Cluster,,15.533,0.006,15.328,0.012,12.52,0.0,12.77,0.0,12.32,0.0,11.197,11.187,11.221,8.652,11.571,11.381,11.261,0.023,0.019,0.178,,0.022,0.023,0.021
J064542.18+100603.9,101.42577,10.101102,12.334,0.024,12.5,0.025,12.412,0.032,II,HII-region,,,16.358,0.008,15.013,0.008,13.68,0.0,13.89,0.0,13.48,0.0,12.334,12.338,12.463,8.381,12.725,12.5,12.412,0.024,0.025,0.536,,0.022,0.025,0.032
J064539.22+101725.2,101.41342,10.290341,12.05,0.024,12.208,0.027,12.167,0.025,II,HII-region,,,15.691,0.006,14.75,0.009,13.22,0.0,13.35,0.0,13.0,0.0,12.05,12.048,11.741,8.868,12.399,12.208,12.167,0.024,0.024,0.255,,0.026,0.027,0.025
J064316.19+090521.1,100.81747,9.08921,11.397,0.022,11.633,0.026,11.557,0.026,II,HII-region,Star in Cluster,,15.574,0.006,13.502,0.003,12.6,0.0,12.8,0.0,12.37,0.0,11.397,11.399,11.664,8.823,11.825,11.633,11.557,0.022,0.022,0.227,0.434,0.027,0.026,0.026
J064311.75+085728.8,100.79899,8.9580187,10.861,0.023,11.116,0.027,10.949,0.024,II,HII-region,Star in Cluster,,15.805,0.006,13.085,0.003,12.57,0.0,12.75,0.0,12.26,0.0,10.861,10.85,10.939,8.436,11.352,11.116,10.949,0.023,0.02,0.139,,0.029,0.027,0.024
J064323.28+090941.3,100.847,9.1614822,12.23,0.025,12.456,0.023,12.295,0.024,II,HII-region,,,16.325,0.006,14.468,0.003,13.66,0.0,13.83,0.0,13.37,0.0,12.23,12.207,11.715,8.726,12.616,12.456,12.295,0.025,0.028,0.252,,0.024,0.023,0.024
J064530.82+090318.4,101.37845,9.0551332,12.39,0.024,12.464,0.024,12.435,0.021,II,HII-region,,,15.409,0.006,15.42,0.012,13.2,0.0,13.29,0.0,13.03,0.0,12.39,12.408,12.576,8.875,12.58,12.464,12.435,0.024,0.024,,,0.02,0.024,0.021
J064530.96+091156.1,101.37904,9.1989232,12.097,0.022,12.298,0.027,12.207,0.026,II,HII-region,,,16.347,0.007,14.697,0.005,13.58,0.0,13.84,0.0,13.34,0.0,12.097,12.091,11.77,8.784,12.567,12.298,12.207,0.022,0.022,0.254,,0.024,0.027,0.026
J064443.81+090204.1,101.18257,9.0344823,11.463,0.023,11.643,0.023,11.489,0.023,II,HII-region,,,15.687,0.006,15.734,0.013,12.83,0.0,13.08,0.0,12.61,0.0,11.463,11.464,11.358,8.888,11.897,11.643,11.489,0.023,0.022,0.208,,0.021,0.023,0.023
J064450.98+090442.6,101.21243,9.078524,12.441,0.024,12.58,0.028,12.487,0.03,II,HII-region,Star in Cluster,,15.778,0.007,15.582,0.014,13.42,0.0,13.55,0.0,13.25,0.0,12.441,12.487,12.035,8.957,12.76,12.58,12.487,0.024,0.029,,,0.024,0.028,0.03
J064831.90+093436.5,102.13294,9.5768325,12.503,0.023,12.682,0.027,12.575,0.027,II,HII-region,Star in Cluster,,15.423,0.005,15.467,0.012,13.33,0.0,13.48,0.0,13.26,0.0,12.503,12.533,12.293,8.735,12.762,12.682,12.575,0.023,0.025,0.449,,0.026,0.027,0.027
J064708.66+091141.7,101.7861,9.1949378,12.411,0.023,12.541,0.022,12.478,0.027,II,HII-region,,,16.22,0.007,14.898,0.016,13.52,0.0,13.71,0.0,13.39,0.0,12.411,12.445,12.507,8.864,12.755,12.541,12.478,0.023,0.026,0.539,,0.023,0.022,0.027
J064802.58+092259.8,102.01076,9.3832885,12.341,0.025,12.439,0.027,12.339,0.03,II,HII-region,,,15.53,0.006,13.775,0.004,13.18,0.0,13.29,0.0,13.05,0.0,12.341,12.325,12.317,8.985,12.591,12.439,12.339,0.025,0.024,0.424,,0.026,0.027,0.03
J064755.87+100110.8,101.98281,10.019677,12.671,0.024,12.721,0.027,12.67,0.029,II,HII-region,,,15.583,0.005,14.303,0.003,13.65,0.0,13.85,0.0,13.48,0.0,12.671,12.683,12.329,8.412,12.97,12.721,12.67,0.024,0.025,0.48,,0.023,0.027,0.029
J064729.66+104021.2,101.87362,10.672563,12.373,0.023,12.436,0.021,12.413,0.03,II,HII-region,Star in Cluster,,15.111,0.009,16.007,0.013,12.8,0.0,12.95,0.0,12.76,0.0,12.373,12.385,11.768,9.026,12.477,12.436,12.413,0.023,0.026,0.263,,0.023,0.021,0.03
J064712.06+102249.9,101.80027,10.380528,12.815,0.023,12.944,0.027,12.911,0.033,II,HII-region,,,15.662,0.005,14.155,0.003,13.73,0.0,13.86,0.0,13.6,0.0,12.815,12.814,12.13,8.605,13.127,12.944,12.911,0.023,0.027,,,0.023,0.027,0.033
J064757.58+101202.1,101.98992,10.200603,12.628,0.024,12.759,0.025,12.647,0.026,II,HII-region,Star in Cluster,,15.438,0.005,14.445,0.009,13.33,0.0,13.45,0.0,13.24,0.0,12.628,12.628,12.142,8.819,12.827,12.759,12.647,0.024,0.027,,,0.023,0.025,0.026
J063655.02+092747.3,99.229276,9.4631647,12.197,0.023,12.464,0.024,12.359,0.024,II,HII-region,,,16.656,0.01,12.398,0.002,13.71,0.0,13.93,0.0,13.49,0.0,12.197,12.209,11.61,8.24,12.687,12.464,12.359,0.023,0.025,,,0.024,0.024,0.024
J063615.33+094204.7,99.063901,9.7013269,12.698,0.024,12.805,0.022,12.795,0.032,II,HII-region,,,16.1,0.01,15.24,0.007,13.65,0.0,13.77,0.0,13.48,0.0,12.698,12.728,11.069,8.067,12.988,12.805,12.795,0.024,0.03,,,0.024,0.022,0.032
J063646.81+094413.5,99.195077,9.7370918,12.268,0.024,12.379,0.026,12.314,0.031,II,HII-region,,,15.919,0.005,14.276,0.003,13.58,0.0,13.73,0.0,13.34,0.0,12.268,12.288,10.815,8.392,12.63,12.379,12.314,0.024,0.025,0.208,,0.024,0.026,0.031
J063816.68+093715.8,99.56951,9.6210664,11.721,0.024,11.942,0.025,11.825,0.026,II,HII-region,,,15.999,0.008,14.073,0.002,13.13,0.0,13.32,0.0,12.89,0.0,11.721,11.743,11.422,8.858,12.171,11.942,11.825,0.024,0.024,0.271,,0.024,0.025,0.026
J064507.00+113507.3,101.27919,11.585372,12.437,0.023,12.5,0.024,12.487,0.029,II,HII-region,,,15.147,0.004,14.317,0.01,13.35,0.0,13.45,0.0,13.14,0.0,12.437,12.462,11.908,8.664,12.673,12.5,12.487,0.023,0.024,,,0.026,0.024,0.029
J064405.51+112818.1,101.02299,11.471703,12.697,0.024,12.766,0.025,12.699,0.026,II,HII-region,,,15.515,0.005,14.023,0.003,13.56,0.0,13.69,0.0,13.39,0.0,12.697,12.71,12.372,8.906,12.952,12.766,12.699,0.024,0.028,0.467,,0.027,0.025,0.026
J063902.72+103645.1,99.76137,10.612535,11.157,0.022,11.305,0.022,11.217,0.021,II,HII-region,Star in Cluster,,14.979,0.008,12.709,0.001,12.14,0.0,12.54,0.0,11.9,0.0,11.157,11.198,11.687,8.685,11.44,11.305,11.217,0.022,0.022,0.529,,0.023,0.022,0.021
J063947.64+101800.2,99.948534,10.300074,12.59,0.023,12.72,0.023,12.639,0.029,II,HII-region,,,15.999,0.009,15.491,0.017,13.47,0.0,13.66,0.0,13.33,0.0,12.59,12.616,12.078,8.838,12.844,12.72,12.639,0.023,0.026,0.408,,0.027,0.023,0.029
J063936.94+101131.1,99.903932,10.191984,11.043,0.023,11.421,0.024,11.217,0.024,II,HII-region,,,17.603,0.012,15.679,0.007,13.68,0.0,14.0,0.0,13.22,0.0,11.043,11.063,10.293,7.956,11.945,11.421,11.217,0.023,0.021,0.101,0.235,0.026,0.024,0.024
J063732.47+103105.1,99.385306,10.518097,12.614,0.024,12.744,0.022,12.628,0.034,II,HII-region,,,15.428,0.005,16.366,0.013,13.5,0.0,13.65,0.0,13.34,0.0,12.614,12.602,11.678,8.467,12.88,12.744,12.628,0.024,0.027,,,0.026,0.022,0.034
J063829.85+103236.3,99.624385,10.543422,11.748,0.023,11.927,0.022,11.831,0.023,II,HII-region,,,15.587,0.006,15.157,0.013,12.98,0.0,13.15,0.0,12.77,0.0,11.748,11.762,11.973,8.37,12.194,11.927,11.831,0.023,0.022,,,0.027,0.022,0.023
J064112.29+103330.9,100.30122,10.558608,11.706,0.024,11.995,0.026,11.842,0.024,II,HII-region,,,17.994,0.015,15.983,0.006,14.17,0.0,14.5,0.0,13.61,0.0,11.706,11.641,11.371,8.802,12.397,11.995,11.842,0.024,0.023,0.295,,0.029,0.026,0.024
J064116.29+103832.0,100.31789,10.642248,11.745,0.022,12.067,0.023,11.859,0.024,II,HII-region,,,17.752,0.011,15.51,0.004,14.12,0.0,14.41,0.0,13.65,0.0,11.745,11.752,11.299,8.752,12.416,12.067,11.859,0.022,0.022,0.239,,0.023,0.023,0.024
J064256.40+112525.3,100.73504,11.423697,11.734,0.023,11.877,0.022,11.776,0.024,II,HII-region,Star in Cluster,,14.937,0.004,13.357,0.001,12.72,0.0,12.83,0.0,12.51,0.0,11.734,11.751,11.909,8.968,12.014,11.877,11.776,0.023,0.023,0.331,,0.023,0.022,0.024
J053640.53+275723.1,84.168877,27.956417,13.04,0.025,13.33,0.026,13.141,0.026,II,HII-region,,,18.502,0.014,16.697,0.004,15.38,0.0,15.68,0.0,14.92,0.0,13.04,13.016,12.304,8.475,13.76,13.33,13.141,0.025,0.027,0.472,,0.023,0.026,0.026
J054006.15+291723.7,85.025638,29.289943,13.269,0.027,13.406,0.027,13.312,0.028,II,HII-region,,,17.093,0.008,15.42,0.004,14.69,0.0,14.85,0.0,14.35,0.0,13.269,13.234,12.538,8.193,13.64,13.406,13.312,0.027,0.032,,,0.023,0.027,0.028
J054420.08+285901.1,86.0837,28.983655,13.781,0.027,14.001,0.034,13.849,0.044,II,HII-region,,,18.255,0.013,16.578,0.004,15.59,0.01,15.84,0.01,15.22,0.01,13.781,13.81,12.306,8.719,14.333,14.001,13.849,0.027,0.04,,,0.023,0.034,0.044
J054407.54+285554.1,86.031452,28.93171,13.485,0.026,13.691,0.032,13.471,0.033,II,HII-region,,,17.589,0.01,15.849,0.004,15.1,0.0,15.27,0.0,14.72,0.0,13.485,13.506,11.96,8.588,13.961,13.691,13.471,0.026,0.035,,,0.024,0.032,0.033
J054335.49+285943.8,85.897914,28.99552,13.086,0.025,13.3,0.026,13.167,0.026,II,HII-region,,,17.299,0.008,15.69,0.004,14.76,0.0,14.98,0.0,14.42,0.0,13.086,13.151,12.046,8.767,13.55,13.3,13.167,0.025,0.032,,,0.021,0.026,0.026
J054508.72+283117.4,86.286365,28.52152,13.038,0.026,13.287,0.022,13.149,0.029,II,HII-region,,,17.505,0.009,15.76,0.004,14.85,0.0,15.01,0.0,14.45,0.0,13.038,13.045,11.828,8.828,13.585,13.287,13.149,0.026,0.029,,,0.023,0.022,0.029
J053633.36+284549.1,84.139035,28.763652,12.43,0.025,12.752,0.026,12.549,0.024,II,HII-region,,,17.788,0.011,15.759,0.004,14.66,0.0,14.87,0.0,14.18,0.0,12.43,12.45,11.535,8.833,13.02,12.752,12.549,0.025,0.027,,,0.021,0.026,0.024
J053613.79+284457.9,84.057489,28.749423,13.028,0.026,13.362,0.026,13.162,0.024,II,HII-region,,,18.266,0.014,16.268,0.004,15.25,0.0,15.44,0.0,14.77,0.0,13.028,12.992,11.747,8.728,13.658,13.362,13.162,0.026,0.03,,,0.023,0.026,0.024
J053700.04+284512.9,84.250202,28.753609,12.827,0.025,13.214,0.028,13.011,0.033,II,HII-region,,,18.421,0.014,16.419,0.004,15.23,0.0,15.47,0.0,14.72,0.0,12.827,12.823,11.7,8.547,13.555,13.214,13.011,0.025,0.028,,,0.028,0.028,0.033
J053545.47+284419.5,83.939491,28.738761,12.711,0.028,13.094,0.033,12.871,0.043,II,HII-region,,,18.879,0.018,16.823,0.004,15.36,0.0,15.67,0.0,14.84,0.0,12.711,12.676,11.596,8.688,13.552,13.094,12.871,0.028,0.031,,,0.028,0.033,0.043
J053534.27+281634.2,83.892797,28.276177,13.054,0.025,13.385,0.027,13.152,0.026,II,HII-region,,,18.217,0.013,16.244,0.004,15.22,0.0,15.4,0.0,14.77,0.0,13.054,13.064,12.077,8.881,13.685,13.385,13.152,0.025,0.029,,,0.024,0.027,0.026
J053639.20+285604.7,84.163343,28.934652,12.388,0.023,12.939,0.023,12.614,0.023,II,HII-region,,,22.486,0.189,19.478,0.012,16.92,0.01,17.42,0.01,16.06,0.01,12.388,12.367,12.034,8.993,13.833,12.939,12.614,0.023,0.026,,,0.022,0.023,0.023
J054155.64+310128.7,85.481836,31.02465,12.882,0.026,13.202,0.028,13.037,0.029,II,HII-region,,,17.698,0.012,15.802,0.004,14.88,0.0,15.08,0.0,14.49,0.0,12.882,12.862,12.259,8.811,13.509,13.202,13.037,0.026,0.027,,,0.024,0.028,0.029
J054145.76+305731.4,85.440668,30.95873,13.843,0.028,14.127,0.034,13.995,0.042,II,HII-region,,,19.526,0.032,17.567,0.005,16.16,0.01,16.46,0.0,15.7,0.01,13.843,13.846,12.481,8.634,14.586,14.127,13.995,0.028,0.041,0.516,,0.027,0.034,0.042
J054019.08+310533.3,85.079529,31.092597,13.149,0.026,13.594,0.027,13.376,0.035,II,HII-region,,,19.267,0.026,17.137,0.005,15.69,0.01,15.97,0.0,15.16,0.0,13.149,13.184,11.644,8.564,13.961,13.594,13.376,0.026,0.031,,0.464,0.026,0.027,0.035
J053910.41+310453.2,84.793403,31.081465,13.573,0.027,13.99,0.037,13.765,0.041,II,HII-region,,,19.204,0.025,17.168,0.005,15.96,0.01,16.25,0.01,15.5,0.01,13.573,13.537,12.036,8.309,14.349,13.99,13.765,0.027,0.035,,,0.027,0.037,0.041
J054035.91+291137.7,85.14963,29.193814,12.467,0.024,12.69,0.023,12.547,0.022,II,HII-region,,,16.991,0.011,15.458,0.007,13.92,0.0,14.06,0.0,13.61,0.0,12.467,12.478,11.881,9.05,12.894,12.69,12.547,0.024,0.025,0.306,,0.021,0.023,0.022
J054057.32+304909.3,85.238853,30.81927,13.027,0.025,13.259,0.028,13.103,0.03,II,HII-region,,,17.049,0.009,15.619,0.004,14.6,0.0,14.87,0.0,14.33,0.0,13.027,13.035,11.819,8.955,13.546,13.259,13.103,0.025,0.031,0.315,,0.024,0.028,0.03
J054139.38+302648.3,85.414086,30.446773,11.945,0.024,12.235,0.022,12.05,0.02,II,HII-region,,,17.045,0.008,15.073,0.004,13.98,0.0,14.24,0.0,13.55,0.0,11.945,11.927,12.388,8.917,12.567,12.235,12.05,0.024,0.022,0.509,,0.021,0.022,0.02
J053909.45+303905.1,84.789382,30.651424,12.403,0.025,12.74,0.021,12.532,0.025,II,HII-region,,,17.924,0.013,16.207,0.004,14.84,0.0,15.14,0.0,14.36,0.0,12.403,12.374,11.686,8.281,13.105,12.74,12.532,0.025,0.026,,,0.023,0.021,0.025
J054200.65+304008.6,85.502713,30.669069,13.491,0.026,13.573,0.027,13.529,0.037,II,HII-region,,,17.983,0.012,16.197,0.004,15.19,0.0,15.4,0.0,14.82,0.0,13.491,13.502,12.45,8.671,13.877,13.573,13.529,0.026,0.037,,,0.025,0.027,0.037
J055449.29+210630.8,88.705379,21.108559,12.771,0.026,12.906,0.027,12.865,0.028,II,HII-region,,,15.537,0.004,14.08,0.003,13.77,0.0,13.89,0.0,13.61,0.0,12.771,12.818,12.447,8.399,13.055,12.906,12.865,0.026,0.029,,,0.023,0.027,0.028
J053613.79+284457.9,84.057489,28.749423,13.028,0.026,13.362,0.026,13.162,0.024,II,HII-region,,,18.266,0.014,16.268,0.004,15.25,0.0,15.44,0.0,14.77,0.0,13.028,12.992,11.747,8.728,13.658,13.362,13.162,0.026,0.03,,,0.023,0.026,0.024
J055618.08+205337.8,89.07536,20.893858,12.529,0.024,12.745,0.021,12.614,0.022,II,HII-region,,,16.71,0.007,14.949,0.003,14.06,0.0,14.26,0.0,13.79,0.0,12.529,12.521,12.349,8.71,13.007,12.745,12.614,0.024,0.026,0.464,,0.023,0.021,0.022
J055532.56+211543.7,88.885697,21.262139,13.497,0.026,13.691,0.023,13.523,0.036,II,HII-region,,,17.608,0.01,15.933,0.003,15.1,0.0,15.32,0.0,14.84,0.0,13.497,13.598,11.957,8.94,13.954,13.691,13.523,0.026,0.035,,,0.021,0.023,0.036
J061845.27+240425.7,94.688631,24.073815,13.756,0.027,14.001,0.035,13.887,0.039,II,HII-region,,,18.186,0.014,16.294,0.004,15.43,0.01,15.63,0.0,15.09,0.01,13.756,13.699,12.468,8.918,14.26,14.001,13.887,0.027,0.039,,,0.027,0.035,0.039
J055545.88+204652.5,88.941175,20.78127,13.502,0.026,13.81,0.029,13.67,0.039,II,HII-region,,,18.004,0.012,16.237,0.003,15.4,0.01,15.63,0.0,15.09,0.0,13.502,13.535,11.227,8.444,14.192,13.81,13.67,0.026,0.038,,0.365,0.029,0.029,0.039
J055437.24+205131.5,88.65518,20.858761,13.867,0.028,14.103,0.034,14.021,0.05,II,HII-region,,,17.665,0.01,16.033,0.004,15.32,0.0,15.49,0.0,15.03,0.0,13.867,13.936,12.439,8.704,14.284,14.103,14.021,0.028,0.044,,,0.023,0.034,0.05
J055455.65+204735.3,88.731895,20.793166,13.552,0.027,13.644,0.023,13.604,0.032,II,HII-region,,,15.98,0.005,14.745,0.003,14.34,0.0,14.48,0.0,14.21,0.0,13.552,13.587,12.129,8.91,13.749,13.644,13.604,0.027,0.036,,,0.023,0.023,0.032
J055635.53+210908.8,89.148072,21.152467,12.914,0.025,13.113,0.026,13.007,0.027,II,HII-region,,,17.104,0.008,15.384,0.004,14.56,0.0,14.75,0.0,14.22,0.0,12.914,12.933,12.257,8.71,13.349,13.113,13.007,0.025,0.03,,,0.024,0.026,0.027
J055619.81+211155.9,89.082552,21.198886,13.579,0.027,13.78,0.027,13.615,0.035,II,HII-region,,,17.155,0.008,15.799,0.004,15.11,0.0,15.3,0.0,14.82,0.0,13.579,13.537,12.54,8.879,13.987,13.78,13.615,0.027,0.038,,,0.026,0.027,0.035
J055558.96+210217.3,88.995689,21.038156,13.156,0.026,13.339,0.026,13.196,0.03,II,HII-region,,,16.323,0.006,14.824,0.004,14.36,0.0,14.45,0.0,14.1,0.0,13.156,13.14,11.812,8.978,13.43,13.339,13.196,0.026,0.031,,,0.022,0.026,0.03
J055711.65+205420.1,89.298552,20.905605,12.526,0.025,12.716,0.024,12.627,0.026,II,HII-region,,,16.324,0.006,14.693,0.003,13.96,0.0,14.11,0.0,13.66,0.0,12.526,12.548,12.152,8.431,12.962,12.716,12.627,0.025,0.025,,,0.021,0.024,0.026
J055420.78+211711.4,88.586585,21.286526,13.501,0.027,13.574,0.024,13.515,0.035,II,HII-region,,,16.085,0.005,14.876,0.004,14.39,0.0,14.55,0.0,14.21,0.0,13.501,13.51,12.199,8.817,13.703,13.574,13.515,0.027,0.037,,,0.022,0.024,0.035
J054640.29+213152.5,86.667882,21.531257,12.791,0.025,12.97,0.027,12.901,0.025,II,HII-region,,,16.427,0.006,15.216,0.003,14.07,0.0,14.28,0.0,13.86,0.0,12.791,12.815,11.914,8.835,13.22,12.97,12.901,0.025,0.026,,,0.024,0.027,0.025
J054602.45+214016.0,86.510231,21.671114,13.192,0.026,13.349,0.032,13.343,0.032,II,HII-region,,,16.876,0.009,15.502,0.006,14.38,0.0,14.57,0.0,14.18,0.0,13.192,13.198,11.956,8.663,13.569,13.349,13.343,0.026,0.03,0.311,0.484,0.025,0.032,0.032
J061838.29+234155.6,94.659542,23.698794,13.441,0.025,13.687,0.038,13.67,0.044,II,HII-region,,,17.093,0.008,15.499,0.003,14.76,0.0,14.94,0.0,14.52,0.0,13.441,13.513,12.437,8.772,13.926,13.687,13.67,0.025,0.035,,,0.032,0.038,0.044
J061811.78+233549.6,94.549102,23.597126,13.011,0.03,13.261,0.037,13.107,0.03,II,HII-region,,,16.627,0.006,15.01,0.003,14.24,0.0,14.39,0.0,13.95,0.0,13.011,13.049,12.327,8.804,13.371,13.261,13.107,0.03,0.034,,,0.024,0.037,0.03
J061754.59+240051.0,94.477488,24.014189,13.437,0.028,13.782,0.034,13.614,0.038,II,HII-region,,,17.665,0.011,15.873,0.004,15.03,0.0,15.2,0.0,14.68,0.0,13.437,13.436,12.358,8.679,13.977,13.782,13.614,0.028,0.034,,,0.03,0.034,0.038
J061845.27+240425.7,94.688631,24.073815,13.756,0.027,14.001,0.035,13.887,0.039,II,HII-region,,,18.186,0.014,16.294,0.004,15.43,0.01,15.63,0.0,15.09,0.01,13.756,13.699,12.468,8.918,14.26,14.001,13.887,0.027,0.039,,,0.027,0.035,0.039
J061817.90+234621.8,94.574595,23.77274,13.071,0.025,13.313,0.031,13.216,0.034,II,HII-region,,,17.205,0.008,15.437,0.003,14.77,0.0,14.88,0.0,14.41,0.0,13.071,13.081,12.423,8.789,13.599,13.313,13.216,0.025,0.033,,,0.024,0.031,0.034
J061741.73+234759.9,94.423887,23.799976,12.671,0.024,12.921,0.04,12.799,0.022,II,HII-region,,,16.3,0.006,14.814,0.003,14.04,0.0,14.22,0.0,13.78,0.0,12.671,12.673,11.288,8.717,13.04,12.921,12.799,0.024,0.026,0.206,0.442,0.029,0.04,0.022
J054602.45+214016.0,86.510231,21.671114,13.192,0.026,13.349,0.032,13.343,0.032,II,HII-region,,,16.876,0.009,15.502,0.006,14.38,0.0,14.57,0.0,14.18,0.0,13.192,13.198,11.956,8.663,13.569,13.349,13.343,0.026,0.03,0.311,0.484,0.025,0.032,0.032
J054613.17+214351.9,86.554898,21.731101,13.962,0.029,14.161,0.043,14.036,0.052,II,HII-region,,,17.501,0.01,15.96,0.004,15.28,0.0,15.44,0.0,15.03,0.0,13.962,13.959,11.736,8.489,14.362,14.161,14.036,0.029,0.047,,,0.029,0.043,0.052
J054554.20+212937.4,86.475864,21.493727,13.818,0.03,14.004,0.044,13.891,0.044,II,HII-region,,,17.946,0.012,16.145,0.004,15.25,0.0,15.44,0.0,15.0,0.0,13.818,13.855,12.245,8.971,14.284,14.004,13.891,0.03,0.045,,,0.028,0.044,0.044
J053946.05+302851.8,84.941878,30.481075,11.616,0.023,11.896,0.023,11.625,0.026,III,HII-region,,,16.273,0.006,14.988,0.004,13.72,0.0,14.03,0.0,13.31,0.0,11.616,11.537,10.811,8.59,12.242,11.896,11.625,0.023,0.023,0.105,0.365,0.023,0.023,0.026
J054601.67+212626.6,86.506984,21.440742,13.47,0.028,13.738,0.033,13.644,0.041,III,HII-region,,,16.398,0.006,15.345,0.003,14.47,0.0,14.82,0.0,14.49,0.0,13.47,13.296,12.037,8.967,13.964,13.738,13.644,0.028,0.032,0.347,,0.026,0.033,0.041
J035437.73+522740.6,58.657224,52.461297,11.011,0.023,11.204,0.029,11.125,0.025,IV,HII-region,,,15.113,0.004,14.369,0.007,12.44,0.0,12.64,0.0,12.19,0.0,11.011,11.007,11.229,9.142,11.42,11.204,11.125,0.023,0.021,0.144,,0.019,0.029,0.025
J064331.00+084841.4,100.8792,8.8115001,10.342,0.023,10.736,0.023,10.476,0.019,IV,HII-region,,,15.975,0.006,14.869,0.012,12.93,0.0,13.24,0.0,12.59,0.0,10.342,10.328,10.227,8.881,11.35,10.736,10.476,0.023,0.021,0.095,,0.023,0.023,0.019
J063605.92+100536.6,99.024707,10.093511,12.006,0.024,12.175,0.024,12.055,0.024,IV,HII-region,White Dwarf Candidate,,15.6,0.006,14.89,0.014,13.06,0.0,13.19,0.0,12.82,0.0,12.006,12.0,11.574,8.674,12.285,12.175,12.055,0.024,0.024,0.367,,0.023,0.024,0.024
J063738.72+091948.9,99.411346,9.3302607,12.812,0.023,12.908,0.022,12.851,0.029,IV,HII-region,Star in Cluster,,15.494,0.005,14.037,0.003,13.66,0.0,13.75,0.0,13.52,0.0,12.812,12.827,11.262,8.623,13.058,12.908,12.851,0.023,0.028,,,0.024,0.022,0.029
J063716.51+100849.9,99.318832,10.147208,12.142,0.022,12.315,0.022,12.227,0.024,IV,HII-region,,,16.005,0.007,14.545,0.005,13.24,0.0,13.4,0.0,13.08,0.0,12.142,12.17,11.253,8.56,12.475,12.315,12.227,0.022,0.023,,,0.023,0.022,0.024
J053709.43+283122.9,84.289325,28.523047,13.762,0.028,14.122,0.03,13.803,0.038,IV,HII-region,,,19.037,0.02,17.119,0.005,15.99,0.01,16.18,0.0,15.48,0.0,13.762,13.807,12.457,8.95,14.44,14.122,13.803,0.028,0.04,,,0.029,0.03,0.038
J061654.52+233737.2,94.227168,23.62701,12.995,0.026,13.39,0.039,13.173,0.031,IV,HII-region,,,17.68,0.011,16.036,0.003,14.79,0.0,15.16,0.0,14.62,0.0,12.995,12.864,12.323,8.741,13.671,13.39,13.173,0.026,0.029,,,0.029,0.039,0.031
J061815.58+234939.9,94.564937,23.827759,13.592,0.026,13.891,0.032,13.733,0.04,IV,HII-region,,,18.484,0.016,16.606,0.004,15.63,0.01,15.82,0.0,15.22,0.01,13.592,13.651,12.013,8.268,14.339,13.891,13.733,0.026,0.038,0.386,,0.031,0.032,0.04
J053917.51+303255.1,84.822998,30.548646,13.647,0.027,14.027,0.034,13.767,0.041,VI,HII-region,,,18.953,0.023,16.948,0.005,15.89,0.01,16.08,0.01,15.38,0.01,13.647,13.659,12.437,8.764,14.338,14.027,13.767,0.027,0.037,,,0.027,0.034,0.041
J064723.70+104241.2,101.84876,10.711448,12.399,0.023,12.498,0.022,12.451,0.025,VI,HII-region,,,15.448,0.007,16.933,0.016,13.29,0.0,13.44,0.0,13.11,0.0,12.399,12.4,11.788,8.565,12.672,12.498,12.451,0.023,0.026,0.358,,0.023,0.022,0.025
J064108.90+105351.6,100.28709,10.897675,11.585,0.022,11.837,0.022,11.675,0.02,VI,HII-region,,,17.06,0.009,14.865,0.004,13.68,0.0,13.92,0.0,13.22,0.0,11.585,11.564,11.92,8.809,12.167,11.837,11.675,0.022,0.023,0.426,,0.022,0.022,0.02
J064542.79+105419.0,101.42833,10.905297,12.03,0.023,12.15,0.025,12.065,0.023,VI,HII-region,,,16.134,0.01,13.73,0.003,12.99,0.0,13.14,0.0,12.84,0.0,12.03,12.072,11.76,8.816,12.318,12.15,12.065,0.023,0.025,0.31,,0.023,0.025,0.023
J064729.50+105403.8,101.87294,10.901065,12.565,0.024,12.701,0.021,12.586,0.027,VI,HII-region,,,15.824,0.005,14.226,0.003,13.62,0.0,13.76,0.0,13.39,0.0,12.565,12.584,11.823,8.273,12.875,12.701,12.586,0.024,0.026,,,0.023,0.021,0.027
J054008.08+290849.3,85.033684,29.147031,12.651,0.025,12.9,0.023,12.756,0.026,VI,HII-region,,,16.761,0.007,15.035,0.003,14.24,0.0,14.4,0.0,13.87,0.0,12.651,12.629,12.494,8.813,13.161,12.9,12.756,0.025,0.027,,,0.022,0.023,0.026
J053717.33+284855.5,84.322233,28.815442,13.88,0.028,14.408,0.048,14.186,0.049,VI,HII-region,,,20.078,0.039,17.375,0.005,16.24,0.01,16.47,0.01,15.75,0.01,13.88,14.009,12.424,8.861,14.657,14.408,14.186,0.028,0.043,,,0.034,0.048,0.049
J054046.35+302032.0,85.193144,30.342245,12.909,0.028,13.239,0.026,13.042,0.026,VI,HII-region,,,18.185,0.014,16.364,0.004,14.97,0.0,15.31,0.0,14.62,0.0,12.909,12.9,11.174,8.247,13.66,13.239,13.042,0.028,0.031,0.183,,0.024,0.026,0.026
J062007.17+235005.7,95.029898,23.834921,13.344,0.027,13.603,0.043,13.468,0.035,VI,HII-region,,,17.222,0.008,15.567,0.003,14.76,0.0,14.95,0.0,14.52,0.0,13.344,13.38,12.224,8.907,13.818,13.603,13.468,0.027,0.034,,,0.026,0.043,0.035
J061823.48+235452.8,94.597842,23.914688,12.996,0.025,13.19,0.033,13.096,0.034,VI,HII-region,,,16.821,0.007,15.133,0.004,14.42,0.0,14.58,0.0,14.11,0.0,12.996,12.998,11.666,8.435,13.427,13.19,13.096,0.025,0.03,,,0.026,0.033,0.034
J064433.29+094604.5,101.13872,9.7679444,12.447,0.024,12.526,0.024,12.482,0.032,II,unknown,,,15.074,0.004,14.837,0.01,13.21,0.0,13.31,0.0,13.12,0.0,12.447,12.466,12.265,8.617,12.658,12.526,12.482,0.024,0.025,0.401,,0.026,0.024,0.032
J062015.10+235250.5,95.062945,23.880703,13.819,0.028,14.069,0.046,13.941,0.05,II,unknown,,,17.805,0.011,16.081,0.003,15.31,0.0,15.48,0.0,15.01,0.0,13.819,13.853,12.231,8.67,14.341,14.069,13.941,0.028,0.043,,,0.036,0.046,0.05
J062131.05+241000.9,95.3794,24.166926,13.851,0.029,14.072,0.039,14.035,0.05,II,unknown,,,17.174,0.008,15.591,0.003,15.11,0.0,15.22,0.0,14.88,0.0,13.851,13.936,12.467,8.972,14.27,14.072,14.035,0.029,0.044,0.486,,0.029,0.039,0.05
J062127.87+241705.0,95.366144,24.284743,13.595,0.027,13.836,0.03,13.705,0.038,II,unknown,,,16.97,0.008,15.349,0.004,14.79,0.0,14.93,0.0,14.56,0.0,13.595,13.636,11.968,8.647,13.96,13.836,13.705,0.027,0.037,,,0.025,0.03,0.038
J054537.46+213829.7,86.406106,21.641594,13.913,0.028,13.967,0.041,13.917,0.052,II,unknown,,,16.192,0.006,15.3,0.004,14.7,0.0,14.92,0.0,14.6,0.0,13.913,13.934,12.216,8.731,14.153,13.967,13.917,0.028,0.043,,,0.024,0.041,0.052
J052831.74+271146.5,82.132272,27.19626,13.154,0.026,13.65,0.031,13.406,0.032,I,unknown,,,16.526,0.006,15.552,0.003,14.55,0.0,15.04,0.0,14.59,0.0,13.154,12.902,11.558,8.908,13.874,13.65,13.406,0.026,0.029,,,0.026,0.031,0.032
J053513.09+295912.3,83.80458,29.986758,11.31,0.023,12.243,0.022,12.1,0.02,I,unknown,,,16.652,0.007,15.242,0.004,13.64,0.0,14.21,0.0,13.41,0.0,11.31,10.993,10.411,8.376,12.544,12.243,12.1,0.023,0.021,0.088,,0.021,0.022,0.02
J060414.76+240402.4,91.06154,24.067343,11.549,0.024,12.76,0.025,12.653,0.023,I,unknown,Star,,15.339,0.005,14.841,0.004,13.14,0.0,13.58,0.0,13.09,0.0,11.549,11.304,10.683,8.408,12.911,12.76,12.653,0.024,0.023,0.108,,0.021,0.025,0.023
J041750.14+532526.1,64.458939,53.423931,10.772,0.023,11.481,0.029,11.187,0.023,I,unknown,,unclassify,15.331,0.004,14.196,0.002,12.54,0.0,13.33,0.0,12.74,0.0,10.772,10.439,9.512,8.707,11.808,11.481,11.187,0.023,0.02,0.04,0.34,0.024,0.029,0.023
J041336.90+524434.5,63.40378,52.742943,10.146,0.023,10.706,0.027,10.406,0.021,I,unknown,Emission-line Star,double-peak,15.043,0.007,13.173,0.001,11.51,0.0,12.35,0.0,11.87,0.0,10.146,9.853,9.103,7.923,10.997,10.706,10.406,0.023,0.02,0.029,0.183,0.023,0.027,0.021
J060250.30+235942.2,90.709624,23.995056,11.959,0.024,12.603,0.026,12.25,0.021,I,unknown,,unclassify,17.746,0.011,16.079,0.004,14.37,0.0,14.94,0.0,14.12,0.0,11.959,11.692,10.764,8.97,12.916,12.603,12.25,0.024,0.022,0.131,,0.021,0.026,0.021
J054649.95+220630.2,86.708152,22.108395,13.416,0.027,14.378,0.049,13.813,0.044,I,unknown,,,19.195,0.027,17.486,0.005,16.42,0.01,16.82,0.0,16.29,0.01,13.416,12.663,9.631,7.849,15.049,14.378,13.813,0.027,0.027,0.049,0.181,0.038,0.049,0.044
J060250.30+235942.2,90.709624,23.995056,11.959,0.024,12.603,0.026,12.25,0.021,I,unknown,,,17.746,0.011,16.079,0.004,14.37,0.0,14.94,0.0,14.12,0.0,11.959,11.692,10.764,8.97,12.916,12.603,12.25,0.024,0.022,0.131,,0.021,0.026,0.021
J060028.33+225621.9,90.118083,22.939422,10.575,0.027,12.003,0.03,11.798,0.023,I,unknown,,,17.548,0.011,15.865,0.003,13.78,0.0,14.49,0.0,13.43,0.0,10.575,10.337,9.817,8.314,12.396,12.003,11.798,0.027,0.026,0.054,0.32,0.023,0.03,0.023
J055941.63+240412.0,89.923496,24.070006,11.659,0.023,12.706,0.022,12.489,0.023,I,unknown,,unclassify,17.137,0.009,15.607,0.003,14.45,0.0,14.89,0.0,14.11,0.0,11.659,11.318,10.425,8.282,13.036,12.706,12.489,0.023,0.021,0.083,,0.021,0.022,0.023
J054553.52+293645.9,86.473039,29.612765,11.452,0.023,12.103,0.022,11.803,0.02,III,unknown,,,16.325,0.007,14.951,0.005,13.45,0.0,13.95,0.0,13.41,0.0,11.452,11.142,10.212,8.885,12.496,12.103,11.803,0.023,0.021,0.082,,0.022,0.022,0.02
J054553.52+293645.9,86.473039,29.612765,11.452,0.023,12.103,0.022,11.803,0.02,III,unknown,,,16.325,0.007,14.951,0.005,13.45,0.0,13.95,0.0,13.41,0.0,11.452,11.142,10.212,8.885,12.496,12.103,11.803,0.023,0.021,0.082,,0.022,0.022,0.02
J055055.59+221936.7,87.731648,22.326887,13.476,0.027,13.759,0.042,13.527,0.035,II,unknown,,,17.083,0.008,15.953,0.004,14.87,0.0,15.29,0.0,14.83,0.0,13.476,13.34,12.287,8.712,14.134,13.759,13.527,0.027,0.036,,,0.036,0.042,0.035
