col1,Unnamed: 0,_RAJ2000_1,_DEJ2000_1,LAMOST_sep,umag,gmag,rmag,Hamag,imag,Jmag,Hmag,Kmag,original_index,model_prob,Halpha
545,546,64.4589390,53.4239310,2.00,14.41,14.29,13.33,12.54,12.74,11.81,11.48,11.19,545.00,1.00,1.00
397,398,64.4589367,53.4239286,2.00,14.41,14.29,13.33,12.54,12.74,11.81,11.48,11.19,397.00,1.00,1.00
555,556,62.8359500,53.2345390,2.00,14.06,14.00,12.83,12.10,12.34,11.79,11.51,11.25,555.00,1.00,1.00
315,316,309.1973900,34.1965017,2.00,15.06,14.73,13.83,13.12,13.32,12.54,12.25,12.02,315.00,1.00,1.00
251,251,63.4037767,52.7429414,2.00,14.12,13.27,12.35,11.51,11.87,11.00,10.71,10.41,251.00,1.00,1.00
160,160,63.4037800,52.7429430,2.00,14.12,13.27,12.35,11.51,11.87,11.00,10.71,10.41,160.00,1.00,1.00
409,410,88.8526670,22.9101940,2.00,16.49,16.13,13.95,13.10,12.93,11.16,10.66,10.32,409.00,1.00,1.00
163,163,66.0121810,54.3970280,2.00,14.20,13.87,12.80,12.31,12.32,11.54,11.34,11.13,163.00,0.99,1.00
192,192,88.5773330,22.9039440,2.00,16.67,16.25,15.19,14.64,14.48,13.19,12.77,12.48,192.00,0.99,1.00
495,496,80.2109090,28.3571430,2.00,16.06,15.71,14.63,14.23,14.22,13.46,13.24,13.02,495.00,0.99,1.00
952,954,102.8430914,-0.2858156,2.00,15.05,15.12,14.62,14.06,14.17,13.44,13.15,12.98,952.00,0.98,1.00
866,868,324.3077244,51.6485219,2.00,15.85,15.50,14.12,13.55,13.29,12.17,11.73,11.33,866.00,0.98,1.00
433,434,94.2455333,25.2571656,2.00,14.34,14.64,13.65,13.25,13.33,12.78,12.64,12.49,433.00,0.98,1.00
834,836,94.2455420,25.2571940,2.00,14.34,14.64,13.65,13.25,13.33,12.78,12.64,12.49,834.00,0.98,1.00
547,548,86.5069840,21.4407420,2.00,15.47,15.44,14.82,14.47,14.49,13.96,13.74,13.64,547.00,0.97,1.00
101,101,82.1322720,27.1962600,2.00,15.60,15.65,15.04,14.55,14.59,13.87,13.65,13.41,101.00,0.96,1.00
823,825,89.7255830,22.0500560,2.00,15.77,15.55,14.70,14.26,14.19,13.28,13.04,12.84,823.00,0.96,1.00
508,509,63.9361464,53.8322308,2.00,15.15,14.81,13.86,13.42,13.32,12.50,12.22,12.09,508.00,0.95,1.00
245,245,87.7316480,22.3268870,2.00,16.16,16.05,15.29,14.87,14.83,14.13,13.76,13.53,245.00,0.94,1.00
391,392,89.5867010,22.8794540,2.00,15.95,15.74,14.61,13.92,13.76,12.47,12.02,11.56,391.00,0.88,1.00
303,304,56.3685360,50.0572210,2.00,14.84,14.83,12.98,12.43,12.29,11.34,10.98,10.64,303.00,0.84,1.00
83,83,56.3685090,50.0572410,2.00,14.84,14.83,12.98,12.43,12.29,11.34,10.98,10.64,83.00,0.84,1.00
212,212,102.7985180,-0.3048420,2.00,13.76,14.00,13.17,12.81,12.79,12.30,12.18,12.13,212.00,0.80,0.00
53,53,92.0751400,22.4430440,2.00,15.28,14.73,13.86,13.50,13.21,12.06,11.56,11.35,53.00,0.73,1.00
500,501,56.4635930,49.8157530,2.00,15.25,14.40,13.02,12.61,12.42,11.53,11.29,11.12,500.00,0.70,1.00
565,566,92.5806700,23.7695300,2.00,13.60,13.32,12.68,12.50,12.53,12.06,12.01,11.95,565.00,0.68,1.00
366,367,92.5806708,23.7695306,2.00,13.60,13.32,12.68,12.50,12.53,12.06,12.01,11.95,366.00,0.68,1.00
271,271,55.0748733,49.3589739,2.00,13.65,12.97,12.91,12.62,12.63,12.27,12.01,11.91,271.00,0.66,1.00
154,154,92.7984680,23.5900420,2.00,13.47,13.41,12.72,12.50,12.51,12.04,11.99,11.92,154.00,0.65,0.00
509,510,92.9613600,25.4900700,2.00,13.54,12.15,12.02,11.39,11.63,11.40,11.29,11.16,509.00,0.64,1.00
179,179,90.7096240,23.9950560,2.00,16.82,16.17,14.94,14.37,14.12,12.92,12.60,12.25,179.00,0.56,1.00
954,956,88.4281560,21.8731480,2.00,14.64,14.76,14.41,14.03,14.09,13.52,13.37,13.27,954.00,0.51,1.00
88,88,59.8338790,50.9389220,2.00,14.77,14.10,13.05,12.61,12.43,11.53,11.33,11.17,88.00,0.49,0.00
621,623,83.7472080,28.1287780,2.00,15.22,15.08,14.36,14.01,13.87,13.11,12.82,12.66,621.00,0.45,1.00
153,153,92.9681070,23.7290660,2.00,13.38,12.59,12.10,11.45,11.59,11.29,11.23,11.15,153.00,0.44,1.00
501,502,99.3151260,10.0969340,2.00,14.50,13.80,12.77,12.53,12.43,11.82,11.66,11.63,501.00,0.44,0.00
1021,1023,310.3519100,37.5120220,2.00,16.18,15.48,14.31,13.91,13.60,12.19,11.84,11.60,1.021.00,0.39,0.00
174,174,90.1180830,22.9394220,2.00,16.62,15.96,14.49,13.78,13.43,12.40,12.00,11.80,174.00,0.39,1.00
98,98,59.5589310,52.1734320,2.00,14.15,14.86,12.91,11.97,11.78,10.89,10.80,10.65,98.00,0.38,1.00
977,979,59.5589590,52.1734050,2.00,14.15,14.86,12.91,11.97,11.78,10.89,10.80,10.65,977.00,0.38,1.00
632,634,93.2834010,23.8573190,2.00,23.71,18.13,13.21,13.01,12.94,12.25,12.17,12.18,632.00,0.38,0.00
107,107,83.8045800,29.9867580,2.00,15.73,15.34,14.21,13.64,13.41,12.54,12.24,12.10,107.00,0.37,1.00
221,221,307.8161506,45.4200264,2.00,13.30,15.09,12.91,11.76,11.81,10.49,10.24,10.01,221.00,0.35,1.00
666,668,59.8407956,52.6647547,2.00,11.08,11.18,12.63,11.29,11.21,10.36,10.28,10.27,666.00,0.34,0.00
437,438,101.8843800,12.0303210,2.00,13.85,14.15,13.71,13.56,13.58,13.28,13.18,13.11,437.00,0.33,0.00
875,877,101.8843667,12.0303378,2.00,13.85,14.15,13.71,13.56,13.58,13.28,13.18,13.11,875.00,0.33,0.00
601,603,92.3242417,23.5627889,2.00,12.90,12.23,12.01,11.76,11.87,11.48,11.44,11.38,601.00,0.31,0.00
693,695,92.3242400,23.5627900,2.00,12.90,12.23,12.01,11.76,11.87,11.48,11.44,11.38,693.00,0.31,0.00
791,793,92.3242310,23.5628380,2.00,12.90,12.23,12.01,11.76,11.87,11.48,11.44,11.38,791.00,0.31,0.00
138,138,93.8941150,23.4207870,2.00,15.18,14.30,13.15,12.72,12.40,11.14,10.75,10.51,138.00,0.29,1.00
243,243,347.2124510,58.8386440,2.00,13.63,13.55,13.01,12.72,12.69,12.23,12.13,12.04,243.00,0.27,1.00
829,831,85.5022500,30.8323890,2.00,15.11,14.86,14.18,13.82,13.70,12.95,12.74,12.59,829.00,0.27,1.00
751,753,94.6054552,23.8328622,2.00,14.33,14.04,13.38,13.08,13.00,12.36,12.20,12.06,751.00,0.27,1.00
648,650,306.8391144,41.7869019,2.00,15.27,14.88,13.48,13.00,12.66,11.32,10.98,10.80,648.00,0.26,1.00
503,504,88.6663750,32.0500560,2.00,14.63,14.29,14.06,13.75,13.79,13.37,13.30,13.15,503.00,0.26,1.00
343,344,92.5500792,23.5248889,2.00,14.88,14.84,14.56,14.42,14.42,13.86,13.75,13.65,343.00,0.23,0.00
61,61,101.8337936,9.8692697,2.00,13.78,12.40,12.06,11.56,11.57,11.31,11.23,11.22,61.00,0.22,0.00
780,782,59.8230849,50.4115965,2.00,14.42,13.05,12.58,12.02,11.92,11.31,11.20,11.13,780.00,0.22,0.00
291,291,90.0966072,23.1843864,2.00,14.95,15.47,13.24,12.40,12.37,11.36,10.90,10.49,291.00,0.22,1.00
125,125,90.0965970,23.1843750,2.00,14.95,15.47,13.24,12.40,12.37,11.36,10.90,10.49,125.00,0.22,1.00
410,411,57.2092050,48.8893870,2.00,15.18,14.35,13.07,12.73,12.49,11.63,11.38,11.23,410.00,0.21,1.00
258,258,63.3116411,53.0755397,2.00,13.08,13.06,12.52,12.10,12.07,11.61,11.53,11.47,258.00,0.21,0.00
439,440,102.0648700,11.6159430,2.00,14.67,14.29,13.29,13.16,13.12,12.83,12.81,12.72,439.00,0.21,0.00
239,239,346.6006340,57.7094630,2.00,13.83,14.09,13.03,12.64,12.49,11.88,11.72,11.62,239.00,0.21,0.00
790,792,92.9334360,23.9505610,2.00,13.56,13.67,12.98,12.78,12.72,12.16,12.08,12.00,790.00,0.21,0.00
455,456,63.4747006,52.9521508,2.00,14.99,14.54,13.72,13.52,13.42,12.85,12.70,12.62,455.00,0.21,0.00
144,144,91.4004950,24.1748360,2.00,13.99,13.81,12.95,12.76,12.72,12.40,12.35,12.30,144.00,0.20,0.00
329,330,91.4005210,24.1748543,2.00,13.99,13.81,12.95,12.76,12.72,12.40,12.35,12.30,329.00,0.20,0.00
272,272,59.3023628,50.1102214,2.00,13.60,12.79,12.74,11.71,11.65,10.75,10.62,10.58,272.00,0.20,0.00
837,839,88.8106880,21.6525800,2.00,14.83,14.56,13.96,13.62,13.50,12.68,12.47,12.29,837.00,0.19,1.00
378,379,91.4468417,22.1385500,2.00,13.68,13.23,12.65,12.01,11.92,11.11,10.83,10.71,378.00,0.19,1.00
563,564,62.9341756,52.9894031,2.00,14.73,14.54,13.80,13.55,13.43,12.73,12.55,12.43,563.00,0.19,0.00
51,51,62.9341650,52.9894030,2.00,14.73,14.54,13.80,13.55,13.43,12.73,12.55,12.43,51.00,0.19,0.00
598,600,59.8327278,49.9711017,2.00,14.09,14.03,12.96,12.64,12.48,11.73,11.57,11.41,598.00,0.19,0.00
568,569,59.8327040,49.9710960,2.00,14.09,14.03,12.96,12.64,12.48,11.73,11.57,11.41,568.00,0.19,0.00
240,240,344.6195820,59.0330380,2.00,13.66,13.10,12.46,11.89,11.83,11.13,10.98,10.89,240.00,0.18,0.00
937,939,59.0760310,51.1330200,2.00,10.98,10.13,12.87,11.35,11.10,9.06,9.16,9.08,937.00,0.18,0.00
619,621,101.3984000,10.4676090,2.00,14.17,12.00,12.21,11.68,11.64,11.43,11.34,11.35,619.00,0.18,0.00
569,570,88.1229090,22.3983730,2.00,13.63,12.64,12.40,12.00,11.96,11.50,11.41,11.38,569.00,0.17,0.00
261,261,65.3810728,56.2837250,2.00,13.92,12.50,12.08,11.62,11.51,11.00,10.90,10.84,261.00,0.17,0.00
793,795,62.9304910,52.8727290,2.00,14.33,14.16,13.48,13.24,13.15,12.54,12.43,12.32,793.00,0.17,0.00
783,785,87.0868689,21.5004469,2.00,14.75,12.28,12.42,11.89,11.85,11.67,11.67,11.62,783.00,0.17,0.00
775,777,87.0868590,21.5004540,2.00,14.75,12.28,12.42,11.89,11.85,11.67,11.67,11.62,775.00,0.17,0.00
914,916,92.8037730,24.5876490,2.00,14.90,14.68,14.25,13.99,13.96,13.46,13.31,13.25,914.00,0.17,1.00
1057,1059,82.0578400,28.1140200,2.00,16.01,15.72,15.14,14.84,14.74,14.11,13.81,13.79,1.057.00,0.17,1.00
170,170,62.9457880,53.9900820,2.00,14.44,14.58,12.98,12.58,12.41,11.51,11.24,11.07,170.00,0.16,1.00
623,625,88.0035480,31.3508430,2.00,14.43,14.58,14.25,13.91,13.96,13.55,13.49,13.34,623.00,0.16,1.00
22,22,348.6748840,56.3802570,2.00,13.68,12.03,12.03,11.64,11.62,11.34,11.35,11.31,22.00,0.16,0.00
78,78,94.8514490,23.7777450,2.00,15.87,16.76,16.47,16.30,16.31,16.31,16.21,16.00,78.00,0.16,1.00
590,591,88.2362508,23.1526269,2.00,11.48,10.87,12.73,11.16,11.21,9.71,9.61,9.52,590.00,0.16,1.00
118,118,88.2362440,23.1526030,2.00,11.48,10.87,12.73,11.16,11.21,9.71,9.61,9.52,118.00,0.16,1.00
854,856,92.7839000,23.5230306,2.00,13.54,12.85,12.29,12.08,12.08,11.50,11.47,11.36,854.00,0.15,0.00
518,519,91.5340550,22.6749780,2.00,17.43,16.43,15.72,15.38,15.23,14.44,14.22,13.99,518.00,0.15,1.00
909,911,91.0063770,22.2717980,2.00,14.99,14.55,13.76,13.40,13.21,12.30,12.06,11.89,909.00,0.15,1.00
635,637,86.7250090,20.9606780,2.00,17.21,16.52,15.35,14.93,14.55,13.32,12.89,12.61,635.00,0.15,1.00
349,350,92.5612708,23.6281111,2.00,14.04,14.32,14.02,13.83,13.83,13.29,13.17,13.10,349.00,0.14,0.00
248,248,89.9388220,21.7206760,2.00,18.05,16.05,14.27,13.84,13.26,11.53,10.74,10.46,248.00,0.14,0.00
476,477,324.6057120,51.3430270,2.00,14.94,14.60,14.10,13.96,13.77,12.99,12.70,12.55,476.00,0.13,0.00
19,19,93.2662200,24.2486150,2.00,13.95,12.85,12.57,12.26,12.21,11.75,11.69,11.62,19.00,0.13,0.00
473,474,93.2336456,24.1348269,2.00,13.87,13.61,13.06,12.90,12.87,12.40,12.34,12.27,473.00,0.13,0.00
292,292,91.0615217,24.0673467,2.00,14.42,14.94,13.58,13.14,13.09,12.91,12.76,12.65,292.00,0.12,1.00
142,142,91.0615400,24.0673430,2.00,14.42,14.94,13.58,13.14,13.09,12.91,12.76,12.65,142.00,0.12,1.00
52,52,349.2496810,56.9780310,2.00,13.96,12.92,12.60,12.19,12.09,11.66,11.58,11.55,52.00,0.12,0.00
722,724,59.1267240,51.0877150,2.00,13.80,12.09,12.85,11.85,11.60,10.47,10.37,10.29,722.00,0.12,0.00
608,610,92.5783090,23.6069520,2.00,14.77,15.02,14.64,14.45,14.44,13.92,13.83,13.72,608.00,0.12,0.00
1066,1068,101.7906069,11.7857369,2.00,13.17,12.05,12.14,11.85,11.86,11.59,11.55,11.46,1.066.00,0.12,0.00
862,864,102.8667600,11.2704060,2.00,13.18,12.23,12.42,12.01,12.09,11.95,11.95,11.92,862.00,0.12,0.00
424,425,311.4515233,44.6140197,2.00,14.85,14.39,13.46,13.06,12.82,11.79,11.53,11.34,424.00,0.12,1.00
831,833,88.4310000,22.6491840,2.00,14.47,14.43,12.27,11.79,11.63,10.91,10.76,10.63,831.00,0.11,1.00
602,604,55.7010260,49.0606300,2.00,14.63,14.37,13.37,13.14,13.03,12.63,12.55,12.48,602.00,0.11,0.00
948,950,307.8276564,45.5547958,2.00,14.42,14.10,13.63,13.05,12.86,12.07,11.81,11.75,948.00,0.11,0.00
802,804,59.2357200,51.2388340,2.00,14.31,12.00,12.76,11.65,11.31,9.94,9.76,9.66,802.00,0.11,0.00
594,596,59.2357590,51.2388230,2.00,14.31,12.00,12.76,11.65,11.31,9.94,9.76,9.66,594.00,0.11,0.00
187,187,92.9793810,23.6186790,2.00,14.39,14.62,14.18,13.99,13.96,13.50,13.39,13.34,187.00,0.10,0.00
1014,1016,86.7908410,21.2238210,2.00,13.98,12.86,12.55,12.21,12.12,11.75,11.65,11.60,1.014.00,0.10,0.00
302,303,55.4238473,49.3262792,2.00,14.21,12.70,11.88,11.70,11.64,11.15,11.05,11.00,302.00,0.10,0.00
368,369,93.8743346,25.4351889,2.00,15.25,14.87,13.97,13.81,13.70,13.19,13.09,13.00,368.00,0.10,0.00
50,50,92.9310369,24.1637125,2.00,14.38,14.40,13.73,13.55,13.48,13.05,12.95,12.90,50.00,0.10,0.00
705,707,92.9310159,24.1635244,2.00,14.38,14.40,13.73,13.55,13.48,13.05,12.95,12.90,705.00,0.10,0.00
557,558,90.1420797,23.5923647,2.00,13.83,12.99,12.52,12.09,11.99,11.62,11.58,11.49,557.00,0.10,0.00
128,128,90.1420750,23.5923520,2.00,13.83,12.99,12.52,12.09,11.99,11.62,11.58,11.49,128.00,0.10,0.00
885,887,101.6655270,0.5460290,2.00,15.78,15.97,14.02,13.76,13.66,13.07,12.94,12.85,885.00,0.10,1.00
394,395,346.1624640,59.0363680,2.00,14.46,15.81,12.52,11.53,11.57,10.17,9.72,9.31,394.00,0.10,1.00
310,311,88.5587058,22.6082542,2.00,13.74,13.14,12.73,12.29,12.21,11.75,11.65,11.61,310.00,0.10,0.00
691,693,91.5311700,23.0224840,2.00,13.72,13.25,12.57,12.25,12.19,11.88,11.72,11.65,691.00,0.10,1.00
587,588,91.4660000,24.0691889,2.00,14.27,13.72,12.62,12.38,12.21,11.63,11.50,11.42,587.00,0.09,0.00
789,791,91.4659750,24.0691820,2.00,14.27,13.72,12.62,12.38,12.21,11.63,11.50,11.42,789.00,0.09,0.00
348,349,63.3552080,52.2666110,2.00,15.33,15.22,14.37,13.95,13.76,12.87,12.60,12.48,348.00,0.09,0.00
600,602,92.6009792,23.9796111,2.00,12.87,11.58,12.19,11.54,11.57,11.10,10.99,10.97,600.00,0.09,0.00
74,74,100.5530700,9.5025430,2.00,20.28,17.36,15.13,14.61,13.79,11.66,10.64,10.33,74.00,0.09,0.00
842,844,62.6947481,51.6886125,2.00,13.74,13.10,12.37,12.16,12.07,11.53,11.40,11.35,842.00,0.09,0.00
467,468,102.2386869,11.4750756,2.00,14.05,12.75,12.72,12.36,12.32,12.08,12.08,11.99,467.00,0.09,0.00
445,446,102.2387000,11.4750780,2.00,14.05,12.75,12.72,12.36,12.32,12.08,12.08,11.99,445.00,0.09,0.00
58,58,350.1640010,57.3754110,2.00,13.74,13.17,12.58,12.22,12.08,11.44,11.34,11.22,58.00,0.08,0.00
674,676,94.1961806,24.0379178,2.00,13.85,13.62,12.62,12.41,12.30,11.88,11.79,11.72,674.00,0.08,0.00
614,616,92.4660947,23.6290914,2.00,13.65,12.42,12.10,11.88,11.93,11.53,11.48,11.43,614.00,0.08,0.00
1,1,102.1820219,12.2026156,2.00,13.52,12.45,12.34,12.09,12.03,11.68,11.62,11.61,1.00,0.08,0.00
832,834,87.5039160,21.5901220,2.00,13.22,12.05,12.34,11.56,11.53,11.15,11.09,11.04,832.00,0.08,0.00
461,462,92.4575947,23.5155669,2.00,14.40,14.27,13.98,13.83,13.84,13.29,13.20,13.18,461.00,0.08,0.00
487,488,90.8150653,23.2060650,2.00,13.20,12.02,11.82,11.56,11.51,11.18,11.11,11.04,487.00,0.08,0.00
332,333,92.9184917,23.8194097,2.00,12.60,12.09,12.18,11.72,11.74,11.31,11.28,11.22,332.00,0.07,0.00
152,152,92.9185080,23.8192860,2.00,12.60,12.09,12.18,11.72,11.74,11.31,11.28,11.22,152.00,0.07,0.00
692,694,105.7442908,4.5595814,2.00,13.98,12.28,12.17,11.88,11.88,11.74,11.76,11.73,692.00,0.07,0.00
653,655,85.5043381,31.0455244,2.00,14.66,13.70,12.94,12.53,12.30,11.52,11.31,11.20,653.00,0.07,1.00
599,601,59.0175630,51.0082470,2.00,11.17,10.63,12.74,11.32,11.11,9.57,9.56,9.49,599.00,0.07,0.00
263,263,65.1214170,55.8172220,2.00,13.18,12.92,12.27,11.77,11.67,11.06,10.90,10.82,263.00,0.07,1.00
54,54,86.9338590,20.2323230,2.00,14.24,13.19,12.78,12.44,12.32,11.98,11.81,11.79,54.00,0.07,0.00
1055,1057,86.9338458,20.2323292,2.00,14.24,13.19,12.78,12.44,12.32,11.98,11.81,11.79,1.055.00,0.07,0.00
899,901,302.4875350,31.3699297,2.00,13.93,13.62,12.64,12.23,12.09,11.76,11.67,11.60,899.00,0.07,0.00
661,663,93.1382950,23.8281472,2.00,13.15,11.87,12.29,11.82,11.80,10.73,10.76,10.64,661.00,0.07,0.00
502,503,99.7280000,10.4474880,2.00,14.44,13.12,12.38,11.96,11.75,11.09,10.87,10.79,502.00,0.06,0.00
846,848,91.7001010,22.3550470,2.00,15.22,14.88,14.28,13.97,13.82,13.11,12.93,12.81,846.00,0.06,1.00
382,383,301.6830486,31.7833550,2.00,13.87,12.77,12.65,12.43,12.34,11.85,11.81,11.72,382.00,0.06,0.00
1070,1072,92.4775750,23.5640270,2.00,15.14,15.01,14.74,14.60,14.60,14.11,13.99,13.96,1.070.00,0.06,0.00
10,10,93.8856120,23.6622580,2.00,14.09,14.69,12.65,12.06,11.94,11.38,11.25,11.18,10.00,0.06,0.00
446,447,102.3602500,11.5211130,2.00,12.38,12.12,12.37,11.74,11.74,11.51,11.47,11.43,446.00,0.06,0.00
735,737,93.3526035,23.4083332,2.00,14.82,14.73,14.20,13.98,13.88,13.26,13.11,12.98,735.00,0.06,0.00
723,725,92.9441289,23.7655114,2.00,13.63,13.22,12.84,12.67,12.69,12.34,12.30,12.22,723.00,0.06,0.00
721,723,92.9441785,23.7655020,2.00,13.63,13.22,12.84,12.67,12.69,12.34,12.30,12.22,721.00,0.06,0.00
281,281,100.9836472,0.1551842,2.00,13.17,11.53,12.71,12.55,12.45,12.18,12.10,12.07,281.00,0.06,0.00
628,630,90.0522140,23.4912680,2.00,14.07,14.50,12.48,12.00,11.84,11.29,11.17,11.07,628.00,0.06,0.00
201,201,325.7189767,50.3853372,2.00,16.61,16.28,15.13,14.79,14.32,12.70,12.13,11.85,201.00,0.06,1.00
630,632,90.6442280,22.4662060,2.00,13.59,13.03,12.28,12.08,11.99,11.59,11.44,11.43,630.00,0.06,0.00
454,455,346.4622870,57.5562010,2.00,14.13,11.80,13.06,12.88,12.72,12.12,11.99,11.91,454.00,0.05,0.00
570,571,91.2088390,24.1730470,2.00,14.05,14.33,12.66,12.41,12.34,11.95,11.88,11.82,570.00,0.05,0.00
676,678,91.2088553,24.1730759,2.00,14.05,14.33,12.66,12.41,12.34,11.95,11.88,11.82,676.00,0.05,0.00
745,747,346.8180190,58.9179030,2.00,13.22,12.25,12.39,11.80,11.80,11.48,11.42,11.39,745.00,0.05,0.00
158,158,62.8659290,53.3701020,2.00,13.78,13.71,12.79,12.40,12.22,11.58,11.39,11.34,158.00,0.05,0.00
770,772,346.2313620,59.4772590,2.00,13.12,12.26,12.34,11.74,11.69,11.33,11.25,11.22,770.00,0.05,0.00
17,17,68.3814214,55.4336192,2.00,14.44,13.36,12.54,11.98,11.72,10.79,10.59,10.42,17.00,0.05,0.00
241,241,345.9288500,59.3656980,2.00,13.10,12.36,12.38,11.72,11.73,11.45,11.37,11.35,241.00,0.05,1.00
1015,1017,57.2435510,47.8953530,2.00,13.66,13.21,12.70,12.32,12.21,11.82,11.74,11.71,1.015.00,0.05,0.00
904,906,57.2435200,47.8953510,2.00,13.66,13.21,12.70,12.32,12.21,11.82,11.74,11.71,904.00,0.05,0.00
197,197,87.7280530,30.5911380,2.00,13.88,13.78,13.04,12.85,12.74,12.28,12.17,12.10,197.00,0.05,0.00
297,298,87.7280650,30.5911383,2.00,13.88,13.78,13.04,12.85,12.74,12.28,12.17,12.10,297.00,0.05,0.00
169,169,63.2476890,52.7774220,2.00,13.55,13.63,12.92,12.67,12.54,11.90,11.75,11.67,169.00,0.05,0.00
273,273,59.5589680,52.1734050,2.00,13.64,12.76,12.91,11.97,11.78,10.89,10.80,10.65,273.00,0.05,1.00
313,314,95.9842850,6.2352975,2.00,13.36,13.12,12.42,12.10,12.02,11.81,11.69,11.54,313.00,0.05,0.00
768,770,92.6106700,23.9385600,2.00,13.87,12.81,12.44,12.27,12.27,11.72,11.66,11.59,768.00,0.05,0.00
901,903,91.3938506,24.6509514,2.00,13.45,12.18,12.44,11.78,11.69,11.45,11.39,11.35,901.00,0.05,0.00
900,902,91.3938480,24.6509200,2.00,13.45,12.18,12.44,11.78,11.69,11.45,11.39,11.35,900.00,0.05,0.00
367,368,90.5604583,22.9387806,2.00,13.43,12.86,12.47,12.11,11.99,11.68,11.59,11.58,367.00,0.05,0.00
694,696,90.5604600,22.9387800,2.00,13.43,12.86,12.47,12.11,11.99,11.68,11.59,11.58,694.00,0.05,0.00
283,283,348.1307908,55.2565997,2.00,12.11,12.36,12.05,11.74,11.76,11.72,11.63,11.65,283.00,0.05,0.00
940,942,58.5533732,48.7525903,2.00,13.63,13.08,12.29,11.92,11.79,11.27,11.17,11.10,940.00,0.05,0.00
787,789,89.1258670,21.5978300,2.00,14.30,13.17,12.36,11.93,11.64,10.72,10.52,10.36,787.00,0.05,0.00
746,748,100.9704490,1.3011540,2.00,13.38,14.36,12.33,11.78,11.75,11.54,11.56,11.49,746.00,0.04,0.00
48,48,102.7484000,11.0293600,2.00,14.07,14.24,14.06,13.95,14.00,13.75,13.73,13.72,48.00,0.04,0.00
620,622,101.1094700,11.0319230,2.00,12.47,12.25,12.26,11.76,11.83,11.55,11.52,11.49,620.00,0.04,0.00
671,673,95.4123440,24.9778080,2.00,13.51,12.77,12.37,12.05,11.96,11.71,11.59,11.56,671.00,0.04,0.00
257,257,65.4828697,54.3243700,2.00,14.31,14.19,13.10,12.81,12.59,11.72,11.48,11.39,257.00,0.04,0.00
1024,1026,346.5446147,58.8044772,2.00,13.56,12.43,12.39,11.81,11.71,11.22,11.10,11.06,1.024.00,0.04,1.00
697,699,96.6706210,9.3986223,2.00,14.65,14.58,14.05,13.85,13.76,13.16,13.05,12.93,697.00,0.04,0.00
741,743,93.2667712,24.3723011,2.00,14.44,14.36,13.57,13.37,13.23,12.62,12.54,12.43,741.00,0.04,0.00
956,958,344.9684930,58.6308930,2.00,13.84,12.81,12.22,12.01,11.99,11.61,11.55,11.50,956.00,0.04,0.00
84,84,59.0589080,52.4341990,2.00,14.38,15.89,12.68,11.88,11.91,10.90,10.58,10.26,84.00,0.04,1.00
481,482,102.4885544,11.5830053,2.00,13.31,12.27,12.37,11.82,11.81,11.68,11.63,11.64,481.00,0.04,0.00
206,206,307.7841760,40.9691370,2.00,17.33,16.11,14.25,13.84,13.12,11.26,10.71,10.43,206.00,0.00,1.00
357,358,307.7296158,41.0574222,2.00,16.59,15.58,13.87,13.46,12.82,11.03,10.58,10.33,357.00,0.00,1.00
894,896,80.9128940,28.1065060,2.00,16.18,15.88,15.32,15.15,14.88,14.32,14.17,14.12,894.00,0.00,0.00
1044,1046,307.7920183,41.5153636,2.00,17.04,16.05,14.55,14.22,13.65,12.16,11.81,11.58,1.044.00,0.00,0.00
222,222,310.8986770,45.0519760,2.00,14.93,14.70,13.66,13.35,12.97,11.87,11.53,11.43,222.00,0.00,0.00
1034,1036,309.6713242,43.0545786,2.00,17.49,16.16,14.42,14.05,13.35,11.59,11.08,10.79,1.034.00,0.00,0.00
80,80,82.8197117,28.9242879,2.00,14.92,15.08,14.53,14.31,14.12,13.62,13.52,13.42,80.00,0.00,0.00
794,796,101.0964675,-0.2865164,2.00,14.63,14.75,14.27,14.09,13.90,13.46,13.35,13.30,794.00,0.00,0.00
505,506,82.8063590,30.4781400,2.00,17.82,17.26,16.08,15.73,15.25,14.15,13.82,13.65,505.00,0.00,0.00
314,315,308.1880639,34.5015142,2.00,15.83,15.34,14.05,13.73,13.29,12.08,11.75,11.66,314.00,0.00,1.00
246,246,89.5349220,21.6387360,2.00,15.83,15.24,14.15,13.86,13.43,12.29,12.03,11.87,246.00,0.00,0.00
853,855,310.0050300,38.1349600,2.00,16.48,15.49,14.13,13.85,13.31,11.90,11.64,11.52,853.00,0.00,0.00
678,680,307.8023292,40.5904686,2.00,18.09,16.66,14.74,14.34,13.60,11.82,11.33,11.09,678.00,0.00,1.00
519,520,309.3822970,41.6686590,2.00,17.19,16.06,14.44,14.11,13.48,11.99,11.58,11.36,519.00,0.00,0.00
945,947,90.0628120,21.4910770,2.00,15.15,14.83,13.96,13.70,13.32,12.40,12.13,11.98,945.00,0.00,0.00
228,228,102.0280500,0.8918040,2.00,17.09,16.45,15.44,15.15,14.72,13.61,13.34,13.18,228.00,0.00,1.00
863,865,308.5228240,40.7710780,2.00,17.87,16.53,14.46,14.04,13.26,11.26,10.75,10.40,863.00,0.00,1.00
362,363,308.1972797,41.0134283,2.00,18.50,17.19,15.15,14.73,13.94,11.99,11.38,11.10,362.00,0.00,1.00
713,715,309.7578510,42.6194790,2.00,17.13,15.97,14.25,13.90,13.24,11.56,11.05,10.87,713.00,0.00,0.00
1041,1043,308.4272347,41.2490667,2.00,17.02,16.28,14.06,13.62,12.84,10.74,10.23,9.89,1.041.00,0.00,1.00
194,194,90.6516160,22.1522370,2.00,15.09,14.96,14.40,14.25,14.00,13.24,13.10,12.98,194.00,0.00,0.00
250,250,90.5778730,22.9210720,2.00,15.80,15.55,14.54,14.27,13.90,12.99,12.68,12.59,250.00,0.00,0.00
995,997,308.3063570,40.9640830,2.00,19.14,17.45,15.15,14.67,13.78,11.55,10.97,10.65,995.00,0.00,1.00
588,589,85.9126230,20.7216200,2.00,14.95,15.15,14.69,14.50,14.35,13.88,13.86,13.68,588.00,0.00,0.00
524,525,83.3642960,28.1837830,2.00,16.41,15.70,14.75,14.53,14.09,13.07,12.78,12.56,524.00,0.00,0.00
902,904,310.9442460,41.3263140,2.00,16.51,15.43,14.15,13.90,13.36,12.10,11.77,11.62,902.00,0.00,0.00
441,442,307.9241640,40.9758770,2.00,18.15,16.40,14.28,13.86,12.98,10.76,10.18,9.83,441.00,0.00,1.00
234,234,85.4976260,21.1536820,2.00,16.53,16.23,15.38,15.14,14.80,14.17,13.92,13.87,234.00,0.00,0.00
1062,1064,100.1816570,-1.0330520,2.00,15.21,14.88,14.38,14.27,13.99,13.40,13.26,13.15,1.062.00,0.00,0.00
511,512,308.5992303,43.8130789,2.00,17.62,16.33,14.37,13.89,13.13,11.09,10.55,10.26,511.00,0.00,1.00
27,27,104.2231900,6.3041760,2.00,16.06,16.28,16.14,15.98,15.96,15.92,16.00,15.63,27.00,0.00,1.00
611,613,82.8927980,28.8990450,2.00,15.88,15.90,15.28,15.07,14.84,14.27,14.05,14.07,611.00,0.00,0.00
214,214,83.5167030,29.8336940,2.00,15.11,15.00,14.14,13.88,13.54,12.81,12.59,12.47,214.00,0.00,0.00
973,975,306.5048944,41.1124936,2.00,16.24,15.49,14.17,13.85,13.30,11.93,11.52,11.30,973.00,0.00,1.00
295,296,85.1294078,29.2586447,2.00,14.62,14.62,13.82,13.56,13.27,12.46,12.27,12.16,295.00,0.00,0.00
1042,1044,308.6070364,40.8630792,2.00,17.76,16.50,14.56,14.11,13.36,11.44,10.93,10.66,1.042.00,0.00,0.00
1023,1025,309.1062890,42.6470980,2.00,18.15,16.87,14.86,14.46,13.66,11.71,11.14,10.86,1.023.00,0.00,1.00
450,451,89.5500690,22.8358030,2.00,16.34,15.66,14.78,14.55,14.12,13.01,12.79,12.59,450.00,0.00,0.00
605,607,87.1920710,31.1063720,2.00,14.72,14.75,14.31,14.15,13.94,13.47,13.32,13.36,605.00,0.00,0.00
991,993,307.8245564,41.2237322,2.00,17.85,16.56,14.40,13.92,13.08,10.93,10.28,9.86,991.00,0.00,1.00
724,726,89.4462560,22.6753350,2.00,15.94,15.46,14.50,14.26,13.83,12.76,12.46,12.28,724.00,0.00,0.00
189,189,95.1241370,24.0639790,2.00,15.12,15.06,14.41,14.19,13.93,13.36,13.24,13.16,189.00,0.00,0.00
217,217,308.7432600,41.4265669,2.00,16.33,15.42,13.67,13.29,12.64,11.04,10.67,10.45,217.00,0.00,0.00
396,397,87.8930940,22.3443010,2.00,16.05,16.14,15.42,15.21,14.92,14.14,13.95,13.82,396.00,0.00,0.00
579,580,89.8099200,23.0728700,2.00,16.10,15.78,14.86,14.58,14.16,13.14,12.84,12.74,579.00,0.00,0.00
975,977,84.1011520,27.9407320,2.00,15.79,15.73,15.00,14.75,14.42,13.69,13.41,13.39,975.00,0.00,0.00
551,552,307.3793610,41.3413310,2.00,17.06,15.96,14.06,13.60,12.83,10.84,10.25,9.94,551.00,0.00,1.00
1032,1034,83.3748730,29.0059930,2.00,17.85,17.33,16.41,16.17,15.77,14.83,14.59,14.34,1.032.00,0.00,0.00
33,33,327.0054750,47.5679110,2.00,15.98,15.38,14.29,13.99,13.53,12.56,12.33,12.20,33.00,0.00,0.00
135,135,83.4066390,28.7876370,2.00,17.10,16.92,16.07,15.82,15.44,14.62,14.41,14.21,135.00,0.00,0.00
980,982,321.5246342,51.9746014,2.00,17.80,16.73,15.17,14.79,14.14,12.47,12.05,11.82,980.00,0.00,0.00
173,173,89.4896660,21.1508800,2.00,17.31,16.75,15.67,15.35,14.85,13.70,13.38,13.22,173.00,0.00,0.00
936,938,307.8462903,41.3662294,2.00,17.77,16.49,14.26,13.79,12.92,10.81,10.22,9.91,936.00,0.00,0.00
353,354,308.6439447,41.9749158,2.00,18.34,16.89,14.79,14.33,13.48,11.35,10.78,10.51,353.00,0.00,0.00
550,551,90.0618970,23.9452840,2.00,14.70,14.49,13.48,13.17,12.75,11.75,11.50,11.34,550.00,0.00,0.00
288,288,90.2102800,22.4086386,2.00,15.39,14.80,13.61,13.27,12.75,11.54,11.19,11.04,288.00,0.00,0.00
202,202,322.9148033,50.8777567,2.00,17.51,16.75,14.95,14.50,13.83,12.12,11.62,11.37,202.00,0.00,0.00
387,388,306.6139510,41.7978720,2.00,17.55,16.52,14.72,14.31,13.57,11.65,11.10,10.81,387.00,0.00,1.00
880,882,88.2704220,22.1634270,2.00,16.77,16.58,15.99,15.79,15.59,15.01,15.04,14.76,880.00,0.00,1.00
351,352,306.8893803,41.5866331,2.00,16.90,16.07,14.54,14.19,13.55,11.88,11.43,11.20,351.00,0.00,1.00
953,955,308.3608210,42.3116890,2.00,18.64,17.39,15.36,14.93,14.10,12.05,11.49,11.22,953.00,0.00,0.00
405,406,306.7594900,41.0463217,2.00,18.67,17.64,15.56,15.12,14.27,12.10,11.37,11.03,405.00,0.00,1.00
395,396,88.7232440,22.9560260,2.00,16.94,16.22,14.88,14.55,13.95,12.71,12.37,12.16,395.00,0.00,0.00
990,992,308.2794072,40.9170372,2.00,18.23,16.72,14.40,13.93,12.99,10.71,10.13,9.80,990.00,0.00,0.00
983,985,309.4539260,42.6105200,2.00,18.83,17.50,15.42,15.00,14.11,11.71,11.07,10.73,983.00,0.00,0.00
986,988,308.8307803,40.8335525,2.00,17.87,16.65,14.60,14.15,13.33,11.13,10.55,10.24,986.00,0.00,1.00
988,990,85.2832050,28.2966390,2.00,16.93,16.46,15.21,14.89,14.30,13.13,12.78,12.56,988.00,0.00,0.00
402,403,308.2551340,40.5427450,2.00,19.45,17.23,14.22,13.63,12.36,9.65,8.91,8.51,402.00,0.00,0.00
403,404,307.8678930,40.5490460,2.00,18.82,17.44,14.65,14.10,12.95,10.51,9.86,9.51,403.00,0.00,0.00
400,401,307.5616180,41.3580150,2.00,19.13,17.72,15.33,14.83,13.85,11.46,10.76,10.42,400.00,0.00,0.00
976,978,85.1370030,28.6111160,2.00,18.94,17.93,16.36,15.98,15.23,13.64,13.15,12.88,976.00,0.00,0.00
943,945,310.1776430,41.5577410,2.00,19.01,17.52,15.38,14.95,14.03,11.97,11.42,11.12,943.00,0.00,0.00
996,998,309.7762980,42.9528620,2.00,17.82,16.54,14.23,13.73,12.81,10.52,9.88,9.53,996.00,0.00,1.00
982,984,311.4362306,43.6614264,2.00,17.11,16.20,14.55,14.14,13.41,11.66,11.22,10.95,982.00,0.00,1.00
992,994,308.5715444,41.1084692,2.00,17.74,16.60,14.11,13.60,12.59,10.12,9.48,9.14,992.00,0.00,0.00
554,555,306.1497194,41.3602828,2.00,17.81,16.48,14.30,13.83,12.90,10.61,9.95,9.61,554.00,0.00,0.00
392,393,308.9038280,42.2078880,2.00,18.04,16.56,14.16,13.64,12.63,10.17,9.45,9.09,392.00,0.00,0.00
406,407,306.0652070,41.7933890,2.00,18.31,16.86,14.39,13.88,12.86,10.36,9.66,9.31,406.00,0.00,0.00
401,402,308.1472356,41.2459394,2.00,17.56,16.46,13.81,13.27,12.20,9.78,9.14,8.75,401.00,0.00,0.00
404,405,305.3348520,41.6557350,2.00,17.80,16.84,14.42,13.92,12.95,10.60,9.97,9.62,404.00,0.00,0.00
393,394,309.7067080,41.4238590,2.00,18.24,16.87,14.49,14.01,13.00,10.72,10.10,9.79,393.00,0.00,0.00
399,400,308.5580730,39.6440650,2.00,18.37,17.09,14.41,13.86,12.68,10.12,9.43,9.02,399.00,0.00,0.00
398,399,308.0163230,39.8207180,2.00,18.81,17.45,14.65,14.09,12.88,10.34,9.65,9.29,398.00,0.00,0.00
970,972,308.3676236,41.1327592,2.00,17.70,16.24,14.35,14.16,13.10,10.71,10.17,9.89,970.00,0.00,0.00
