,umag,gmag,rmag,imag,Hamag,Jmag,Hmag,Kmag,umag_gmag_rmag,umag_gmag_imag,umag_gmag_Hamag,umag_rmag_imag,umag_rmag_Hamag,umag_imag_Hamag,gmag_rmag_imag,gmag_rmag_Hamag,gmag_imag_Hamag,rmag_imag_Hamag,Jmag_Hmag_Kmag,outlier_columns,RAJ2000,DEJ2000,em
40,23.71,18.13,13.21,12.94,13.01,12.25,12.17,12.18,3.2584415584415614,2.2717543859649147,2.9721495327102834,10.17157894736842,10.305607476635513,10.85766355140187,4.763684210526313,4.827476635514016,5.242009345794393,0.2896261682243005,0.08849673202614368,umag_gmag_rmag | umag_gmag_imag | umag_gmag_Hamag | umag_rmag_imag | umag_rmag_Hamag | umag_imag_Hamag | gmag_rmag_imag | gmag_rmag_Hamag | gmag_imag_Hamag,93.283401,23.857319,0.0
42,13.3,15.09,12.91,11.81,11.76,10.49,10.24,10.01,-2.8186580086580078,-3.880760233918127,-3.486121495327102,-0.9480116959064315,-0.7277570093457939,1.4273831775700927,1.5431578947368423,1.647990654205607,3.2428504672897183,1.0859813084112144,0.05457516339869248,umag_gmag_rmag | umag_gmag_imag | umag_gmag_Hamag,307.8161506,45.4200264,1.0
43,11.08,11.18,12.63,11.21,11.29,10.36,10.28,10.27,0.5841991341991349,-0.08087719298245506,-0.043971962616822374,-3.277251461988304,-2.852429906542058,-0.02981308411215247,-2.2721052631578957,-2.0699065420560765,0.02943925233644619,1.4424299065420556,0.07150326797385646,umag_rmag_imag | umag_rmag_Hamag | gmag_rmag_imag | gmag_rmag_Hamag,59.8407956,52.6647547,0.0
68,13.6,12.79,12.74,11.65,11.71,10.75,10.62,10.58,0.7864069264069274,0.0833333333333347,0.2599065420560762,-0.4658479532163744,-0.1411214953271025,2.0251401869158876,-0.5810526315789483,-0.4264953271028044,1.1845794392523357,1.1068224299065421,0.09601307189542635,gmag_rmag_imag,59.3023628,50.1102214,0.0
76,10.98,10.13,12.87,11.1,11.35,9.06,9.16,9.08,2.142900432900432,1.4683040935672502,1.4714018691588775,-4.042982456140349,-3.3673831775700913,0.19308411214953342,-3.764736842105261,-3.443177570093456,-0.784252336448597,1.8400934579439248,-0.16797385620915,umag_gmag_rmag | umag_rmag_imag | umag_rmag_Hamag | gmag_rmag_imag | gmag_rmag_Hamag | gmag_imag_Hamag,59.076031,51.13302,0.0
77,14.17,12.0,12.21,11.64,11.68,11.43,11.34,11.35,2.2690909090909095,1.940526315789474,2.0070093457943923,1.2666666666666657,1.4448598130841104,2.5800934579439234,-0.5400000000000009,-0.45518691588785176,0.3897196261682231,0.5812149532710281,0.09849673202614347,umag_gmag_rmag | umag_gmag_imag | umag_gmag_Hamag | gmag_rmag_imag,101.3984,10.467609,0.0
81,14.75,12.28,12.42,11.85,11.89,11.67,11.67,11.62,2.536060606060607,2.1959064327485387,2.271355140186917,1.6366666666666667,1.814859813084113,2.9500934579439266,-0.4700000000000007,-0.3851869158878507,0.4597196261682247,0.5812149532710286,-0.04248366013071955,umag_gmag_rmag | umag_gmag_imag | umag_gmag_Hamag | gmag_rmag_imag,87.0868689,21.5004469,0.0
82,14.75,12.28,12.42,11.85,11.89,11.67,11.67,11.62,2.536060606060607,2.1959064327485387,2.271355140186917,1.6366666666666667,1.814859813084113,2.9500934579439266,-0.4700000000000007,-0.3851869158878507,0.4597196261682247,0.5812149532710286,-0.04248366013071955,umag_gmag_rmag | umag_gmag_imag | umag_gmag_Hamag | gmag_rmag_imag,87.086859,21.500454,0.0
89,11.48,10.87,12.73,11.21,11.16,9.71,9.61,9.52,1.4876623376623392,0.8267251461988326,0.7577102803738334,-3.098888888888888,-2.7759813084112146,0.20738317757009217,-2.740000000000001,-2.5863084112149544,-0.3771495327102825,1.5059813084112144,0.023529411764707436,umag_rmag_imag | umag_rmag_Hamag | gmag_rmag_imag | gmag_rmag_Hamag,88.2362508,23.1526269,1.0
90,11.48,10.87,12.73,11.21,11.16,9.71,9.61,9.52,1.4876623376623392,0.8267251461988326,0.7577102803738334,-3.098888888888888,-2.7759813084112146,0.20738317757009217,-2.740000000000001,-2.5863084112149544,-0.3771495327102825,1.5059813084112144,0.023529411764707436,umag_rmag_imag | umag_rmag_Hamag | gmag_rmag_imag | gmag_rmag_Hamag,88.236244,23.152603,1.0
103,13.8,12.09,12.85,11.6,11.85,10.47,10.37,10.29,2.0686147186147195,1.397660818713451,1.5877570093457951,-0.5704678362573086,-0.021962616822428616,2.5130841121495338,-1.4836842105263155,-1.2226168224299063,0.675747663551402,1.3200934579439252,0.032026143790851044,umag_gmag_rmag | gmag_rmag_imag | gmag_rmag_Hamag,59.126724,51.087715,0.0
111,14.31,12.0,12.76,11.31,11.65,9.94,9.76,9.66,2.668614718614719,1.8701754385964922,2.1317289719626173,-0.21374269005847757,0.47112149532710434,3.4257943925233643,-1.5994736842105257,-1.2735046728971957,0.9426168224299059,1.5453271028037376,0.09503267973856212,umag_gmag_rmag | umag_gmag_imag | umag_gmag_Hamag | gmag_rmag_imag | gmag_rmag_Hamag,59.23572,51.238834,0.0
112,14.31,12.0,12.76,11.31,11.65,9.94,9.76,9.66,2.668614718614719,1.8701754385964922,2.1317289719626173,-0.21374269005847757,0.47112149532710434,3.4257943925233643,-1.5994736842105257,-1.2735046728971957,0.9426168224299059,1.5453271028037376,0.09503267973856212,umag_gmag_rmag | umag_gmag_imag | umag_gmag_Hamag | gmag_rmag_imag | gmag_rmag_Hamag,59.235759,51.238823,0.0
122,14.46,15.81,12.52,11.57,11.53,10.17,9.72,9.31,-2.9024242424242424,-4.052690058479532,-3.53,0.7844444444444469,0.9777570093457957,2.8399065420560743,2.7400000000000015,2.8320093457943933,4.210280373831775,0.938785046728971,0.10163398692810383,umag_gmag_rmag | umag_gmag_imag | umag_gmag_Hamag | gmag_rmag_imag | gmag_rmag_Hamag,346.162464,59.036368,1.0
128,12.87,11.58,12.19,11.57,11.54,11.1,10.99,10.97,1.5778354978354967,1.2836257309941512,1.2696261682242977,-0.07415204678362486,0.04822429906542003,1.2624299065420537,-0.9689473684210516,-0.9107009345794388,-0.01228971962616928,0.6115887850467279,0.09300653594771222,gmag_rmag_imag | gmag_rmag_Hamag,92.6009792,23.9796111,0.0
129,20.28,17.36,15.13,13.79,14.61,11.66,10.64,10.33,1.8677489177489202,0.6443859649122827,1.5192990654205627,3.5200584795321626,4.644579439252336,7.51691588785047,1.4542105263157872,1.9894392523364468,4.179252336448599,1.5699065420560765,0.7566013071895417,umag_rmag_imag | umag_rmag_Hamag | umag_imag_Hamag,100.55307,9.502543,0.0
137,13.22,12.05,12.34,11.53,11.56,11.15,11.09,11.04,1.3068398268398265,0.8385380116959056,0.9204205607476634,-0.10526315789473639,0.12186915887850625,1.7275700934579465,-0.7589473684210519,-0.6508411214953258,0.5422897196261705,0.8184112149532718,0.017516339869280945,gmag_rmag_imag | gmag_rmag_Hamag,87.503916,21.590122,0.0
144,11.17,10.63,12.74,11.11,11.32,9.57,9.56,9.49,1.5356277056277046,0.8459649122807,0.89144859813084,-3.552690058479533,-2.9501869158878504,0.32299065420560896,-3.0536842105263156,-2.7669158878504665,-0.3239719626168205,1.6888785046728982,-0.04947712418300698,umag_rmag_imag | umag_rmag_Hamag | gmag_rmag_imag | gmag_rmag_Hamag,59.017563,51.008247,0.0
149,13.15,11.87,12.29,11.8,11.82,10.73,10.76,10.64,1.4781818181818194,1.2353801169590664,1.2545327102803756,0.26397660818713775,0.40317757009346034,1.3750467289719617,-0.7036842105263148,-0.6374299065420554,0.08485981308411034,0.49560747663551236,-0.13196078431372416,gmag_rmag_imag | gmag_rmag_Hamag,93.138295,23.8281472,0.0
155,12.38,12.12,12.37,11.74,11.74,11.51,11.47,11.43,0.3779653679653695,0.01777777777778,0.06644859813084322,-0.7563157894736813,-0.6023364485981282,0.6400000000000006,-0.6147368421052626,-0.5414485981308406,0.379999999999999,0.629999999999999,0.006013071895423203,gmag_rmag_imag | gmag_rmag_Hamag,102.36025,11.521113,0.0
159,13.17,11.53,12.71,12.45,12.55,12.18,12.1,12.07,2.196796536796538,2.226432748538012,2.159532710280375,0.14374269005847679,0.3044859813084102,0.8452336448598154,-1.330526315789476,-1.2540186915887865,-0.8457009345794382,0.28803738317757205,0.05450980392156925,umag_gmag_rmag | umag_gmag_imag | umag_gmag_Hamag | gmag_rmag_imag | gmag_rmag_Hamag | gmag_imag_Hamag,100.9836472,0.1551842,0.0
163,14.13,11.8,13.06,12.72,12.88,12.12,11.99,11.91,2.9245454545454543,2.9164327485380115,2.880093457943925,0.6564327485380123,0.8950467289719632,1.6103738317757013,-1.4568421052631575,-1.3432710280373827,-0.8011214953271026,0.38485981308411205,0.06202614379084863,umag_gmag_rmag | umag_gmag_imag | umag_gmag_Hamag | gmag_rmag_imag | gmag_rmag_Hamag | gmag_imag_Hamag,346.462287,57.556201,0.0
166,13.22,12.25,12.39,11.8,11.8,11.48,11.42,11.39,1.036060606060607,0.6831578947368433,0.7407943925233655,0.11233918128655007,0.25654205607476666,1.42,-0.4815789473684215,-0.4129439252336453,0.4499999999999993,0.5899999999999999,0.03450980392156967,gmag_rmag_imag,346.818019,58.917903,0.0
168,13.12,12.26,12.34,11.69,11.74,11.33,11.25,11.22,0.8977489177489172,0.496666666666666,0.5951401869158875,-0.01064327485380201,0.19682242990654186,1.4926168224299072,-0.45631578947368445,-0.35757009345794377,0.6071495327102812,0.6640186915887856,0.05450980392156925,gmag_rmag_imag,346.231362,59.477259,0.0
176,13.64,12.76,12.91,11.78,11.97,10.89,10.8,10.65,0.9507792207792217,0.25532163742690117,0.47761682242990783,-0.6445029239766085,-0.18364485981308298,2.097943925233648,-0.8042105263157902,-0.5848598130841122,1.1211682242990668,1.1832710280373844,-0.037450980392157274,gmag_rmag_imag | gmag_rmag_Hamag,59.558968,52.173405,1.0
179,13.45,12.18,12.44,11.69,11.78,11.45,11.39,11.35,1.392683982683982,0.9576608187134498,1.06626168224299,0.0977192982456141,0.368504672897196,1.8727102803738314,-0.6942105263157892,-0.5653271028037381,0.5568691588785047,0.775233644859813,0.026013071895422776,gmag_rmag_imag | gmag_rmag_Hamag,91.3938506,24.6509514,0.0
180,13.45,12.18,12.44,11.69,11.78,11.45,11.39,11.35,1.392683982683982,0.9576608187134498,1.06626168224299,0.0977192982456141,0.368504672897196,1.8727102803738314,-0.6942105263157892,-0.5653271028037381,0.5568691588785047,0.775233644859813,0.026013071895422776,gmag_rmag_imag | gmag_rmag_Hamag,91.393848,24.65092,0.0
195,14.38,15.89,12.68,11.91,11.88,10.9,10.58,10.26,-3.0246753246753246,-4.046959064327485,-3.552476635514018,0.7633918128654988,0.9224299065420584,2.4324299065420574,2.764210526315791,2.839906542056076,3.9577102803738327,0.7615887850467288,0.04810457516339878,umag_gmag_rmag | umag_gmag_imag | umag_gmag_Hamag | gmag_rmag_imag | gmag_rmag_Hamag,59.058908,52.434199,1.0
227,16.06,16.28,16.14,15.96,15.98,15.92,16.0,15.63,-0.28606060606060874,-0.42397660818713706,-0.37280373831775976,-0.29894736842105407,-0.23551401869159072,0.12504672897195995,0.03578947368421127,0.06598130841121548,0.3348598130841121,0.1856074766355136,-0.3943790849673196,Jmag_Hmag_Kmag,104.22319,6.304176,1.0
264,19.45,17.23,14.22,12.36,13.63,9.65,8.91,8.51,0.7996969696969689,-0.8842690058479548,0.3863551401869154,2.9675438596491204,4.656542056074765,8.680467289719628,1.9331578947368413,2.737056074766355,5.8135981308411235,2.216074766355142,0.40013071895424834,umag_rmag_Hamag | umag_imag_Hamag | gmag_rmag_Hamag | gmag_imag_Hamag | rmag_imag_Hamag,308.255134,40.542745,0.0
265,18.82,17.44,14.65,12.95,14.1,10.51,9.86,9.51,0.06350649350649218,-1.4820467836257327,-0.32121495327102956,2.1021637426900575,3.635420560747663,7.310186915887852,1.8057894736842108,2.535560747663552,5.344439252336451,2.0224299065420572,0.352614379084968,gmag_imag_Hamag | rmag_imag_Hamag,307.867893,40.549046,0.0
275,17.56,16.46,13.81,12.2,13.27,9.78,9.14,8.75,-0.15043290043290258,-1.6154385964912308,-0.5248130841121519,1.791637426900582,3.225140186915885,6.699999999999999,1.717894736842105,2.4001869158878506,5.0550000000000015,1.9100000000000013,0.3086274509803905,rmag_imag_Hamag,308.1472356,41.2459394,0.0
278,18.37,17.09,14.41,12.68,13.86,10.12,9.43,9.02,0.015411255411256874,-1.5310526315789459,-0.36518691588784913,1.8556725146198838,3.4254205607476638,7.167757009345795,1.6784210526315786,2.425560747663551,5.286728971962617,2.0608411214953275,0.34163398692810404,gmag_imag_Hamag | rmag_imag_Hamag,308.558073,39.644065,0.0
279,18.81,17.45,14.65,12.88,14.09,10.34,9.65,9.29,0.038787878787878816,-1.553040935672514,-0.3514018691588785,2.0070175438596487,3.6157009345794373,7.445327102803734,1.7752631578947362,2.5409345794392513,5.469018691588783,2.1092523364485976,0.38411764705882206,umag_imag_Hamag | gmag_imag_Hamag | rmag_imag_Hamag,308.016323,39.820718,0.0
294,19.931,18.143,15.261,13.63,14.75,10.746,9.936,9.459,0.42809523809523786,-1.0887076023391806,0.059789719626168525,2.686093567251466,4.173327102803741,7.703616822429906,1.9377368421052656,2.6456028037383197,5.34514953271028,1.9450186915887833,0.40470588235294147,umag_imag_Hamag | gmag_rmag_Hamag | gmag_imag_Hamag | rmag_imag_Hamag,152.188854,-57.230152,0.0
341,20.44,18.606,15.728,14.032,15.224,10.888,9.968,9.43,0.47598268398268284,-1.081590643274855,0.11139252336448524,2.6490292397660844,4.222130841121498,7.9007850467289735,1.896105263157897,2.6448411214953294,5.459644859813086,2.0302056074766353,0.46287581699346386,umag_imag_Hamag | gmag_rmag_Hamag | gmag_imag_Hamag | rmag_imag_Hamag,153.315795,-57.077087,0.0
361,20.842,19.447,16.74,15.134,16.253,11.989,11.004,10.483,0.11767099567099493,-1.3542222222222215,-0.23185046728971925,2.1485029239766114,3.6286542056074786,7.109364485981306,1.7772105263157916,2.4817056074766373,5.144406542056073,1.9197383177570075,0.5423202614379106,gmag_imag_Hamag | rmag_imag_Hamag,152.818379,-57.736846,0.0
366,20.992,19.178,16.385,14.752,15.94,11.746,10.85,10.373,0.4960909090909096,-1.0072514619883037,0.16473831775700898,2.620660818713449,4.174476635514016,7.727775700934577,1.84757894736842,2.58713551401869,5.308672897196261,1.9660841121495334,0.49070588235294177,umag_imag_Hamag | gmag_imag_Hamag | rmag_imag_Hamag,153.481891,-57.296756,0.0
424,19.772,18.29,15.611,14.02,15.122,11.212,10.387,9.993,0.217883116883117,-1.239812865497076,-0.13160747663551398,2.225748538011693,3.685710280373829,7.132074766355139,1.7578947368421032,2.4527803738317737,5.088775700934579,1.8999719626168237,0.4902287581699339,rmag_imag_Hamag,153.919392,-57.286169,0.0
433,20.597,18.508,15.374,13.514,14.826,10.056,9.057,8.424,0.6101861471861503,-1.0943099415204651,0.21358878504673218,2.9605438596491225,4.690364485981309,8.72606542056075,2.0571578947368403,2.88048598130841,5.9688037383177575,2.2278504672897212,0.46115686274509615,umag_rmag_Hamag | umag_imag_Hamag | gmag_rmag_imag | gmag_rmag_Hamag | gmag_imag_Hamag | rmag_imag_Hamag,154.220685,-57.090546,0.0
447,19.622,18.012,15.232,13.597,14.716,10.619,9.703,9.21,0.2982251082251073,-1.204239766081872,-0.06880373831775777,2.40122807017544,3.888467289719627,7.426364485981308,1.8334210526315804,2.5412897196261692,5.246406542056075,1.9487383177570092,0.4971111111111128,umag_imag_Hamag | gmag_imag_Hamag | rmag_imag_Hamag,154.009332,-57.311851,0.0
492,20.626,18.877,16.027,14.379,15.531,11.361,10.466,10.02,0.40419480519480877,-1.1181461988304062,0.04472897196262049,2.5944152046783615,4.116906542056075,7.689691588785049,1.8958947368421024,2.620542056074764,5.35392523364486,1.9709906542056093,0.5160457516339886,umag_imag_Hamag | gmag_rmag_Hamag | gmag_imag_Hamag | rmag_imag_Hamag,154.04713,-57.495002,0.0
636,20.965,19.586,16.803,15.177,16.298,11.861,10.934,10.344,0.06580952380952643,-1.4314152046783604,-0.2957289719626153,2.1841754385964895,3.6711588785046696,7.191869158878503,1.8416315789473656,2.5493785046728936,5.241892523364484,1.9402990654205616,0.42569281045751795,gmag_imag_Hamag | rmag_imag_Hamag,154.872859,-57.727208,0.0
681,20.27,18.78,15.988,14.348,15.485,11.352,10.421,9.96,0.17256277056276836,-1.3350760233918142,-0.18829439252336666,2.2871461988304116,3.793102803738318,7.345906542056071,1.8425263157894762,2.559303738317759,5.276780373831775,1.9587850467289705,0.5393006535947735,gmag_imag_Hamag | rmag_imag_Hamag,154.803287,-58.039751,0.0
718,19.141,17.146,14.245,12.551,13.746,9.479,8.656,8.113,0.626129870129867,-0.933976608187137,0.2632242990654181,2.835461988304094,4.410990654205608,8.086542056074764,1.9202631578947391,2.6701542056074787,5.482873831775701,2.029046728971962,0.36162745098038995,umag_rmag_Hamag | umag_imag_Hamag | gmag_rmag_Hamag | gmag_imag_Hamag | rmag_imag_Hamag,156.036587,-57.159384,0.0
754,20.843,18.914,15.902,14.133,15.405,11.003,10.133,9.652,0.5077532467532444,-1.1185380116959092,0.1417056074766334,2.789233918128656,4.457934579439254,8.302971962616823,1.9878421052631603,2.782079439252339,5.726084112149535,2.125635514018692,0.46130718954248484,umag_rmag_Hamag | umag_imag_Hamag | gmag_rmag_Hamag | gmag_imag_Hamag | rmag_imag_Hamag,156.025071,-57.459526,0.0
771,20.841,18.896,15.737,13.901,15.135,10.505,9.571,9.035,0.45438961038961057,-1.2389473684210524,0.029350467289719795,2.870736842105264,4.518878504672898,8.485383177570094,2.096052631578948,2.880504672897197,5.911850467289721,2.181981308411215,0.47857516339869427,umag_rmag_Hamag | umag_imag_Hamag | gmag_rmag_imag | gmag_rmag_Hamag | gmag_imag_Hamag | rmag_imag_Hamag,156.260877,-57.363146,0.0
1027,20.687,18.803,15.954,14.313,15.465,11.109,10.16,9.627,0.539666666666667,-0.9780467836257305,0.18380373831775731,2.7369298245614044,4.257710280373832,7.816691588785046,1.898947368421053,2.6227803738317754,5.345925233644859,1.9639906542056074,0.4961241830065363,umag_imag_Hamag | gmag_rmag_Hamag | gmag_imag_Hamag | rmag_imag_Hamag,156.400035,-58.268023,0.0
2165,19.919,18.585,16.129,14.526,15.66,11.376,10.325,9.773,0.175108225108225,-1.2533157894736848,-0.15583644859813117,1.8401520467836234,3.3341495327102786,6.813149532710281,1.5279473684210514,2.2390327102803727,4.90155140186916,1.9209439252336464,0.5819803921568634,rmag_imag_Hamag,160.183987,-59.826344,0.0
2884,20.417,19.07,16.399,14.675,15.905,11.356,10.232,9.6,0.08665800865801043,-1.4544912280701734,-0.26507943925233524,1.920970760233919,3.537850467289719,7.2823738317757,1.6728947368421045,2.442467289719625,5.3088785046728955,2.068859813084112,0.5870065359477133,gmag_imag_Hamag | rmag_imag_Hamag,161.942624,-60.409997,0.0
3319,20.431,19.79,18.171,17.238,17.668,16.222,15.307,15.479,-0.12294372294372102,-0.9857134502923954,-0.43983177570093246,1.1251228070175459,1.7711028037383194,3.7315046728971972,1.0788421052631578,1.3863037383177568,2.8714859813084104,1.0535607476635511,1.061143790849673,Jmag_Hmag_Kmag,165.427892,-58.411409,0.0
3840,18.046,18.18,17.13,16.538,16.798,15.855,15.896,15.218,-0.6294545454545462,-1.1806549707602338,-0.8379158878504682,0.19590643274854003,0.5933084112149529,1.8336074766355106,0.7072631578947384,0.8964112149532715,1.8351775700934558,0.6648971962616804,-0.61707843137255,Jmag_Hmag_Kmag,166.558234,-58.733671,0.0
4783,19.911,18.399,15.642,14.021,15.111,10.976,10.072,9.548,0.21107792207792198,-1.278654970760233,-0.16272897196261615,2.2972573099415246,3.752887850467293,7.255046728971963,1.8185263157894762,2.5113504672897218,5.187859813084112,1.9266074766355126,0.45877124183006784,gmag_imag_Hamag | rmag_imag_Hamag,166.931203,-61.173722,0.0
5388,20.564,19.048,16.231,14.536,15.736,11.374,10.344,9.708,0.18676623376623724,-1.3600701754385933,-0.17095327102803393,2.271245614035084,3.8518785046728947,7.530803738317759,1.8356842105263114,2.5880046728971924,5.403588785046728,2.0314485981308437,0.4896078431372568,umag_imag_Hamag | gmag_imag_Hamag | rmag_imag_Hamag,168.619899,-61.129503,0.0
5533,20.379,18.89,16.051,14.379,15.588,11.119,10.115,9.571,0.14938528138528118,-1.3864327485380112,-0.1928598130841117,2.2942222222222273,3.877981308411219,7.514074766355141,1.871000000000003,2.624808411214956,5.40927570093458,2.0109719626168214,0.541777777777777,umag_imag_Hamag | gmag_rmag_Hamag | gmag_imag_Hamag | rmag_imag_Hamag,168.756885,-61.344968,0.0
5674,20.003,18.117,15.304,13.721,14.861,10.804,9.934,9.469,0.5586536796536787,-0.9161286549707612,0.22757009345794343,2.773479532163743,4.268420560747664,7.70966355140187,1.8965263157894743,2.6080607476635524,5.243009345794394,1.9026261682242995,0.4749019607843149,umag_imag_Hamag | gmag_imag_Hamag | rmag_imag_Hamag,168.782772,-61.683309,0.0
6003,20.484,18.317,15.149,13.372,14.604,9.97,9.007,8.402,0.6721428571428585,-0.985076023391811,0.2757990654205622,3.173502923976612,4.805280373831779,8.654878504672897,2.1392105263157912,2.915873831775702,5.860364485981308,2.1224205607476625,0.44894771241830134,umag_rmag_Hamag | umag_imag_Hamag | gmag_rmag_imag | gmag_rmag_Hamag | gmag_imag_Hamag | rmag_imag_Hamag,170.078909,-61.949044,0.0
6323,19.95,16.73,14.29,12.98,13.77,10.709,9.637,9.278,2.068658008658007,0.8296491228070169,1.7123364485981296,4.066549707602341,5.154579439252337,7.9593457943925205,1.6815789473684233,2.1994392523364503,4.336962616822429,1.5314953271028022,0.7669673202614371,umag_gmag_rmag | umag_rmag_imag | umag_rmag_Hamag | umag_imag_Hamag,114.0834583,-20.7111389,0.0
6393,18.9,16.0,13.75,12.54,13.2,10.597,9.569,9.236,1.838311688311687,0.6945029239766067,1.4738317757009332,3.678187134502922,4.615420560747662,7.1865420560747655,1.549473684210526,1.995560747663551,3.950373831775702,1.3950467289719635,0.7450588235294103,umag_rmag_imag | umag_rmag_Hamag,114.1735,-20.6499444,0.0
6398,19.72,18.86,17.5,17.09,17.17,16.239,15.786,16.631,0.21826839826839806,-0.26824561403508795,-0.0007943925233636628,1.721286549707601,1.8992523364485987,2.7301869158878516,1.1226315789473678,1.207336448598131,1.8294392523364496,0.4324299065420567,1.170973856209152,Jmag_Hmag_Kmag,117.4814167,-25.4831667,0.0
6414,20.66,18.69,16.47,15.72,16.01,14.595,13.883,13.67,0.9224675324675302,0.07684210526315671,0.6049532710280368,3.277719298245618,3.742897196261686,5.3031775700934585,1.785789473684214,2.0071962616822465,3.1854672897196274,0.8313084112149518,0.5310196078431395,umag_rmag_imag,117.4952917,-25.5177222,0.0
6501,17.85,17.39,16.0,15.61,15.76,14.106,14.639,14.617,-0.19588744588744522,-0.6746198830409353,-0.37023364485981247,1.3756140350877202,1.6167289719626181,2.427850467289722,1.1642105263157898,1.278971962616823,1.8914485981308424,0.4320560747663558,-0.5516928104575145,Jmag_Hmag_Kmag,117.5772083,-25.4573889,0.0
6527,18.24,17.7,16.44,16.11,16.22,15.546,14.09,14.074,-0.05454545454545445,-0.4735087719298252,-0.21383177570093548,1.3985964912280653,1.5861682242990602,2.2677570093457926,1.0689473684210495,1.1582242990654175,1.6717289719626163,0.36084112149532876,1.4424052287581695,Jmag_Hmag_Kmag,117.5874583,-25.4444167,0.0
6547,19.22,18.66,17.22,16.83,16.99,16.368,15.912,14.76,-0.1194805194805213,-0.6064912280701777,-0.290607476635516,1.5256140350877188,1.7764485981308407,2.5903738317757017,1.2142105263157905,1.3335981308411227,1.9488785046728991,0.43485981308411276,-0.5228235294117677,Jmag_Hmag_Kmag,117.5954167,-25.4721944,0.0
6596,19.35,17.21,14.97,14.22,14.56,12.807,12.042,11.853,1.0830303030303037,0.2340935672514628,0.7902336448598137,3.467719298245615,3.9814953271028046,5.555794392523365,1.8057894736842108,2.0503271028037386,3.242616822429907,0.8453271028037384,0.6044117647058829,umag_rmag_imag,117.6254583,-25.4733056,0.0
6624,18.74,18.31,16.93,16.55,16.67,14.867,15.775,14.357,-0.2211688311688309,-0.6918713450292386,-0.40532710280373685,1.3477777777777777,1.5572897196261688,2.340280373831775,1.1599999999999997,1.2597196261682242,1.8491588785046715,0.4136448598130834,-2.1128366013071895,Jmag_Hmag_Kmag,117.7184167,-25.5028056,0.0
6784,17.92,17.37,16.29,15.66,15.99,14.584,13.219,14.101,0.04038961038961031,-0.5399999999999996,-0.15289719626168174,0.8636842105263197,1.3384112149532748,2.6732710280373846,0.7152631578947393,0.9412149532710304,1.9551869158878514,0.7225233644859803,2.1144117647058835,Jmag_Hmag_Kmag,119.0599167,-29.9950556,0.0
6817,14.58,14.19,13.58,13.22,13.45,12.552,9.734,9.546,0.10216450216450301,-0.22830409356725012,0.013084112149533256,0.5621052631578956,0.8736448598130834,1.6480373831775679,0.4015789473684208,0.5498598130841112,1.1408878504672875,0.4244859813084103,2.6582614379084957,Jmag_Hmag_Kmag,119.0812083,-30.0932222,0.0
7057,19.54,16.54,14.13,13.09,13.82,11.019,10.052,9.689,1.8628138528138536,0.800877192982457,1.6145794392523374,4.144970760233916,5.108691588785045,7.364205607476635,1.8078947368421032,2.2665887850467272,3.992383177570093,1.2446728971962628,0.6585686274509813,umag_rmag_imag | umag_rmag_Hamag,145.1184167,-53.8449167,0.0
7059,18.87,16.6,14.53,13.65,14.27,11.833,11.027,10.748,1.293246753246752,0.38959064327485304,1.0832242990654195,3.269590643274857,4.08728971962617,5.996448598130841,1.5605263157894764,1.9497196261682266,3.410654205607477,1.0538317757009334,0.5689411764705893,umag_rmag_imag,145.1237083,-53.791,0.0
7063,15.63,15.23,14.48,14.17,14.46,13.274,13.287,12.773,0.04610389610389648,-0.27567251461988296,0.007803738317757658,0.772923976608187,1.1305607476635522,1.8231775700934598,0.5705263157894734,0.7407476635514021,1.2754672897196273,0.391308411214954,-0.44973202614379343,Jmag_Hmag_Kmag,145.12575,-53.9184167,0.0
7064,20.11,16.77,14.16,12.97,13.82,10.665,9.66,9.27,2.108441558441559,0.9177777777777787,1.8374299065420565,4.5025146198830415,5.619532710280374,8.204485981308409,1.9210526315789473,2.4527102803738314,4.431542056074765,1.4283177570093453,0.6736274509803908,umag_gmag_rmag | umag_gmag_Hamag | umag_rmag_imag | umag_rmag_Hamag | umag_imag_Hamag,145.1267083,-53.9203611,0.0
7101,19.79,16.82,14.37,13.28,14.08,11.127,10.145,9.784,1.8139393939393924,0.7135087719298232,1.574392523364485,4.094152046783626,5.138130841121496,7.511869158878505,1.8189473684210538,2.3158411214953287,4.134392523364488,1.3142990654205609,0.6752679738562113,umag_rmag_imag | umag_rmag_Hamag | umag_imag_Hamag,145.16325,-53.8363889,0.0
7126,17.17,16.96,16.04,15.58,15.89,13.921,14.606,14.417,-0.22411255411255404,-0.669649122807017,-0.3349999999999992,0.5704678362573138,0.9842056074766394,1.9782242990654226,0.6536842105263181,0.8506074766355164,1.6103271028037394,0.5469158878504665,-0.8455882352941182,Jmag_Hmag_Kmag,145.1959583,-53.8668333,0.0
7195,18.47,17.82,16.65,16.05,16.44,15.086,14.624,13.208,0.09792207792207575,-0.4782456140350888,-0.05289719626168299,1.0901754385964941,1.6158878504672927,2.90841121495327,0.8226315789473715,1.0728504672897226,2.059766355140187,0.7093457943925214,-0.7411372549019613,Jmag_Hmag_Kmag,145.2562083,-53.7883056,0.0
7430,16.87,14.44,12.51,11.62,12.13,9.924,9.015,8.747,1.5193073593073612,0.6324561403508788,1.2534112149532735,3.2774269005847962,3.9906542056074787,5.888691588785051,1.4147368421052626,1.7542056074766357,3.1989252336448613,1.0329906542056084,0.6812875816993448,umag_rmag_imag,157.0076667,-57.6604167,0.0
7490,15.43,15.11,14.07,13.33,13.82,12.763,11.641,11.481,-0.17073593073593002,-0.8146198830409348,-0.33705607476635424,0.4598830409356719,1.117009345794392,2.713644859813084,0.6115789473684201,0.9243457943925225,2.144065420560747,0.8773831775700938,0.9860522875816992,Jmag_Hmag_Kmag,282.01825,-5.9428611,0.0
7503,18.19,15.56,13.42,12.18,12.96,10.29,9.387,9.042,1.6202164502164509,0.4754970760233923,1.3057009345794406,3.2616959064327498,4.3228971962616844,6.986822429906545,1.4221052631578952,1.927196261682244,3.9595327102803752,1.4586915887850473,0.6098627450980374,umag_rmag_imag,282.029125,-5.7654722,0.0
7519,20.0,17.24,15.21,14.13,14.81,12.442,11.679,11.377,1.802121212121215,0.7776023391812898,1.522289719626171,3.4763157894736834,4.401214953271027,6.721588785046728,1.4047368421052608,1.844953271028035,3.6152336448598104,1.2706542056074768,0.5063986928104578,umag_rmag_imag | umag_rmag_Hamag,282.0470833,-5.9196389,0.0
7531,20.13,17.32,15.25,14.13,14.84,12.348,11.549,11.273,1.833246753246752,0.7766081871345021,1.5468224299065407,3.5176608187134506,4.481495327102802,6.88915887850467,1.421578947368422,1.8803271028037385,3.71752336448598,1.3190654205607466,0.5644901960784329,umag_rmag_imag | umag_rmag_Hamag,282.0516667,-5.9595,0.0
7534,17.53,17.05,16.02,15.37,15.77,14.378,13.955,12.756,-0.006017316017316088,-0.5908771929824566,-0.17196261682242997,0.7193567251462002,1.267009345794394,2.6609345794392545,0.6536842105263168,0.9143457943925245,1.9771962616822447,0.7621495327102809,-0.5957581699346401,Jmag_Hmag_Kmag,282.0523333,-5.8956667,0.0
7535,20.55,17.32,14.98,13.68,14.52,11.657,10.721,10.406,2.1258441558441565,0.9097660818713456,1.803831775700935,3.9887134502923978,5.122897196261682,7.92196261682243,1.587368421052631,2.1271962616822426,4.264112149532711,1.5355140186915894,0.668352941176471,umag_gmag_rmag | umag_rmag_imag | umag_rmag_Hamag | umag_imag_Hamag,282.0523333,-5.9115278,0.0
7536,18.68,17.71,16.19,15.34,15.88,13.767,10.809,10.524,0.25277056277056187,-0.5407017543859665,0.03789719626168131,1.456081871345026,2.1886915887850447,4.016261682242991,1.027894736842104,1.3765887850467284,2.7712149532710297,1.0014018691588802,2.715843137254902,Jmag_Hmag_Kmag,282.053375,-5.8780833,0.0
7553,19.78,16.67,14.23,12.84,13.77,10.572,9.561,9.217,1.9586580086580077,0.6686549707602327,1.632897196261681,3.859239766081872,5.102897196261682,8.104672897196263,1.6352631578947379,2.227196261682244,4.5209813084112165,1.6507476635514025,0.7187124183006534,umag_rmag_imag | umag_rmag_Hamag | umag_imag_Hamag,282.0593333,-5.9135833,0.0
7563,19.27,16.12,13.86,12.6,13.4,10.574,9.658,9.369,2.0835930735930717,0.9062573099415183,1.764579439252335,3.8773684210526325,4.962897196261683,7.671869158878505,1.5305263157894755,2.047196261682245,4.114392523364488,1.4842990654205608,0.6704444444444451,umag_gmag_rmag | umag_rmag_imag | umag_rmag_Hamag | umag_imag_Hamag,282.067375,-5.7722222,0.0
7578,17.07,16.67,15.65,14.91,15.36,14.136,11.739,11.387,-0.08129870129870331,-0.721871345029242,-0.2672429906542081,0.5198830409356724,1.1381308411214945,2.723551401869158,0.5915789473684223,0.8858411214953281,2.0943457943925243,0.8661682242990655,2.0979150326797367,Jmag_Hmag_Kmag,282.07925,-5.9613333,0.0
7584,20.25,17.09,14.74,13.37,14.22,11.565,10.658,10.35,2.0511255411255416,0.7887719298245615,1.6981775700934587,3.8435672514619874,5.004579439252336,7.944485981308413,1.5568421052631571,2.1094392523364487,4.351542056074768,1.6083177570093472,0.6453006535947714,umag_gmag_rmag | umag_rmag_imag | umag_rmag_Hamag | umag_imag_Hamag,282.0842917,-5.9570556,0.0
7585,19.87,17.09,15.19,14.02,14.76,12.454,11.626,11.371,1.8834632034632044,0.8230994152046796,1.593224299065422,3.2568421052631598,4.262056074766357,6.776728971962618,1.222631578947369,1.7010747663551407,3.61981308411215,1.3774766355140187,0.6113333333333354,umag_rmag_imag,282.0844583,-5.9766944,0.0
7592,20.22,17.12,15.0,13.71,14.55,11.923,11.04,10.713,2.0996536796536773,0.9263742690058461,1.790981308411213,3.650877192982456,4.782616822429906,7.561962616822427,1.3731578947368437,1.9118224299065434,4.03411214953271,1.5255140186915879,0.605156862745099,umag_gmag_rmag | umag_rmag_imag | umag_rmag_Hamag | umag_imag_Hamag,282.090375,-5.9857222,0.0
7593,20.22,17.12,15.0,13.71,14.55,11.923,11.04,10.713,2.0996536796536773,0.9263742690058461,1.790981308411213,3.650877192982456,4.782616822429906,7.561962616822427,1.3731578947368437,1.9118224299065434,4.03411214953271,1.5255140186915879,0.605156862745099,umag_gmag_rmag | umag_rmag_imag | umag_rmag_Hamag | umag_imag_Hamag,282.090375,-5.9857222,0.0
7620,19.19,15.99,13.72,12.08,13.14,9.836,8.866,8.505,2.12887445887446,0.7076608187134514,1.74836448598131,3.4751461988304095,4.906261682242992,8.43747663551402,1.320526315789473,2.001682242990654,4.697570093457944,1.9371962616822438,0.6632679738562108,umag_gmag_rmag | umag_rmag_imag | umag_rmag_Hamag | umag_imag_Hamag | rmag_imag_Hamag,282.1047917,-5.9663611,0.0
7640,17.62,17.34,16.28,15.51,15.97,14.925,13.757,13.612,-0.22017316017315836,-0.8864912280701742,-0.4178037383177553,0.4033918128654955,1.038691588785046,2.6860747663551425,0.6142105263157875,0.9165887850467275,2.17177570093458,0.898971962616824,1.0447973856209165,Jmag_Hmag_Kmag,282.1183333,-5.8990833,0.0
7641,20.47,16.94,14.48,13.04,13.98,10.856,9.8,9.46,2.3692207792207762,1.044035087719295,2.0223364485981286,4.238421052631576,5.504018691588784,8.607196261682244,1.6263157894736846,2.228691588785048,4.598411214953274,1.7035514018691607,0.7671111111111104,umag_gmag_rmag | umag_gmag_Hamag | umag_rmag_imag | umag_rmag_Hamag | umag_imag_Hamag,282.1187917,-5.8846667,0.0
7651,17.19,16.54,15.58,14.81,15.3,13.208,12.686,13.626,0.19701298701298964,-0.4527485380116927,0.018411214953274135,0.673391812865499,1.3378504672897216,2.993644859813085,0.5142105263157888,0.8304672897196256,2.0940654205607463,0.9073831775700931,1.320692810457516,Jmag_Hmag_Kmag,282.1259167,-5.9605,0.0
7653,16.68,16.26,15.41,14.68,15.14,14.009,12.597,12.315,0.018917748917746446,-0.5871345029239794,-0.15046728971962842,0.3820467836257303,1.007570093457944,2.5760747663551413,0.42736842105263284,0.7250934579439269,1.921775700934582,0.8589719626168231,1.172392156862746,Jmag_Hmag_Kmag,282.1260833,-5.9639444,0.0
7665,19.91,17.13,14.89,13.6,14.43,11.867,10.986,10.75,1.723030303030305,0.5298830409356743,1.4047663551401888,3.450877192982455,4.572897196261681,7.349439252336449,1.4931578947368402,2.027196261682241,4.146682242990654,1.5227102803738328,0.6804771241830062,umag_rmag_imag | umag_rmag_Hamag,282.1319167,-5.862,0.0
7681,19.14,16.12,13.92,12.6,13.42,10.915,10.032,9.744,1.9819047619047612,0.7762573099415193,1.6447663551401863,3.614385964912281,4.734018691588786,7.5669158878504685,1.4357894736842116,1.9686915887850478,4.1292523364486,1.5499065420560751,0.6382941176470578,umag_rmag_imag | umag_rmag_Hamag | umag_imag_Hamag,282.149625,-5.9776944,0.0
7691,20.84,17.27,14.97,13.54,14.47,11.57,10.644,10.342,2.4847186147186155,1.1923976608187137,2.143831775700936,4.130584795321635,5.384018691588785,8.464672897196264,1.4721052631578928,2.068691588785046,4.420981308411216,1.6907476635514038,0.669398692810458,umag_gmag_rmag | umag_gmag_Hamag | umag_rmag_imag | umag_rmag_Hamag | umag_imag_Hamag,282.1530417,-5.8865278,0.0
7697,20.73,17.59,15.46,14.16,15.01,12.216,11.319,11.07,2.134935064935066,0.9536257309941529,1.8258878504672906,3.688713450292397,4.832616822429905,7.63448598130841,1.3773684210526302,1.9218224299065407,4.0615420560747655,1.5383177570093465,0.6854313725490176,umag_gmag_rmag | umag_gmag_Hamag | umag_rmag_imag | umag_rmag_Hamag | umag_imag_Hamag,282.156125,-5.85425,0.0
7815,15.26,14.94,13.98,13.4,13.59,12.704,11.326,11.119,-0.1329870129870122,-0.6616374269005838,-0.3676168224299059,0.5745029239766076,0.9009345794392513,2.097943925233644,0.6242105263157885,0.7795794392523353,1.6811682242990642,0.6332710280373831,1.202117647058823,Jmag_Hmag_Kmag,181.780375,-61.2429444,0.0
7899,16.55,16.09,15.43,14.92,15.21,13.331,14.035,13.964,0.1485714285714294,-0.2857894736842095,0.011775700934580913,0.4996491228070189,0.9061682242990676,1.9931775700934597,0.36473684210526347,0.5582242990654213,1.3854672897196267,0.5913084112149534,-0.7643267973856213,Jmag_Hmag_Kmag,189.76675,-60.7159722,0.0
7913,18.75,15.98,14.03,12.94,13.57,11.181,10.305,10.047,1.849870129870129,0.8322222222222215,1.5424766355140185,3.394152046783627,4.272897196261684,6.598971962616824,1.3189473684210538,1.7371962616822445,3.5080841121495343,1.2666355140186916,0.6567843137254904,umag_rmag_imag,189.7749167,-60.5689722,0.0
7917,19.22,16.22,14.09,12.94,13.6,11.078,10.178,9.861,1.9949350649350654,0.9092397660818721,1.6655140186915895,3.731169590643274,4.653738317757008,7.106542056074765,1.4642105263157883,1.9033177570093447,3.7703738317757005,1.335046728971963,0.6306535947712404,umag_gmag_rmag | umag_rmag_imag | umag_rmag_Hamag,189.7774167,-60.6076944,0.0
7924,20.02,16.89,14.78,13.59,14.29,11.671,10.74,10.41,2.1343722943722927,1.0264912280701743,1.805700934579438,3.7925146198830424,4.763738317757009,7.30663551401869,1.4210526315789491,1.883317757009347,3.8200934579439254,1.38626168224299,0.6506078431372541,umag_gmag_rmag | umag_rmag_imag | umag_rmag_Hamag,189.7830417,-60.5327778,0.0
7994,20.73,17.62,15.27,13.97,14.77,11.809,10.792,10.536,2.00112554112554,0.7833918128654966,1.6583644859813074,3.8787134502924,4.974018691588786,7.761869158878503,1.5973684210526338,2.1186915887850484,4.2443925233644855,1.5242990654205595,0.7994836601307183,umag_gmag_rmag | umag_rmag_imag | umag_rmag_Hamag | umag_imag_Hamag,189.8312917,-60.6961944,0.0
7997,16.9,16.62,15.85,15.31,15.62,14.565,14.227,11.939,-0.08333333333333637,-0.5550292397660845,-0.22934579439252656,0.39315789473684226,0.8264485981308397,1.9782242990654169,0.4573684210526335,0.6635981308411227,1.5403271028037377,0.6269158878504661,-1.6060522875817,Jmag_Hmag_Kmag,189.8352083,-60.6076111,0.0
8089,16.75,16.58,15.72,15.15,15.46,13.635,14.081,12.829,-0.23580086580086296,-0.7415204678362541,-0.4004672897196231,0.3366666666666659,0.7772897196261679,1.9882242990654206,0.5299999999999976,0.7397196261682221,1.6603271028037365,0.6569158878504677,-1.5097908496732013,Jmag_Hmag_Kmag,189.8905,-60.614,0.0
8109,17.89,17.5,16.54,15.89,16.26,13.411,14.553,12.811,-0.06298701298701276,-0.6362573099415194,-0.24158878504672743,0.5593567251462022,1.0778504672897236,2.4633644859813097,0.5836842105263176,0.8304672897196281,1.8849065420560749,0.7537383177570082,-2.62213071895425,Jmag_Hmag_Kmag,189.9004167,-60.5792222,0.0
8125,20.71,16.97,14.51,12.96,13.92,10.553,9.426,9.08,2.5792207792207815,1.1839181286549745,2.186495327102807,4.314619883040939,5.626542056074768,8.952242990654204,1.5626315789473684,2.187056074766354,4.723271028037381,1.8191588785046715,0.8330130718954255,umag_gmag_rmag | umag_gmag_Hamag | umag_rmag_imag | umag_rmag_Hamag | umag_imag_Hamag,189.910875,-60.6114722,0.0
8152,18.69,15.6,13.52,12.09,13.01,10.053,9.082,8.692,2.1085281385281402,0.8526315789473706,1.7707943925233665,3.43058479532164,4.674299065420563,7.752149532710281,1.252105263157895,1.8440654205607478,4.193551401869159,1.6879439252336446,0.6396274509803919,umag_gmag_rmag | umag_rmag_imag | umag_rmag_Hamag | umag_imag_Hamag,189.9250417,-60.6311667,0.0
8155,19.41,16.57,14.63,13.54,14.23,11.75,10.903,10.624,1.9245887445887448,0.9085964912280695,1.6481308411214954,3.4541520467836233,4.391214953271027,6.734112149532713,1.3089473684210513,1.7549532710280369,3.542663551401871,1.2834579439252356,0.6099411764705879,umag_rmag_imag | umag_rmag_Hamag,189.926875,-60.6078056,0.0
8173,17.23,16.96,16.13,15.57,15.88,14.901,14.506,13.457,-0.12164502164502289,-0.6160233918128661,-0.2800934579439256,0.41883040935672833,0.8570093457943957,2.048224299065421,0.5057894736842132,0.7143457943925261,1.6203271028037391,0.6469158878504662,-0.49630718954248354,Jmag_Hmag_Kmag,189.9363333,-60.6134167,0.0
8184,16.8,16.46,15.65,15.08,15.47,14.279,13.447,13.48,-0.04220779220779253,-0.539649122807018,-0.16425233644859827,0.4566666666666669,0.9750467289719633,2.2084112149532724,0.48000000000000037,0.7267289719626174,1.669766355140188,0.6793457943925238,0.8600392156862763,Jmag_Hmag_Kmag,189.94,-60.5953611,0.0
8208,20.43,17.18,14.91,13.56,14.45,11.4,10.383,10.056,2.178874458874459,0.9425146198830419,1.8594859813084113,3.877894736842106,5.072897196261681,7.984579439252334,1.4884210526315789,2.0571962616822423,4.281261682242989,1.5995327102803731,0.7391568627450993,umag_gmag_rmag | umag_gmag_Hamag | umag_rmag_imag | umag_rmag_Hamag | umag_imag_Hamag,189.9505,-60.5982778,0.0
8215,18.62,15.92,14.02,12.97,13.64,11.314,10.442,10.178,1.8034632034632043,0.8195906432748556,1.5386915887850483,3.3228070175438624,4.230654205607479,6.489065420560748,1.2921052631578958,1.7242056074766363,3.447803738317756,1.2378504672897186,0.6476862745098044,umag_rmag_imag,189.9517917,-60.6282778,0.0
8285,17.81,17.4,16.5,15.86,16.26,14.973,13.583,14.394,-0.014675324675323842,-0.571637426900584,-0.1706542056074748,0.5315204678362555,1.0767289719626172,2.450934579439254,0.5294736842105245,0.7889719626168218,1.8371962616822437,0.7521495327102815,2.079084967320262,Jmag_Hmag_Kmag,189.9950833,-60.5862778,0.0
8304,17.37,17.02,16.19,15.61,16.03,14.895,14.602,13.517,-0.041645021645019376,-0.5487719298245599,-0.15425233644859582,0.4745029239766059,1.0244859813084108,2.2859813084112184,0.49421052631578677,0.7559813084112132,1.7220560747663565,0.6977570093457968,-0.6288954248366027,Jmag_Hmag_Kmag,190.0075417,-60.6776389,0.0
8312,16.53,16.12,15.21,14.59,15.02,13.322,13.51,12.673,-0.019393939393939297,-0.5652631578947372,-0.15028037383177617,0.5658479532163735,1.1353271028037375,2.478504672897197,0.551052631578947,0.8221028037383173,1.8494859813084121,0.7405607476635523,-0.8991764705882356,Jmag_Hmag_Kmag,190.0120833,-60.6872778,0.0
8321,20.27,16.75,14.24,12.35,13.66,9.725,8.603,8.161,2.3356277056277053,0.7153216374269005,1.9461214953271029,3.7310526315789465,5.46626168224299,9.560560747663551,1.41578947368421,2.241682242990654,5.373317757009346,2.257289719626169,0.7464444444444442,umag_gmag_rmag | umag_gmag_Hamag | umag_rmag_imag | umag_rmag_Hamag | umag_imag_Hamag | gmag_imag_Hamag | rmag_imag_Hamag,190.0200417,-60.5746389,0.0
8325,16.82,16.46,15.55,14.92,15.34,14.048,11.943,11.618,-0.06939393939394001,-0.6216374269005858,-0.21046728971962714,0.5036842105263146,1.0658878504672886,2.425981308411215,0.5452631578947366,0.8128504672897194,1.852056074766356,0.7477570093457951,1.8288562091503278,Jmag_Hmag_Kmag,190.0222917,-60.5485,0.0
8330,19.55,16.79,14.79,13.65,14.39,11.803,10.974,10.712,1.816277056277058,0.7584795321637454,1.5375700934579464,3.3733333333333366,4.371214953271031,6.826728971962617,1.3400000000000007,1.814953271028038,3.6898130841121484,1.3474766355140175,0.6063856209150329,umag_rmag_imag | umag_rmag_Hamag,190.024625,-60.549,0.0
8392,17.34,17.03,16.22,15.65,16.05,14.976,13.667,13.468,-0.0722077922077945,-0.5696491228070192,-0.18915887850467428,0.42666666666666964,0.9547663551401897,2.190934579439252,0.4800000000000032,0.731355140186919,1.677196261682244,0.682149532710279,1.1399150326797398,Jmag_Hmag_Kmag,190.0725417,-60.5373056,0.0
8418,17.64,17.27,16.39,15.77,16.19,14.734,14.399,12.417,-0.045238095238093745,-0.5861403508771919,-0.18009345794392329,0.4958479532163732,1.0556074766355148,2.395981308411218,0.5210526315789459,0.787476635514018,1.8120560747663563,0.7377570093457959,-1.3490522875816977,Jmag_Hmag_Kmag,190.09675,-60.6950556,0.0
8541,14.04,14.07,13.47,13.03,13.21,12.289,12.173,11.401,-0.31311688311688407,-0.6929239766081887,-0.4680373831775708,0.03479532163742394,0.317289719626167,1.2354205607476652,0.3452631578947358,0.47971962616822406,1.1737383177570113,0.4904672897196279,-0.5399477124183011,Jmag_Hmag_Kmag,250.2821667,-48.7235,0.0
8557,14.92,14.28,13.39,12.88,13.16,11.852,11.895,11.059,0.2200432900432912,-0.25239766081871184,0.06953271028037489,0.9096491228070173,1.30644859813084,2.3906542056074747,0.5947368421052621,0.7835981308411202,1.6080373831775683,0.5885046728971959,-0.7533267973856204,Jmag_Hmag_Kmag,250.9111667,-47.4870833,0.0
8595,17.55,14.91,12.91,11.91,12.47,10.235,9.362,9.122,1.696277056277057,0.7277192982456149,1.397196261682244,3.4236257309941527,4.212336448598132,6.341308411214954,1.4210526315789473,1.7964485981308413,3.4160747663551403,1.1570093457943926,0.6690784313725482,umag_rmag_imag,251.0463333,-47.5444444,0.0
8618,14.03,13.98,13.27,12.83,12.97,12.131,11.364,11.788,-0.28502164502164645,-0.6830409356725158,-0.46443925233644945,0.22479532163742744,0.4684112149532719,1.3753271028037384,0.45526315789473804,0.5712149532710294,1.2540186915887859,0.47925233644859777,1.1272614379084958,Jmag_Hmag_Kmag,251.115125,-47.3651944,0.0
8641,14.21,13.95,13.34,12.93,13.15,12.348,9.971,8.329,-0.027835497835495993,-0.3901754385964893,-0.14747663551401652,0.3712865497076033,0.6853271028037399,1.5555140186915906,0.3726315789473678,0.5221028037383174,1.1834579439252337,0.47168224299065453,0.9818366013071909,Jmag_Hmag_Kmag,251.6933333,-46.9339444,0.0
8708,15.37,14.86,14.13,13.57,13.98,12.889,12.534,9.534,0.165541125541126,-0.3122807017543855,0.06177570093457985,0.5588304093567231,1.0942056074766335,2.3134579439252327,0.4057894736842089,0.6606074766355126,1.5946261682242984,0.6749532710280379,-2.1940196078431384,Jmag_Hmag_Kmag,254.3086667,-44.7015278,0.0
8715,15.98,15.14,13.98,13.35,13.67,12.264,11.363,11.754,0.2926406926406925,-0.30099415204678426,0.09126168224299036,1.233684210526315,1.6986915887850462,3.030747663551403,0.7952631578947366,1.016588785046729,2.0277570093457955,0.7197196261682252,1.233222222222222,Jmag_Hmag_Kmag,254.3262083,-44.6796111,0.0
8717,16.34,15.67,14.83,14.25,14.69,13.412,13.25,12.463,0.2736363636363637,-0.23514619883040921,0.17084112149532693,0.804502923976608,1.373925233644859,2.641028037383177,0.5042105263157893,0.7752336448598127,1.746915887850467,0.7033644859813084,-0.5066928104575161,Jmag_Hmag_Kmag,254.3283333,-44.7321111,0.0
8784,15.58,15.09,14.33,13.91,14.13,13.187,12.915,11.948,0.13138528138528172,-0.26216374269005793,0.0010280373831783596,0.7391228070175441,1.0556074766355148,1.9455140186915894,0.5168421052631578,0.6674766355140188,1.3434579439252339,0.4816822429906543,-0.5496339869281032,Jmag_Hmag_Kmag,254.5040833,-44.7043333,0.0
8798,15.29,14.68,13.87,13.42,13.64,11.633,12.226,12.151,0.22779220779220705,-0.19315789473684242,0.08028037383177566,0.8726315789473693,1.1964485981308424,2.1455140186915886,0.5494736842105272,0.7035981308411227,1.423457943925234,0.5116822429906537,-0.6567254901960811,Jmag_Hmag_Kmag,254.5287083,-44.7213333,0.0
8802,18.17,15.58,13.6,12.6,13.14,10.856,9.99,9.748,1.6557142857142872,0.6904678362573116,1.347196261682245,3.353625730994154,4.122897196261685,6.246261682242993,1.4010526315789478,1.7671962616822439,3.381214953271029,1.1514018691588788,0.6603790849673192,umag_rmag_imag,254.5360417,-44.8594167,0.0
8819,18.26,15.52,13.27,12.22,12.79,10.289,9.34,9.07,1.6783116883116904,0.6364912280701782,1.3494859813084132,3.712807017543863,4.523457943925235,6.753831775700934,1.6421052631578954,2.027943925233645,3.723504672897194,1.2098130841121482,0.7195882352941179,umag_rmag_imag | umag_rmag_Hamag,254.576,-44.7259722,0.0
8821,15.69,15.33,14.36,13.86,14.08,12.968,11.192,10.668,-0.09770562770562852,-0.57701754385965,-0.2766822429906546,0.7218128654970762,1.0578504672897204,2.1055140186915895,0.6805263157894743,0.8404672897196271,1.6334579439252348,0.5616822429906544,1.3307712418300643,Jmag_Hmag_Kmag,254.578125,-44.7207222,0.0
8841,18.88,15.78,13.35,12.23,12.9,9.957,8.99,8.636,1.9533766233766232,0.8371345029239774,1.6330841121495332,4.1676608187134505,5.092616822429907,7.489065420560746,1.7815789473684214,2.2218224299065423,4.047803738317755,1.3078504672897189,0.6662156862745096,umag_rmag_imag | umag_rmag_Hamag | umag_imag_Hamag,264.1210417,-32.4676667,0.0
8847,15.82,15.67,14.7,14.24,14.47,13.529,13.18,11.562,-0.3077056277056276,-0.7615204678362566,-0.46121495327102724,0.5604678362573122,0.8964485981308434,1.8680373831775707,0.703684210526317,0.8635981308411228,1.6008878504672897,0.5244859813084104,-1.0257712418300653,Jmag_Hmag_Kmag,264.1502083,-32.5182778,0.0
8852,18.26,15.73,13.59,12.64,13.18,10.654,9.801,9.485,1.5202164502164512,0.5603508771929839,1.2311682242990665,3.5144444444444476,4.271495327102805,6.29626168224299,1.5900000000000012,1.9503271028037388,3.4912149532710273,1.1014018691588776,0.5845032679738553,umag_rmag_imag,264.1623333,-32.5113889,0.0
8855,16.44,16.08,15.01,14.54,14.77,13.567,11.468,10.905,-0.14489177489177119,-0.6216374269005811,-0.3072429906542018,0.8583040935672523,1.1967289719626182,2.188037383177573,0.7978947368421034,0.9589719626168208,1.710887850467289,0.534485981308412,1.6206339869281043,Jmag_Hmag_Kmag,264.1757083,-32.5789722,0.0
8857,16.36,16.05,15.11,14.53,14.8,13.671,10.26,9.155,-0.13354978354978536,-0.6588888888888909,-0.3266822429906553,0.5445029239766083,0.948691588785048,2.168130841121497,0.6042105263157908,0.7965887850467309,1.7206074766355164,0.6557009345794397,2.4721111111111105,Jmag_Hmag_Kmag,264.1864583,-32.4200833,0.0
8862,16.15,15.84,14.9,14.28,14.62,13.508,13.129,11.803,-0.13354978354978453,-0.6843859649122822,-0.31140186915888,0.49584795321637143,0.9778504672897168,2.2957943925233635,0.5810526315789464,0.8104672897196252,1.8126168224299068,0.7153271028037393,-0.7476666666666658,Jmag_Hmag_Kmag,264.19725,-32.4401944,0.0
8868,18.4,16.08,14.03,13.11,13.62,11.035,10.257,9.974,1.3526839826839836,0.42684210526315924,1.0670093457943934,3.2509356725146192,3.971495327102803,5.928691588785045,1.5173684210526306,1.8603271028037371,3.3489252336448585,1.0629906542056073,0.5375424836601317,umag_rmag_imag,264.2200417,-32.4868889,0.0
8876,20.66,16.88,14.0,12.59,13.46,9.7,8.521,8.118,2.421038961038963,1.04543859649123,2.0380373831775724,4.944912280701755,6.135140186915889,9.159532710280375,2.063684210526315,2.63018691588785,4.936401869158878,1.6539252336448602,0.8365816993464034,umag_gmag_rmag | umag_gmag_Hamag | umag_rmag_imag | umag_rmag_Hamag | umag_imag_Hamag | gmag_rmag_imag | gmag_rmag_Hamag,264.2351667,-32.4439722,0.0
8878,15.9,15.54,14.52,14.14,14.28,13.394,13.026,10.992,-0.12129870129869985,-0.5323976608187112,-0.28177570093457793,0.9177777777777798,1.1467289719626175,1.9353271028037367,0.8000000000000002,0.9089719626168219,1.5040186915887828,0.41925233644859683,-1.3602352941176457,Jmag_Hmag_Kmag,264.2377083,-32.5629167,0.0
8893,16.52,15.64,14.59,13.88,14.34,12.706,12.328,10.368,0.38454545454545325,-0.24187134502924046,0.21785046728971846,1.0663742690058489,1.6870093457943922,3.2160747663551374,0.6389473684210539,0.9343457943925241,2.1017757009345783,0.8389719626168213,-1.2873594771241819,Jmag_Hmag_Kmag,264.27675,-32.4676389,0.0
8908,18.6,15.82,13.67,12.5,13.21,10.497,9.607,9.329,1.7654978354978366,0.6637426900584806,1.4506074766355157,3.5068421052631598,4.482897196261685,6.989158878504675,1.472631578947369,1.9371962616822438,3.847523364485982,1.3690654205607478,0.6537908496732043,umag_rmag_imag | umag_rmag_Hamag,264.3190417,-32.5528056,0.0
8916,16.67,15.93,14.99,14.33,14.79,13.345,12.995,11.936,0.29645021645021874,-0.27988304093567007,0.15934579439252516,0.8771929824561419,1.4856074766355145,2.9160747663551403,0.5578947368421048,0.8474766355140178,1.9417757009345784,0.7889719626168223,-0.5498039215686252,Jmag_Hmag_Kmag,264.365,-32.4573333,0.0
8921,16.33,15.87,14.91,14.35,14.57,13.555,13.157,12.126,0.007012987012986582,-0.5088888888888894,-0.20214953271028058,0.7388304093567228,1.0895327102803722,2.255514018691588,0.6357894736842093,0.802710280373831,1.6834579439252337,0.6216822429906549,-0.4780130718954255,Jmag_Hmag_Kmag,266.672875,-31.4316667,0.0
8922,17.23,16.56,15.57,15.0,15.22,14.181,12.644,11.977,0.20285714285714534,-0.324385964912278,-0.012523364485978461,0.9666666666666667,1.31981308411215,2.50551401869159,0.6599999999999984,0.8280841121495314,1.7234579439252329,0.6316822429906547,0.9702679738562084,Jmag_Hmag_Kmag,266.6729583,-31.4900278,0.0
8930,16.97,16.5,15.28,14.62,14.94,13.529,11.429,10.775,-0.10567099567099703,-0.7283625730994168,-0.3245794392523377,0.8871929824561399,1.3595327102803736,2.750747663551402,0.8378947368421059,1.0627102803738326,2.1177570093457954,0.7497196261682245,1.5443137254901957,Jmag_Hmag_Kmag,266.7353333,-31.3950278,0.0
8931,15.71,15.3,14.43,13.86,14.09,13.001,12.523,10.693,-0.0005194805194808083,-0.5078947368421058,-0.20630841121495347,0.5866666666666677,0.9495327102803752,2.138037383177572,0.5400000000000009,0.7127102803738329,1.6108878504672912,0.6344859813084116,-1.0769019607843138,Jmag_Hmag_Kmag,266.7384583,-31.6281111,0.0
8938,15.69,15.48,14.51,13.97,14.2,13.016,12.272,12.527,-0.24770562770562887,-0.7525146198830416,-0.4419626168224313,0.523157894736843,0.878691588785046,2.0080373831775673,0.6573684210526327,0.8265887850467294,1.6808878504672884,0.60448598130841,0.9606666666666656,Jmag_Hmag_Kmag,266.7613333,-31.4631667,0.0
8946,15.9,15.67,14.76,14.18,14.46,13.382,13.012,11.134,-0.199393939393939,-0.7197660818713446,-0.3863084112149523,0.43450292397660883,0.8484112149532728,2.070654205607479,0.5742105263157896,0.7712149532710287,1.6980373831775712,0.6585046728971966,-1.2256862745098045,Jmag_Hmag_Kmag,266.8182917,-31.6086111,0.0
8989,16.13,15.59,14.77,14.19,14.6,13.134,13.234,12.201,0.15307359307359214,-0.3523976608187144,0.03574766355140102,0.6545029239766077,1.1947663551401864,2.4534579439252333,0.48421052631578976,0.7413551401869163,1.7046261682242996,0.6949532710280375,-0.9777124183006527,Jmag_Hmag_Kmag,279.1460417,-8.1769722,0.0
8994,14.09,14.17,13.52,13.04,13.32,12.36,11.219,12.0,-0.3867099567099569,-0.8002923976608192,-0.5129439252336447,-0.013859649122807127,0.375607476635515,1.4006542056074787,0.3721052631578949,0.5574766355140194,1.3380373831775718,0.558504672897197,1.8045947712418304,Jmag_Hmag_Kmag,279.168375,-8.1788056,0.0
9014,18.27,17.24,15.91,15.09,15.63,13.744,11.55,11.02,0.40242424242424446,-0.3404678362573077,0.20995327102803985,1.3625730994152039,2.08785046728972,3.8562616822429914,0.8552631578947351,1.200467289719625,2.5512149532710273,0.971401869158879,1.7436732026143773,Jmag_Hmag_Kmag,279.8808333,-8.4228333,0.0
9027,19.59,17.14,14.97,13.89,14.51,11.951,11.127,10.861,1.4260606060606056,0.3783625730994147,1.1104205607476627,3.3063157894736834,4.1728971962616805,6.4764485981308395,1.5447368421052632,1.9571962616822427,3.710654205607476,1.2538317757009345,0.5979869281045751,umag_rmag_imag,279.890375,-8.5675278,0.0
9053,17.48,16.75,15.72,15.11,15.5,13.892,13.227,13.485,0.24398268398268474,-0.3153801169590642,0.09331775700934641,1.0180116959064311,1.5461682242990646,2.8584112149532728,0.6768421052631566,0.9282242990654197,1.9297663551401878,0.7193457943925248,0.8842156862745082,Jmag_Hmag_Kmag,279.900875,-8.5618611,0.0
9066,18.7,17.7,16.23,15.43,15.86,13.932,13.593,12.749,0.30636363636363695,-0.446959064327485,0.06280373831775732,1.4969005847953198,2.110373831775699,3.8085046728971954,1.0068421052631564,1.2988317757009331,2.5894859813084103,0.920560747663552,-0.37812418300653494,Jmag_Hmag_Kmag,279.9081667,-8.3555556,0.0
9068,20.13,17.26,14.78,13.5,14.32,11.329,10.407,10.079,1.6997835497835463,0.4732748538011662,1.3725233644859784,3.7930409356725154,4.902897196261683,7.656915887850467,1.7389473684210555,2.267196261682246,4.3692523364486,1.5099065420560742,0.6433071895424848,umag_rmag_imag | umag_rmag_Hamag | umag_imag_Hamag,279.9084167,-8.536,0.0
9070,19.98,17.47,15.25,14.15,14.79,12.161,11.322,11.063,1.4624675324675347,0.3937426900584824,1.1449532710280395,3.3919883040935686,4.282897196261682,6.631495327102802,1.5831578947368414,2.0071962616822416,3.7955140186915863,1.279439252336448,0.6189346405228775,umag_rmag_imag,279.909875,-8.4347778,0.0
9073,18.88,16.42,14.37,13.36,13.92,11.574,10.76,10.485,1.492683982683979,0.5094736842105225,1.1866355140186882,3.281461988304094,4.072616822429907,6.221308411214953,1.4652631578947395,1.8418224299065449,3.4760747663551426,1.1670093457943924,0.5803398692810455,umag_rmag_imag,279.9139167,-8.5643333,0.0
9080,17.87,17.35,16.19,15.51,15.87,14.402,13.936,12.742,-0.027359307359307805,-0.6528654970760246,-0.23383177570093594,0.8528654970760214,1.3689719626168202,2.8108411214953275,0.7663157894736836,1.0119626168224292,2.1074766355140198,0.7809345794392537,-0.5485098039215683,Jmag_Hmag_Kmag,279.9186667,-8.3679722,0.0
9084,18.39,17.11,15.68,14.85,15.38,13.465,10.607,10.125,0.6052380952380966,-0.16058479532163594,0.39883177570093664,1.7004093567251473,2.418411214953273,4.203738317757011,0.949473684210526,1.2912149532710282,2.6537850467289728,0.9785981308411219,2.4484575163398703,Jmag_Hmag_Kmag,279.92225,-8.3988333,0.0
9089,18.77,16.05,13.8,12.67,13.33,10.726,9.823,9.504,1.6583116883116873,0.5654970760233904,1.3345794392523354,3.59549707602339,4.513177570093457,6.926542056074766,1.5957894736842102,2.032570093457944,3.870373831775702,1.3150467289719634,0.6319542483660129,umag_rmag_imag | umag_rmag_Hamag,279.9271667,-8.5613333,0.0
9103,16.23,15.71,14.88,14.36,14.67,12.359,11.808,13.021,0.12835497835497794,-0.3405263157894749,-0.009719626168225082,0.7174853801169572,1.1458878504672887,2.258224299065422,0.5289473684210519,0.7328504672897194,1.58032710280374,0.6069158878504688,1.5816535947712427,Jmag_Hmag_Kmag,279.9375,-8.4047222,0.0
9134,20.08,17.0,14.5,13.27,14.03,11.232,10.133,9.818,1.9003463203463187,0.7023976608187117,1.5672429906542038,4.083859649122806,5.123177570093456,7.761775700934578,1.7878947368421052,2.282570093457944,4.2946728971962616,1.443084112149533,0.8313529411764713,umag_rmag_imag | umag_rmag_Hamag | umag_imag_Hamag,280.0000417,-8.4094167,0.0
9135,19.96,17.25,15.09,14.03,14.64,12.154,11.312,11.026,1.6907792207792216,0.65748538011696,1.3806074766355154,3.580643274853802,4.4326168224299085,6.693925233644863,1.546315789473684,1.9518224299065425,3.673224299065422,1.2310280373831783,0.5989934640522885,umag_rmag_imag | umag_rmag_Hamag,280.0013333,-8.40425,0.0
9137,19.18,16.75,14.65,13.61,14.21,11.726,10.922,10.667,1.439090909090909,0.42847953216374224,1.1362616822429912,3.2649707602339166,4.10233644859813,6.321401869158881,1.4978947368421045,1.896448598130841,3.585794392523366,1.208224299065422,0.587333333333333,umag_rmag_imag,280.0162083,-8.3508889,0.0
9146,20.3,17.43,14.87,13.54,14.44,11.294,10.311,9.978,1.6620346320346329,0.3904093567251472,1.3470560747663562,3.812222222222224,5.012056074766357,7.887102803738319,1.7900000000000005,2.361074766355141,4.558691588785047,1.582336448598131,0.7000588235294122,umag_rmag_imag | umag_rmag_Hamag | umag_imag_Hamag,280.0395833,-8.4872778,0.0
9155,19.57,16.86,14.6,13.48,14.14,11.419,10.53,10.245,1.6435930735930746,0.5554970760233937,1.3245794392523382,3.6076608187134522,4.522897196261684,6.916542056074766,1.6115789473684214,2.0471962616822434,3.8703738317757,1.3050467289719618,0.6468431372549031,umag_rmag_imag | umag_rmag_Hamag,280.0552083,-8.3432778,0.0
9164,19.02,16.67,14.38,13.24,13.92,11.153,10.387,10.07,1.269437229437227,0.16362573099414934,0.949299065420558,3.253333333333332,4.19289719626168,6.631588785046728,1.6300000000000008,2.0771962616822437,3.935233644859814,1.3306542056074773,0.49665359477124177,umag_rmag_imag,280.061625,-8.5648611,0.0
9173,20.29,16.89,14.1,12.64,13.6,10.106,9.07,8.703,2.0835064935064915,0.6909356725146187,1.7242523364485967,4.414093567251463,5.704018691588785,8.852242990654203,1.9447368421052649,2.558691588785048,4.963271028037383,1.7291588785046716,0.7241699346405217,umag_gmag_rmag | umag_rmag_imag | umag_rmag_Hamag | umag_imag_Hamag,280.0740417,-8.5098889,0.0
9174,19.67,17.12,14.95,13.81,14.52,11.88,11.063,10.759,1.5260606060606061,0.44011695906432813,1.2257009345794396,3.3333333333333375,4.302056074766358,6.749158878504673,1.5100000000000025,1.971074766355142,3.837523364485981,1.3390654205607462,0.5586993464052288,umag_rmag_imag,280.074125,-8.5018889,0.0
9185,20.69,17.51,14.94,13.62,14.48,11.284,10.356,10.017,1.9673160173160162,0.7004093567251446,1.6366822429906536,4.144385964912282,5.302897196261685,8.147009345794396,1.8057894736842126,2.3571962616822457,4.528971962616826,1.5611214953271035,0.639960784313726,umag_rmag_imag | umag_rmag_Hamag | umag_imag_Hamag,280.0847083,-8.5266389,0.0
9186,20.14,16.66,14.01,12.48,13.43,9.984,8.943,8.58,2.2295670995670998,0.8155555555555565,1.8348130841121502,4.268947368421054,5.566261682242992,8.849719626168223,1.7642105263157903,2.381682242990655,4.885841121495326,1.7963551401869151,0.7325686274509812,umag_gmag_rmag | umag_gmag_Hamag | umag_rmag_imag | umag_rmag_Hamag | umag_imag_Hamag,280.0848333,-8.38975,0.0
9196,18.5,17.56,16.22,15.45,15.95,14.252,13.258,13.565,0.30770562770562915,-0.4049707602339163,0.1199532710280391,1.343391812865499,2.0175700934579455,3.676168224299066,0.8942105263157896,1.2150934579439254,2.4814953271028033,0.9101869158878501,1.2548496732026162,Jmag_Hmag_Kmag,280.1015833,-8.4234722,0.0
9230,17.57,16.9,15.74,15.06,15.46,14.277,13.064,12.819,0.12264069264069521,-0.5028654970760202,-0.06345794392523063,1.002865497076024,1.5578504672897204,3.0109345794392524,0.7663157894736827,1.030467289719625,2.1371962616822415,0.7921495327102802,1.004830065359477,Jmag_Hmag_Kmag,281.96725,-5.9316389,0.0
9256,18.53,17.54,16.18,15.37,15.86,14.166,12.873,12.576,0.3482683982684006,-0.3932163742690036,0.13429906542056302,1.3647368421052644,2.0389719626168237,3.773644859813086,0.8910526315789467,1.2119626168224293,2.5340654205607476,0.947383177570094,1.0406470588235315,Jmag_Hmag_Kmag,281.9805,-5.8746111,0.0
9260,20.42,16.94,14.25,12.54,13.67,10.398,9.341,8.945,2.2106926406926406,0.6753216374269,1.8144392523364488,4.090000000000002,5.606261682242993,9.29514018691589,1.700000000000001,2.4216822429906557,5.239579439252339,2.0268224299065434,0.7205294117647072,umag_gmag_rmag | umag_rmag_imag | umag_rmag_Hamag | umag_imag_Hamag | gmag_imag_Hamag | rmag_imag_Hamag,281.98175,-5.9305,0.0
9290,18.73,15.96,13.87,12.64,13.42,11.073,10.269,9.939,1.7838095238095226,0.6537426900584791,1.4762616822429901,3.3638596491228103,4.422616822429909,7.066822429906541,1.3778947368421077,1.881822429906544,3.899532710280374,1.4486915887850453,0.5236078431372552,umag_rmag_imag | umag_rmag_Hamag,281.999875,-5.8954444,0.0
9299,17.09,16.62,15.48,14.69,15.19,13.676,13.693,13.1,-0.06792207792207927,-0.7602339181286568,-0.2583644859813101,0.6490643274853787,1.328130841121494,3.0261682242990657,0.6826315789473685,1.0058411214953273,2.3014953271028054,0.9301869158878514,-0.5208562091503262,Jmag_Hmag_Kmag,282.0039583,-5.9030556,0.0
9320,17.077,15.9,15.51,15.25,15.38,14.986,15.09,14.769,0.9929740259740271,0.7626725146198843,0.9121401869158895,1.2507426900584817,1.440644859813087,1.9898037383177596,0.23947368421052703,0.32985981308411316,0.7465887850467299,0.2964485981308411,-0.37674509803921463,Jmag_Hmag_Kmag,91.96463,23.811016,1.0
9323,19.189,17.573,16.94,16.5,16.79,15.92,15.86,15.273,1.3173116883116884,0.9320409356725141,1.2171822429906534,1.7137953216374242,2.103205607476632,3.052177570093457,0.37826315789473525,0.5636074766355121,1.2884672897196259,0.5213084112149543,-0.43875816993463973,Jmag_Hmag_Kmag,91.039362,24.06486,1.0
9343,19.409,17.678,17.18,16.66,17.05,15.849,15.882,15.088,1.4960129870129846,1.0820994152046761,1.4111308411214933,1.596485380116959,2.1026448598130845,3.2374112149532706,0.19694736842105404,0.4378598130841137,1.307766355140188,0.6293457943925231,-0.7076405228758168,Jmag_Hmag_Kmag,87.657483,30.352914,1.0
9347,18.148,16.536,16.28,15.96,16.13,15.403,15.455,15.048,1.4912034632034614,1.244842105263156,1.4052056074766326,1.478760233918127,1.722205607476632,2.4008971962616785,0.07073684210526324,0.18660747663551328,0.7023084112149524,0.3676635514018689,-0.39781699346405186,Jmag_Hmag_Kmag,93.080492,25.214769,1.0
9350,19.384,17.843,17.32,16.87,17.16,16.123,15.593,16.596,1.2942164502164508,0.9207836257309953,1.1931168224299071,1.5166315789473694,1.9084859813084112,2.877177570093456,0.26247368421052647,0.4489813084112146,1.1884672897196245,0.5313084112149523,1.3822222222222234,Jmag_Hmag_Kmag,81.65984,28.252902,1.0
9372,22.918,19.636,18.94,17.72,18.46,15.065,14.027,13.628,2.9535844155844164,2.0606900584795325,2.6830093457943933,2.4940233918128607,3.5114579439252314,6.12472897196262,-0.010315789473687498,0.4739439252336427,2.4658130841121513,1.4274766355140216,0.6989803921568638,umag_gmag_rmag | umag_gmag_imag | umag_gmag_Hamag,87.994208,22.254083,1.0
9375,15.302,15.793,12.68,11.91,11.88,10.899,10.575,10.259,-1.9599047619047612,-2.966128654970759,-2.4840700934579423,1.6853918128654977,1.8444299065420573,3.354429906542056,2.6672105263157895,2.7429065420560748,3.8607102803738313,0.7615887850467288,0.05550326797385696,umag_gmag_imag | umag_gmag_Hamag | gmag_rmag_imag | gmag_rmag_Hamag,59.058908,52.434199,1.0
9416,15.352,15.684,13.26,12.97,12.94,12.639,12.618,12.535,-1.4757922077922063,-2.0619766081871322,-1.7296448598130827,1.7392514619883057,1.7809719626168228,2.344429906542054,2.256105263157895,2.2759626168224294,2.6917102803738295,0.2815887850467278,-0.04952287581699459,gmag_rmag_imag,81.096375,28.594889,1.0
9432,24.635,17.203,16.66,16.17,16.48,15.515,15.3,15.175,7.175779220779224,6.77353801169591,7.063742990654208,7.378976608187138,7.800046728971965,8.853224299065419,0.25931578947368444,0.45972897196261625,1.263327102803735,0.5769158878504654,0.10879084967320249,umag_gmag_rmag | umag_gmag_imag | umag_gmag_Hamag | umag_rmag_imag | umag_rmag_Hamag | umag_imag_Hamag,81.378157,29.639252,1.0
9458,17.738,15.079,13.41,12.72,13.01,11.528,10.906,10.716,1.8714632034632022,1.155309941520467,1.6051635514018678,3.488701754385965,3.939214953271027,5.381177570093456,1.2695263157894745,1.4839532710280379,2.5744672897196255,0.7713084112149525,0.46056209150326677,umag_rmag_imag,102.32302,10.024136,1.0
9468,15.404,13.059,12.65,12.36,12.49,11.856,11.682,11.679,2.152008658008659,1.8994385964912288,2.0551822429906554,2.4012514619883025,2.5984859813084107,3.2068037383177583,0.24110526315789316,0.3349813084112138,0.7955887850467294,0.32644859813084226,0.17145098039215625,umag_gmag_rmag | umag_gmag_imag | umag_gmag_Hamag,101.83274,11.305475,1.0
9470,16.281,17.619,14.11,13.81,13.99,13.361,13.261,13.173,-2.9937619047619055,-3.7659590643274856,-3.1864158878504676,1.8060877192982463,2.0543644859813086,2.6964205607476615,3.335315789473685,3.453485981308412,3.9427383177570086,0.35046728971962504,0.025228758169936763,umag_gmag_rmag | umag_gmag_imag | umag_gmag_Hamag | gmag_rmag_imag | gmag_rmag_Hamag,86.890806,31.555742,1.0
9483,22.134,19.056,17.4,16.22,17.1,14.41,13.826,13.496,2.296597402597401,1.2702573099415189,2.081719626168224,3.298678362573102,4.4424112149532755,7.016056074766359,0.9728421052631605,1.5172149532710317,3.4898317757009387,1.4267289719626173,0.30360784313725453,umag_gmag_rmag | umag_gmag_Hamag | umag_rmag_imag | umag_rmag_Hamag,88.796383,23.112903,1.0
9530,20.656,18.008,16.71,15.76,16.44,14.346,13.887,13.657,2.03552380952381,1.2150643274853805,1.8493457943925242,2.790444444444441,3.6835700934579423,5.747588785046729,0.7479999999999978,1.1730934579439238,2.7532336448598134,1.1406542056074782,0.26357516339869214,umag_gmag_rmag | umag_gmag_Hamag,87.863517,22.727035,1.0
9556,15.501,13.412,13.0,12.7,12.83,12.355,12.22,12.209,1.8945930735930718,1.6351520467836234,1.7925607476635497,2.1360877192982444,2.3357663551401866,2.963803738317758,0.23831578947368465,0.33335514018691675,0.808588785046731,0.33644859813084205,0.12565359477124077,umag_gmag_imag,87.273882,20.855764,1.0
9557,15.235,15.498,12.47,11.85,12.09,11.184,10.956,10.855,-1.691796536796536,-2.5883333333333325,-1.998850467289719,2.010847953216372,2.3956542056074746,3.6855607476635512,2.6690526315789453,2.852205607476634,3.8263177570093454,0.6872897196261692,0.14218300653594826,gmag_rmag_imag | gmag_rmag_Hamag,86.544665,21.27038,1.0
9559,15.793,13.233,12.86,12.41,12.53,11.969,11.787,11.713,2.3839956709956693,2.035397660818712,2.201929906542054,2.385631578947369,2.612252336448598,3.533280373831774,0.11247368421052789,0.22033644859813195,0.9121588785046727,0.4836448598130832,0.11912418300653319,umag_gmag_rmag | umag_gmag_imag | umag_gmag_Hamag,86.22867,21.283385,1.0
9562,15.501,13.277,12.72,12.36,12.52,11.562,11.437,11.304,1.961173160173161,1.639479532163743,1.8384252336448603,2.3431052631578924,2.586607476635512,3.341373831775701,0.348578947368419,0.46447663551401686,1.035878504672897,0.4048598130841134,0.01199346405228835,umag_gmag_imag | umag_gmag_Hamag,89.225968,22.095904,1.0
9601,19.782,17.182,15.94,15.03,15.66,13.652,13.2,13.008,2.013948051948054,1.2282573099415226,1.8247757009345817,2.735099415204679,3.569850467289721,5.540971962616824,0.7151578947368412,1.1124672897196257,2.6200841121495326,1.0866355140186919,0.28886274509803905,umag_gmag_rmag | umag_gmag_Hamag,83.815948,31.110145,1.0
9789,22.006,19.054,16.35,15.52,15.85,14.07,13.233,13.0,1.6760865800865834,0.6993333333333362,1.320056074766358,4.646409356725143,5.1700186915887825,6.899271028037384,2.2234736842105223,2.472691588785043,3.7791869158878493,0.9225233644859832,0.639026143790849,umag_rmag_imag | umag_rmag_Hamag | gmag_rmag_imag,89.114066,22.433938,1.0
9821,15.459,16.187,13.34,12.41,12.63,11.151,10.502,10.284,-2.0713896103896126,-3.135561403508774,-2.539742990654207,0.9877719298245617,1.4289065420560756,3.324514018691589,2.3085789473684226,2.518542056074768,3.940457943925235,0.9916822429906541,0.4637712418300646,umag_gmag_imag | umag_gmag_Hamag | gmag_rmag_imag,88.238891,23.166958,1.0
9851,16.413,16.006,13.35,12.73,13.12,11.809,11.506,11.353,-0.8462640692640695,-1.6812105263157888,-1.0629719626168226,2.308847953216376,2.8394485981308413,4.171411214953269,2.2970526315789486,2.549598130841122,3.5657663551401857,0.7293457943925222,0.17299999999999868,gmag_rmag_imag,85.253182,21.465586,1.0
9854,20.728,19.168,18.39,17.73,18.08,17.013,16.539,17.15,1.1928917748917778,0.6433801169590675,1.0058317757009365,1.5351929824561412,2.0366915887850454,3.436317757009344,0.3958947368421039,0.6345887850467267,1.6980467289719599,0.7581308411214949,0.9931503267973832,Jmag_Hmag_Kmag,81.575928,28.923403,1.0
9855,19.97,18.314,17.81,17.4,17.69,16.402,16.592,16.357,1.4181818181818164,1.073391812865495,1.338168224299065,1.6612865497076024,2.043364485981311,2.9331775700934615,0.2666315789473697,0.4484859813084138,1.1294672897196296,0.49130841121495417,-0.3896732026143763,Jmag_Hmag_Kmag,80.930562,28.377913,1.0
9861,18.279,17.35,14.72,14.0,14.4,13.034,12.731,12.558,-0.3119956709956728,-1.2063801169590662,-0.5735700934579457,2.683210526315788,3.2479719626168215,4.779934579439253,2.2131578947368427,2.4819626168224307,3.647196261682245,0.8321495327102811,0.15600653594771324,gmag_rmag_imag,56.661669,49.784373,1.0
9905,14.987,13.008,12.7,12.52,12.65,12.05,11.982,11.913,1.8336666666666677,1.6679356725146213,1.7966542056074783,2.0680526315789485,2.2384018691588805,2.6298037383177584,0.20378947368421052,0.284869158878505,0.5845887850467291,0.21644859813084105,0.009372549019610044,umag_gmag_imag,101.85665,11.689823,1.0
9929,24.651,14.845,14.63,13.68,14.19,12.102,11.286,11.082,9.704549783549783,9.063397660818712,9.472378504672896,8.865444444444442,9.593336448598128,11.609691588785047,-0.33500000000000063,0.011448598130840426,1.5439252336448606,1.0929906542056085,0.6426666666666684,umag_gmag_rmag | umag_gmag_imag | umag_gmag_Hamag | umag_rmag_imag | umag_rmag_Hamag | umag_imag_Hamag,88.095161,20.697878,1.0
9931,20.574,17.488,15.37,14.08,14.86,11.872,10.883,10.565,2.0865974025974046,0.91364912280702,1.7474392523364508,3.6348771929824597,4.708299065420563,7.470822429906542,1.371157894736843,1.882065420560748,3.987532710280373,1.5086915887850458,0.7188039215686286,umag_gmag_rmag | umag_rmag_imag | umag_rmag_Hamag | umag_imag_Hamag,88.337548,22.510868,1.0
9981,20.065,17.161,15.34,14.12,14.94,12.135,11.536,11.191,2.044740259740259,0.9655847953216363,1.7727429906542047,3.241023391812867,4.336214953271029,6.97191588785047,1.114684210526317,1.635953271028039,3.6502523364486006,1.4499065420560755,0.3058627450980404,umag_gmag_rmag,99.977706,9.559957,1.0
9982,15.988,15.547,13.16,12.78,13.0,12.167,11.973,11.908,-0.6853333333333345,-1.3227602339181301,-0.8563037383177581,2.3657777777777764,2.6724859813084105,3.4835140186915896,2.167,2.3129813084112154,2.9304579439252354,0.44168224299065517,0.13877124183006334,gmag_rmag_imag,99.998029,10.303898,1.0
9983,21.713,21.633,17.7,15.2,17.0,11.054,9.331,8.658,-1.7758311688311668,-4.020567251461986,-2.279799065420558,0.9720643274853824,3.3326261682243015,8.767205607476637,2.4856315789473684,3.6091682242990655,7.770383177570094,3.004672897196262,1.1511699346405235,umag_gmag_imag | umag_imag_Hamag | gmag_rmag_imag | gmag_rmag_Hamag | gmag_imag_Hamag | rmag_imag_Hamag | Jmag_Hmag_Kmag,100.28466,10.402258,1.0
9991,14.69,12.519,12.11,11.92,11.96,11.622,11.604,11.546,1.978008658008657,1.789181286549707,1.8862757009345792,2.3488888888888897,2.434205607476637,2.820093457943926,0.299000000000001,0.3396074766355154,0.6287196261682252,0.20121495327102779,-0.03128104575163315,umag_gmag_imag | umag_gmag_Hamag,102.04394,9.64488,1.0
9994,15.274,16.722,13.35,13.11,13.26,12.848,12.749,12.681,-3.039116883116886,-3.750385964912284,-3.2113551401869183,1.6320701754385958,1.8365233644859809,2.3518504672897196,3.233052631578949,3.33036448598131,3.7234485981308434,0.28205607476635547,0.041222222222221244,umag_gmag_rmag | umag_gmag_imag | umag_gmag_Hamag | gmag_rmag_imag | gmag_rmag_Hamag,102.05389,10.402571,1.0
9997,15.54,19.171,13.73,13.31,13.49,12.764,12.508,12.452,-6.198398268398268,-7.366959064327484,-6.524593457943924,1.2991228070175427,1.5767289719626154,2.455420560747662,5.197842105263157,5.329971962616821,5.994738317757008,0.47046728971962604,0.20841830065359573,umag_gmag_rmag | umag_gmag_imag | umag_gmag_Hamag | gmag_rmag_imag | gmag_rmag_Hamag | gmag_imag_Hamag,101.50655,11.412815,1.0
10007,20.946,15.032,13.62,13.16,13.36,12.638,12.272,12.247,5.247731601731603,4.720736842105265,5.0623738317757025,6.766467836257314,7.073289719626171,8.036467289719626,1.1456842105263172,1.2917196261682253,2.0205981308411207,0.516074766355139,0.34475816993463987,umag_gmag_rmag | umag_gmag_imag | umag_gmag_Hamag | umag_rmag_imag | umag_rmag_Hamag | umag_imag_Hamag,100.24671,10.324742,1.0
10008,20.547,17.832,15.51,14.01,14.92,11.629,10.59,10.223,1.6193376623376619,0.27875438596491176,1.2317850467289717,3.2124385964912294,4.463542056074767,7.6766261682243,1.4535789473684222,2.049056074766356,4.498121495327104,1.755140186915888,0.7271699346405234,umag_rmag_Hamag | umag_imag_Hamag,100.44711,10.074302,1.0
10017,16.061,16.273,13.45,13.0,13.23,12.29,12.074,11.989,-1.544064935064935,-2.2982982456140344,-1.7619392523364477,2.06363157894737,2.397168224299067,3.3490373831775706,2.562473684210527,2.7212242990654216,3.4438878504672896,0.5144859813084106,0.1437777777777779,gmag_rmag_imag | gmag_rmag_Hamag,101.11509,8.9171651,1.0
10021,15.069,15.314,12.96,12.61,12.78,12.203,12.064,11.987,-1.3557619047619034,-1.968602339181286,-1.5356822429906536,1.6832690058479516,1.9340467289719612,2.6718971962616833,2.15136842105263,2.2707289719626154,2.8303084112149537,0.3976635514018706,0.0735751633986922,gmag_rmag_imag,102.03289,9.883824,1.0
10031,15.991,16.2,13.71,13.29,13.56,12.502,12.275,12.168,-1.3839350649350637,-2.0639122807017536,-1.5536728971962603,1.7701228070175408,2.135205607476634,3.0391308411214975,2.2468421052631555,2.4206074766355123,3.110607476635515,0.4957009345794413,0.13608496732026082,gmag_rmag_imag,101.11593,11.348497,1.0
10038,16.391,16.532,13.75,13.28,13.59,12.563,12.398,12.281,-1.4537186147186163,-2.213912280701756,-1.6394953271028052,2.069304093567249,2.4854859813084094,3.49922429906542,2.5098947368421047,2.707981308411215,3.4823271028037395,0.5569158878504681,0.06558823529411935,gmag_rmag_imag | gmag_rmag_Hamag,100.49176,10.474559,1.0
10040,15.338,13.345,12.99,12.79,12.92,12.414,12.276,12.294,1.825489177489176,1.6392280701754363,1.7765280373831758,2.1047251461988283,2.2799626168224285,2.710803738317758,0.23921052631578932,0.32261682242990686,0.651588785046731,0.2364485981308424,0.1532941176470593,umag_gmag_imag,101.39703,10.819752,1.0
10041,15.411,17.19,13.81,13.55,13.71,13.161,13.036,12.941,-3.373891774891777,-4.099233918128657,-3.551523364485983,1.2847426900584789,1.5038037383177565,2.0613738317757,3.2294736842105274,3.3337383177570103,3.758878504672898,0.304859813084112,0.04428104575163497,umag_gmag_rmag | umag_gmag_imag | umag_gmag_Hamag | gmag_rmag_imag | gmag_rmag_Hamag,101.56268,11.526735,1.0
10048,15.079,16.217,13.45,13.13,13.21,12.58,12.449,12.425,-2.4436406926406904,-3.1057368421052596,-2.6696028037383144,1.239760233918132,1.3957289719626198,2.04918691588785,2.5817368421052636,2.655971962616823,3.146439252336447,0.34242990654205463,0.11060784313725587,umag_gmag_rmag | umag_gmag_imag | umag_gmag_Hamag | gmag_rmag_imag | gmag_rmag_Hamag,100.11633,11.141836,1.0
10050,15.411,17.19,13.81,13.55,13.71,13.161,13.036,12.941,-3.373891774891777,-4.099233918128657,-3.551523364485983,1.2847426900584789,1.5038037383177565,2.0613738317757,3.2294736842105274,3.3337383177570103,3.758878504672898,0.304859813084112,0.04428104575163497,umag_gmag_rmag | umag_gmag_imag | umag_gmag_Hamag | gmag_rmag_imag | gmag_rmag_Hamag,101.56268,11.526735,1.0
10055,14.927,15.311,12.58,12.1,12.15,11.577,11.331,11.266,-1.6726536796536797,-2.430777777777778,-1.994042056074766,1.7631403508771921,1.929056074766355,2.8896168224299075,2.4531052631578945,2.5320747663551404,3.2481495327102814,0.4940186915887857,0.19077124183006622,gmag_rmag_imag,100.92281,9.3166556,1.0
10056,20.301,17.008,15.16,14.02,14.65,12.094,11.242,10.988,2.421,1.3883684210526315,2.09196261682243,3.7543333333333315,4.645299065420559,7.0699719626168225,1.1879999999999988,1.6120654205607468,3.456084112149533,1.3166355140186923,0.6361830065359452,umag_gmag_rmag | umag_gmag_Hamag | umag_rmag_imag | umag_rmag_Hamag,101.08978,9.361561,1.0
10057,14.958,16.001,13.3,13.09,13.16,12.565,12.466,12.421,-2.3174978354978366,-2.8985497076023408,-2.4900514018691604,1.4025614035087703,1.5219252336448588,1.9556635514018699,2.579421052631579,2.6362336448598134,2.963009345794394,0.2296261682243,0.06076470588235321,umag_gmag_rmag | umag_gmag_Hamag | gmag_rmag_imag | gmag_rmag_Hamag,101.13727,9.523164,1.0
10058,15.533,15.328,12.77,12.32,12.52,11.571,11.381,11.261,-1.0020216450216448,-1.7123801169590633,-1.225242990654205,2.2156315789473693,2.5200093457943926,3.4634672897196244,2.2974736842105266,2.4423457943925233,3.15659813084112,0.5060747663551393,0.08803921568627318,gmag_rmag_imag,100.78068,9.4689255,1.0
10062,15.805,13.085,12.75,12.26,12.57,11.352,11.116,10.949,2.5619264069264056,2.1941228070175423,2.457686915887849,2.4589766081871343,2.8800467289719625,3.933224299065421,0.05131578947368498,0.25172897196261784,1.0553271028037396,0.5769158878504677,0.09410457516339951,umag_gmag_rmag | umag_gmag_imag | umag_gmag_Hamag,100.79899,8.9580187,1.0
10065,15.687,15.734,13.08,12.61,12.83,11.897,11.643,11.489,-1.2993203463203467,-2.0383216374269013,-1.5261401869158882,2.03530409356725,2.364009345794392,3.3525140186915894,2.3818947368421046,2.5383457943925234,3.2874579439252347,0.531682242990655,0.12315032679738527,gmag_rmag_imag,101.18257,9.0344823,1.0
10072,15.111,16.007,12.95,12.76,12.8,12.477,12.436,12.413,-2.3384805194805214,-2.965725146198832,-2.529471962616823,1.929888888888891,2.0152056074766382,2.401093457943927,2.9470000000000023,2.987607476635517,3.2767196261682265,0.20121495327102779,0.02145751633986992,umag_gmag_rmag | umag_gmag_imag | umag_gmag_Hamag | gmag_rmag_imag | gmag_rmag_Hamag,101.87362,10.672563,1.0
10075,16.656,12.398,13.93,13.49,13.71,12.687,12.464,12.359,4.980891774891774,4.954070175438596,4.92626168224299,2.1907953216374265,2.5121682242990655,3.441514018691588,-1.7867368421052627,-1.6337757009345788,-0.9285420560747664,0.5016822429906539,0.13378431372548882,umag_gmag_rmag | umag_gmag_imag | umag_gmag_Hamag | gmag_rmag_imag | gmag_rmag_Hamag | gmag_imag_Hamag,99.229276,9.4631647,1.0
10083,14.979,12.709,12.54,11.9,12.14,11.44,11.305,11.217,2.1902554112554107,1.7543216374269006,1.9801822429906544,1.660520467836259,2.0502149532710296,3.3795607476635503,-0.20152631578947244,-0.016046728971961438,0.9873177570093452,0.707289719626167,0.06022875816993513,umag_gmag_rmag | umag_gmag_imag | umag_gmag_Hamag,99.76137,10.612535,1.0
10086,15.428,16.366,13.65,13.34,13.5,12.88,12.744,12.628,-2.2195757575757558,-2.866853801169589,-2.3977850467289703,1.4009239766081871,1.6322056074766356,2.288373831775702,2.5365263157894726,2.646607476635513,3.144878504672897,0.3548598130841127,0.03743790849673334,umag_gmag_rmag | umag_gmag_Hamag | gmag_rmag_imag | gmag_rmag_Hamag,99.385306,10.518097,1.0
10108,22.486,19.478,17.42,16.06,16.92,13.833,12.939,12.614,2.03690909090909,0.8292748538011674,1.7050934579439248,3.4117309941520424,4.580018691588784,7.503009345794398,1.2706315789473668,1.8266915887850466,4.056971962616827,1.6011214953271067,0.6178562091503276,umag_gmag_rmag | umag_rmag_imag | umag_rmag_Hamag | umag_imag_Hamag,84.163343,28.934652,1.0
10186,15.761,16.439,13.61,13.19,13.4,12.401,12.092,11.811,-2.0128961038961046,-2.749000000000001,-2.2259018691588786,1.6401228070175438,1.9468878504672904,2.8339906542056084,2.5858421052631586,2.731850467289721,3.405028037383179,0.4788785046728974,0.07024183006535831,gmag_rmag_imag | gmag_rmag_Hamag,86.144283,21.864594,1.0
10237,15.448,16.933,13.44,13.11,13.29,12.672,12.498,12.451,-3.1332121212121207,-3.921883040935672,-3.3405467289719617,1.606596491228071,1.862205607476636,2.563420560747664,3.301947368421053,3.4236074766355142,3.9567383177570097,0.3804672897196262,0.13406535947712644,umag_gmag_rmag | umag_gmag_imag | umag_gmag_Hamag | gmag_rmag_imag | gmag_rmag_Hamag,101.84876,10.711448,1.0
10239,16.134,13.73,13.14,12.84,12.99,12.318,12.15,12.065,2.1256017316017317,1.8366900584795318,2.0270841121495327,2.6290877192982447,2.848205607476635,3.4818504672897204,0.4163157894736837,0.5206074766355138,1.0014485981308419,0.34205607476635597,0.09577777777777632,umag_gmag_rmag | umag_gmag_imag | umag_gmag_Hamag,101.42833,10.905297,1.0
10242,20.078,17.375,16.47,15.75,16.24,14.657,14.408,14.186,2.275965367965367,1.667181286549707,2.1248925233644846,2.7322105263157916,3.384448598130841,4.941644859813081,0.48815789473684396,0.7985981308411225,1.9890654205607465,0.8573831775700919,0.06037254901960881,umag_gmag_rmag | umag_gmag_imag | umag_gmag_Hamag,84.322233,28.815442,1.0
10279,14.643,15.53,12.91,12.67,12.55,12.461,12.419,12.437,-2.1232770562770544,-2.7100409356725126,-2.4048504672897173,1.4410701754385968,1.3830934579439265,1.8227196261682261,2.4810526315789465,2.4534579439252333,2.770841121495327,0.2063551401869163,0.057294117647057705,umag_gmag_rmag | umag_gmag_Hamag | gmag_rmag_imag,102.32287,10.022122,1.0
10280,20.557,18.68,17.8,17.14,17.53,15.875,15.881,15.187,1.4617619047619042,0.8953625730994148,1.291252336448598,1.9541929824561382,2.4945700934579422,3.90541121495327,0.4978947368421042,0.7550934579439245,1.8297663551401864,0.7693457943925237,-0.59567320261438,Jmag_Hmag_Kmag,88.78076,22.613237,1.0
10291,19.146,17.469,16.96,16.46,16.84,15.742,15.951,15.416,1.4368225108225103,1.0338362573099409,1.3566214953271019,1.577812865497076,2.0693644859813074,3.1618878504672883,0.21952631578947407,0.4534859813084111,1.2913364485981305,0.6065420560747661,-0.6635751633986925,Jmag_Hmag_Kmag,86.902705,31.252161,1.0
10297,19.226,17.633,17.13,16.68,16.98,15.914,15.867,15.229,1.3556536796536796,0.9855321637426905,1.260397196261683,1.5486315789473695,1.950205607476637,2.9217009345794396,0.2424736842105269,0.4336074766355148,1.1758971962616822,0.5341121495327098,-0.49509150326797635,Jmag_Hmag_Kmag,88.205562,22.13828,1.0
10303,19.103,17.698,17.17,16.7,17.04,15.992,15.93,15.377,1.1558571428571447,0.7688479532163748,1.0698504672897202,1.3613040935672485,1.8066448598130815,2.8287943925233665,0.2558947368421026,0.4678598130841097,1.2506168224299075,0.5653271028037408,-0.4078692810457496,Jmag_Hmag_Kmag,82.298923,29.683627,1.0
